task,case,algorithm,seed,epoch,global_step,reward_mean,rolling_30
sz_air_ppo,SZ Air,PPO,42,1,2688,-15408.629797750002,-15408.629797750002
sz_air_ppo,SZ Air,PPO,42,2,5376,-13197.766479499998,-14303.198138625
sz_air_ppo,SZ Air,PPO,42,3,8064,-12030.09841625,-13545.498231166668
sz_air_ppo,SZ Air,PPO,42,4,10752,-10946.832653,-12895.831836625
sz_air_ppo,SZ Air,PPO,42,5,13440,-9581.627630250001,-12232.99099535
sz_air_ppo,SZ Air,PPO,42,6,16128,-9662.565317749999,-11804.586715749998
sz_air_ppo,SZ Air,PPO,42,7,18816,-9154.76208375,-11426.04033975
sz_air_ppo,SZ Air,PPO,42,8,21504,-9051.73731925,-11129.252462187502
sz_air_ppo,SZ Air,PPO,42,9,24192,-8416.914608500001,-10827.881589555556
sz_air_ppo,SZ Air,PPO,42,10,26880,-8047.8473917500005,-10549.878169775
sz_air_ppo,SZ Air,PPO,42,11,29568,-7847.700163750001,-10304.225623772729
sz_air_ppo,SZ Air,PPO,42,12,32256,-7519.3685347499995,-10072.1541996875
sz_air_ppo,SZ Air,PPO,42,13,34944,-7310.342049749999,-9859.707111230771
sz_air_ppo,SZ Air,PPO,42,14,37632,-7434.97437325,-9686.511915660714
sz_air_ppo,SZ Air,PPO,42,15,40320,-7880.21318475,-9566.092000266666
sz_air_ppo,SZ Air,PPO,42,16,43008,-7392.03885225,-9430.213678515625
sz_air_ppo,SZ Air,PPO,42,17,45696,-6778.522091499999,-9274.231820455883
sz_air_ppo,SZ Air,PPO,42,18,48384,-7390.98234975,-9169.606849861111
sz_air_ppo,SZ Air,PPO,42,19,51072,-7361.35187175,-9074.435535223683
sz_air_ppo,SZ Air,PPO,42,20,53760,-7109.86858525,-8976.207187725
sz_air_ppo,SZ Air,PPO,42,21,56448,-6746.93634675,-8870.051433392857
sz_air_ppo,SZ Air,PPO,42,22,59136,-6864.48205275,-8778.889188818182
sz_air_ppo,SZ Air,PPO,42,23,61824,-6564.169489000001,-8682.597027956523
sz_air_ppo,SZ Air,PPO,42,24,64512,-7005.53404125,-8612.719403510417
sz_air_ppo,SZ Air,PPO,42,25,67200,-6507.33361475,-8528.503971959999
sz_air_ppo,SZ Air,PPO,42,26,69888,-6766.8169370000005,-8460.746778307692
sz_air_ppo,SZ Air,PPO,42,27,72576,-6530.0451,-8389.23930874074
sz_air_ppo,SZ Air,PPO,42,28,75264,-6629.778264250001,-8326.401414294642
sz_air_ppo,SZ Air,PPO,42,29,77952,-6170.7074944999995,-8252.067141198275
sz_air_ppo,SZ Air,PPO,42,30,80640,-6281.4765502499995,-8186.380788166666
sz_air_ppo,SZ Air,PPO,42,31,83328,-6426.343234249999,-7886.971236049999
sz_air_ppo,SZ Air,PPO,42,32,86016,-6013.4023072499995,-7647.4924303083335
sz_air_ppo,SZ Air,PPO,42,33,88704,-5923.975443249999,-7443.954997875
sz_air_ppo,SZ Air,PPO,42,34,91392,-5954.89897225,-7277.557208516668
sz_air_ppo,SZ Air,PPO,42,35,94080,-5928.604401500001,-7155.789767558334
sz_air_ppo,SZ Air,PPO,42,36,96768,-6109.90673375,-7037.367814758332
sz_air_ppo,SZ Air,PPO,42,37,99456,-5806.8842775,-6925.771887883334
sz_air_ppo,SZ Air,PPO,42,38,102144,-5607.546451,-6810.965525608332
sz_air_ppo,SZ Air,PPO,42,39,104832,-5568.82991475,-6716.02936915
sz_air_ppo,SZ Air,PPO,42,40,107520,-5322.58578275,-6625.187315516667
sz_air_ppo,SZ Air,PPO,42,41,110208,-5131.78230775,-6534.656720316667
sz_air_ppo,SZ Air,PPO,42,42,112896,-5342.64004425,-6462.099103966667
sz_air_ppo,SZ Air,PPO,42,43,115584,-5542.2779255,-6403.163633158334
sz_air_ppo,SZ Air,PPO,42,44,118272,-5072.9563995,-6324.4297007
sz_air_ppo,SZ Air,PPO,42,45,120960,-5154.92860975,-6233.586881533333
sz_air_ppo,SZ Air,PPO,42,46,123648,-5031.81160025,-6154.9126398
sz_air_ppo,SZ Air,PPO,42,47,126336,-4860.48568925,-6090.978093058333
sz_air_ppo,SZ Air,PPO,42,48,129024,-4673.32098025,-6000.389380741666
sz_air_ppo,SZ Air,PPO,42,49,131712,-4559.52472075,-5906.995142374999
sz_air_ppo,SZ Air,PPO,42,50,134400,-4161.340427499999,-5808.710870449999
sz_air_ppo,SZ Air,PPO,42,51,137088,-4252.35007025,-5725.557994566665
sz_air_ppo,SZ Air,PPO,42,52,139776,-4299.0871605,-5640.044831491666
sz_air_ppo,SZ Air,PPO,42,53,142464,-3892.0929152500003,-5550.975612366665
sz_air_ppo,SZ Air,PPO,42,54,145152,-3722.6383612500003,-5441.545756366665
sz_air_ppo,SZ Air,PPO,42,55,147840,-3726.69954825,-5348.8579541499985
sz_air_ppo,SZ Air,PPO,42,56,150528,-3715.3875535,-5247.143641366666
sz_air_ppo,SZ Air,PPO,42,57,153216,-3619.3550459999997,-5150.120639566667
sz_air_ppo,SZ Air,PPO,42,58,155904,-3282.9468830000005,-5038.559593525
sz_air_ppo,SZ Air,PPO,42,59,158592,-3179.9507110000004,-4938.867700741667
sz_air_ppo,SZ Air,PPO,42,60,161280,-3119.3234199999997,-4833.462596400001
sz_air_ppo,SZ Air,PPO,42,61,163968,-3002.59944775,-4719.337803516666
sz_air_ppo,SZ Air,PPO,42,62,166656,-2925.28288225,-4616.400489349999
sz_air_ppo,SZ Air,PPO,42,63,169344,-2468.5504202499997,-4501.219655249999
sz_air_ppo,SZ Air,PPO,42,64,172032,-2437.7833219999998,-4383.982466908334
sz_air_ppo,SZ Air,PPO,42,65,174720,-2440.26298725,-4267.704419766666
sz_air_ppo,SZ Air,PPO,42,66,177408,-2218.56695525,-4137.993093816667
sz_air_ppo,SZ Air,PPO,42,67,180096,-2299.0153575000004,-4021.064129816667
sz_air_ppo,SZ Air,PPO,42,68,182784,-2268.19097075,-3909.752280475
sz_air_ppo,SZ Air,PPO,42,69,185472,-1794.744448,-3783.9494315833335
sz_air_ppo,SZ Air,PPO,42,70,188160,-1900.65956525,-3669.885224333333
sz_air_ppo,SZ Air,PPO,42,71,190848,-1726.4582369999998,-3556.374421975
sz_air_ppo,SZ Air,PPO,42,72,193536,-1629.92166575,-3432.617142691666
sz_air_ppo,SZ Air,PPO,42,73,196224,-1471.345482,-3296.9193945750003
sz_air_ppo,SZ Air,PPO,42,74,198912,-1407.5323225,-3174.738592008333
sz_air_ppo,SZ Air,PPO,42,75,201600,-1197.12164375,-3042.811693141667
sz_air_ppo,SZ Air,PPO,42,76,204288,-1222.8874002500002,-2915.8475531416666
sz_air_ppo,SZ Air,PPO,42,77,206976,-1067.56349825,-2789.416813441667
sz_air_ppo,SZ Air,PPO,42,78,209664,-1264.54234,-2675.790858766667
sz_air_ppo,SZ Air,PPO,42,79,212352,-1077.25874375,-2559.7153262
sz_air_ppo,SZ Air,PPO,42,80,215040,-1037.85565425,-2455.599167091667
sz_air_ppo,SZ Air,PPO,42,81,217728,-1037.29487975,-2348.430660741667
sz_air_ppo,SZ Air,PPO,42,82,220416,-908.81105475,-2235.4214572166666
sz_air_ppo,SZ Air,PPO,42,83,223104,-859.7804444999999,-2134.3443748583336
sz_air_ppo,SZ Air,PPO,42,84,225792,-847.84194925,-2038.5178277916668
sz_air_ppo,SZ Air,PPO,42,85,228480,-815.9087485,-1941.4914678000002
sz_air_ppo,SZ Air,PPO,42,86,231168,-794.8295382499999,-1844.1395339583332
sz_air_ppo,SZ Air,PPO,42,87,233856,-808.1250015,-1750.4318658083332
sz_air_ppo,SZ Air,PPO,42,88,236544,-773.5898687499999,-1666.7866319999998
sz_air_ppo,SZ Air,PPO,42,89,239232,-722.40756225,-1584.8685270416668
sz_air_ppo,SZ Air,PPO,42,90,241920,-724.667398,-1505.0466596416666
sz_air_ppo,SZ Air,PPO,42,91,244608,-710.5824634999999,-1428.6460935
sz_air_ppo,SZ Air,PPO,42,92,247296,-689.24246025,-1354.1114127666667
sz_air_ppo,SZ Air,PPO,42,93,249984,-709.66931375,-1295.4820425500002
sz_air_ppo,SZ Air,PPO,42,94,252672,-691.485551,-1237.27211685
sz_air_ppo,SZ Air,PPO,42,95,255360,-697.76902525,-1179.1889847833334
sz_air_ppo,SZ Air,PPO,42,96,258048,-692.18695225,-1128.30965135
sz_air_ppo,SZ Air,PPO,42,97,260736,-668.96072,-1073.9744967666668
sz_air_ppo,SZ Air,PPO,42,98,263424,-678.6743147499999,-1020.9906082333332
sz_air_ppo,SZ Air,PPO,42,99,266112,-677.2957105,-983.7423169833332
sz_air_ppo,SZ Air,PPO,42,100,268800,-724.97271325,-944.5527552499999
sz_air_ppo,SZ Air,PPO,42,101,271488,-682.7017792500001,-909.7608733249999
sz_air_ppo,SZ Air,PPO,42,102,274176,-687.53873025,-878.3481088083332
sz_air_ppo,SZ Air,PPO,42,103,276864,-682.9644169999999,-852.068739975
sz_air_ppo,SZ Air,PPO,42,104,279552,-678.9577725,-827.7829216416666
sz_air_ppo,SZ Air,PPO,42,105,282240,-669.5644185000001,-810.1976808
sz_air_ppo,SZ Air,PPO,42,106,284928,-661.56993425,-791.4870986
sz_air_ppo,SZ Air,PPO,42,107,287616,-672.43544275,-778.3161634166667
sz_air_ppo,SZ Air,PPO,42,108,290304,-656.7370990000001,-758.0559887166668
sz_air_ppo,SZ Air,PPO,42,109,292992,-654.193925,-743.9538280916669
sz_air_ppo,SZ Air,PPO,42,110,295680,-646.5752472499998,-730.9111478583334
sz_air_ppo,SZ Air,PPO,42,111,298368,-657.27252425,-718.2437360083334
sz_air_ppo,SZ Air,PPO,42,112,301056,-639.441303,-709.2647442833332
sz_air_ppo,SZ Air,PPO,42,113,303744,-646.85018575,-702.1670689916666
sz_air_ppo,SZ Air,PPO,42,114,306432,-643.441065,-695.3537061833333
sz_air_ppo,SZ Air,PPO,42,115,309120,-652.5202180000001,-689.9074218333333
sz_air_ppo,SZ Air,PPO,42,116,311808,-651.58343825,-685.1325518333334
sz_air_ppo,SZ Air,PPO,42,117,314496,-653.746061,-679.9865871500001
sz_air_ppo,SZ Air,PPO,42,118,317184,-637.71654775,-675.4574764500001
sz_air_ppo,SZ Air,PPO,42,119,319872,-637.7815515,-672.6366094250001
sz_air_ppo,SZ Air,PPO,42,120,322560,-632.776618,-669.573583425
sz_air_ppo,SZ Air,PPO,42,121,325248,-630.3456160000001,-666.8990218416667
sz_air_ppo,SZ Air,PPO,42,122,327936,-626.7165584999999,-664.8148251166666
sz_air_ppo,SZ Air,PPO,42,123,330624,-626.4857917500001,-662.04204105
sz_air_ppo,SZ Air,PPO,42,124,333312,-638.84895525,-660.2874878583333
sz_air_ppo,SZ Air,PPO,42,125,336000,-636.6405597500001,-658.2498723416667
sz_air_ppo,SZ Air,PPO,42,126,338688,-627.874286,-656.1061168
sz_air_ppo,SZ Air,PPO,42,127,341376,-622.07315475,-654.5431979583334
sz_air_ppo,SZ Air,PPO,42,128,344064,-628.56707525,-652.8729566416666
sz_air_ppo,SZ Air,PPO,42,129,346752,-655.9205420000001,-652.160451025
sz_air_ppo,SZ Air,PPO,42,130,349440,-622.04290125,-648.7294572916667
sz_air_ppo,SZ Air,PPO,42,131,352128,-646.85723725,-647.534639225
sz_air_ppo,SZ Air,PPO,42,132,354816,-616.58094125,-645.1693795916666
sz_air_ppo,SZ Air,PPO,42,133,357504,-621.7116325,-643.1276201083332
sz_air_ppo,SZ Air,PPO,42,134,360192,-622.1581542499999,-641.2342994999998
sz_air_ppo,SZ Air,PPO,42,135,362880,-622.7700375,-639.6744867999998
sz_air_ppo,SZ Air,PPO,42,136,365568,-627.536968,-638.5400545916666
sz_air_ppo,SZ Air,PPO,42,137,368256,-630.38156325,-637.1382586083332
sz_air_ppo,SZ Air,PPO,42,138,370944,-611.32116225,-635.62439405
sz_air_ppo,SZ Air,PPO,42,139,373632,-624.594921,-634.6377605833333
sz_air_ppo,SZ Air,PPO,42,140,376320,-611.7152760000001,-633.4757615416667
sz_air_ppo,SZ Air,PPO,42,141,379008,-619.2051200000001,-632.2068480666665
sz_air_ppo,SZ Air,PPO,42,142,381696,-619.0479625,-631.5270700499999
sz_air_ppo,SZ Air,PPO,42,143,384384,-615.4641555000001,-630.4808690416667
sz_air_ppo,SZ Air,PPO,42,144,387072,-615.7416342500001,-629.5575546833334
sz_air_ppo,SZ Air,PPO,42,145,389760,-620.7640690000001,-628.4990163833335
sz_air_ppo,SZ Air,PPO,42,146,392448,-616.1523635,-627.3179805583334
sz_air_ppo,SZ Air,PPO,42,147,395136,-612.3917825,-625.9395046083333
sz_air_ppo,SZ Air,PPO,42,148,397824,-604.713983,-624.8394191166667
sz_air_ppo,SZ Air,PPO,42,149,400512,-606.162059,-623.7854360333333
sz_air_ppo,SZ Air,PPO,42,150,403200,-610.39243125,-623.039296475
sz_air_ppo,SZ Air,PPO,42,151,405888,-603.2212225000001,-622.135150025
sz_air_ppo,SZ Air,PPO,42,152,408576,-605.8357655,-621.4391235916665
sz_air_ppo,SZ Air,PPO,42,153,411264,-601.5497140000001,-620.607921
sz_air_ppo,SZ Air,PPO,42,154,413952,-597.9398405,-619.2442838416666
sz_air_ppo,SZ Air,PPO,42,155,416640,-599.6387490000001,-618.0108901500001
sz_air_ppo,SZ Air,PPO,42,156,419328,-604.1442305,-617.2198883
sz_air_ppo,SZ Air,PPO,42,157,422016,-600.2761670000001,-616.4933220416667
sz_air_ppo,SZ Air,PPO,42,158,424704,-601.100502,-615.5777696000001
sz_air_ppo,SZ Air,PPO,42,159,427392,-603.08269,-613.8165078666666
sz_air_ppo,SZ Air,PPO,42,160,430080,-596.9355015000001,-612.9795945416666
sz_air_ppo,SZ Air,PPO,42,161,432768,-594.976279,-611.2502292666667
sz_air_ppo,SZ Air,PPO,42,162,435456,-595.1790374999999,-610.5368324749999
sz_air_ppo,SZ Air,PPO,42,163,438144,-602.611776,-609.9001705916667
sz_air_ppo,SZ Air,PPO,42,164,440832,-594.8112225,-608.9886062
sz_air_ppo,SZ Air,PPO,42,165,443520,-591.8447054999999,-607.9577618000001
sz_air_ppo,SZ Air,PPO,42,166,446208,-597.97809575,-606.9724660583335
sz_air_ppo,SZ Air,PPO,42,167,448896,-596.39091475,-605.8394444416667
sz_air_ppo,SZ Air,PPO,42,168,451584,-590.5538795,-605.1472016833334
sz_air_ppo,SZ Air,PPO,42,169,454272,-595.6071830000001,-604.1809437500001
sz_air_ppo,SZ Air,PPO,42,170,456960,-589.345935,-603.43529905
sz_air_ppo,SZ Air,PPO,42,171,459648,-592.2712807500001,-602.5375044083333
sz_air_ppo,SZ Air,PPO,42,172,462336,-585.7622307500001,-601.4279800166665
sz_air_ppo,SZ Air,PPO,42,173,465024,-588.9846615,-600.5453302166666
sz_air_ppo,SZ Air,PPO,42,174,467712,-595.4516235,-599.868996525
sz_air_ppo,SZ Air,PPO,42,175,470400,-587.9785469999999,-598.7761457916665
sz_air_ppo,SZ Air,PPO,42,176,473088,-593.06154425,-598.0064518166666
sz_air_ppo,SZ Air,PPO,42,177,475776,-587.7362445,-597.1846005499999
sz_air_ppo,SZ Air,PPO,42,178,478464,-598.01425,-596.9612761166667
sz_air_ppo,SZ Air,PPO,42,179,481152,-592.6671845,-596.5114469666667
sz_air_ppo,SZ Air,PPO,42,180,483840,-588.99817975,-595.79830525
sz_air_ppo,SZ Air,PPO,42,181,486528,-596.59696,-595.5774965
sz_air_ppo,SZ Air,PPO,42,182,489216,-583.9457775,-594.8478302333333
sz_air_ppo,SZ Air,PPO,42,183,491904,-593.57562225,-594.582027175
sz_air_ppo,SZ Air,PPO,42,184,494592,-592.49405225,-594.4005009
sz_air_ppo,SZ Air,PPO,42,185,497280,-592.220741,-594.1532339666667
sz_air_ppo,SZ Air,PPO,42,186,499968,-583.9276267500001,-593.479347175
sz_air_ppo,SZ Air,PPO,42,187,502656,-589.01986175,-593.1041369999999
sz_air_ppo,SZ Air,PPO,42,188,505344,-581.5085697500001,-592.4510725916666
sz_air_ppo,SZ Air,PPO,42,189,508032,-584.002057,-591.8150514916667
sz_air_ppo,SZ Air,PPO,42,190,510720,-586.2612614999999,-591.4592434916667
sz_air_ppo,SZ Air,PPO,42,191,513408,-581.98271425,-591.0261246666668
sz_air_ppo,SZ Air,PPO,42,192,516096,-582.74076625,-590.611515625
sz_air_ppo,SZ Air,PPO,42,193,518784,-580.90651375,-589.8880068833333
sz_air_ppo,SZ Air,PPO,42,194,521472,-584.5625085,-589.5463830833334
sz_air_ppo,SZ Air,PPO,42,195,524160,-580.3801492499999,-589.1642312083333
sz_air_ppo,SZ Air,PPO,42,196,526848,-582.5260915,-588.6491643999999
sz_air_ppo,SZ Air,PPO,42,197,529536,-580.6092092499999,-588.12310755
sz_air_ppo,SZ Air,PPO,42,198,532224,-578.509742,-587.7216363
sz_air_ppo,SZ Air,PPO,42,199,534912,-580.70599975,-587.2249301916665
sz_air_ppo,SZ Air,PPO,42,200,537600,-581.553905,-586.9651958583333
sz_air_ppo,SZ Air,PPO,42,201,540288,-582.5327219999999,-586.6405772333333
sz_air_ppo,SZ Air,PPO,42,202,542976,-581.6667405000001,-586.5040608916667
sz_air_ppo,SZ Air,PPO,42,203,545664,-578.3796434999999,-586.1505602916666
sz_air_ppo,SZ Air,PPO,42,204,548352,-579.701026,-585.625540375
sz_air_ppo,SZ Air,PPO,42,205,551040,-581.3478447499999,-585.4045169666666
sz_air_ppo,SZ Air,PPO,42,206,553728,-578.36348625,-584.9145817
sz_air_ppo,SZ Air,PPO,42,207,556416,-578.88222675,-584.619447775
sz_air_ppo,SZ Air,PPO,42,208,559104,-580.02416175,-584.0197781666667
sz_air_ppo,SZ Air,PPO,42,209,561792,-580.40456075,-583.6110240416668
sz_air_ppo,SZ Air,PPO,42,210,564480,-587.09567925,-583.5476073583334
sz_air_ppo,SZ Air,PPO,42,211,567168,-581.7291565,-583.0520139083333
sz_air_ppo,SZ Air,PPO,42,212,569856,-582.0921735,-582.9902271083333
sz_air_ppo,SZ Air,PPO,42,213,572544,-583.1488175,-582.64266695
sz_air_ppo,SZ Air,PPO,42,214,575232,-582.78351975,-582.3189825333333
sz_air_ppo,SZ Air,PPO,42,215,577920,-582.931055,-582.0093263333333
sz_air_ppo,SZ Air,PPO,42,216,580608,-579.91273575,-581.8754966333333
sz_air_ppo,SZ Air,PPO,42,217,583296,-579.01211125,-581.5419049499999
sz_air_ppo,SZ Air,PPO,42,218,585984,-579.05435625,-581.4600978333332
sz_air_ppo,SZ Air,PPO,42,219,588672,-579.07471375,-581.2958530583334
sz_air_ppo,SZ Air,PPO,42,220,591360,-578.5355345,-581.038328825
sz_air_ppo,SZ Air,PPO,42,221,594048,-577.94491225,-580.903735425
sz_air_ppo,SZ Air,PPO,42,222,596736,-579.92501325,-580.8098769916667
sz_air_ppo,SZ Air,PPO,42,223,599424,-578.5653325,-580.7318376166666
sz_air_ppo,SZ Air,PPO,42,224,602112,-577.2348415,-580.4875820500001
sz_air_ppo,SZ Air,PPO,42,225,604800,-578.4792245000001,-580.4242178916667
sz_air_ppo,SZ Air,PPO,42,226,607488,-582.92318675,-580.4374544
sz_air_ppo,SZ Air,PPO,42,227,610176,-577.84708325,-580.3453835333332
sz_air_ppo,SZ Air,PPO,42,228,612864,-576.5906634999999,-580.2814142499999
sz_air_ppo,SZ Air,PPO,42,229,615552,-576.6360515,-580.1457493083334
sz_air_ppo,SZ Air,PPO,42,230,618240,-578.643913,-580.048749575
sz_air_ppo,SZ Air,PPO,42,231,620928,-580.06537,-579.9665045083333
sz_air_ppo,SZ Air,PPO,42,232,623616,-576.6847075,-579.8004367416667
sz_air_ppo,SZ Air,PPO,42,233,626304,-576.75544225,-579.7462966999999
sz_air_ppo,SZ Air,PPO,42,234,628992,-576.654822,-579.6447565666666
sz_air_ppo,SZ Air,PPO,42,235,631680,-577.6553220000001,-579.5216724750001
sz_air_ppo,SZ Air,PPO,42,236,634368,-575.45757725,-579.4248088416666
sz_air_ppo,SZ Air,PPO,42,237,637056,-577.78613,-579.3882722833333
sz_air_ppo,SZ Air,PPO,42,238,639744,-580.51988425,-579.4047963666666
sz_air_ppo,SZ Air,PPO,42,239,642432,-575.93327325,-579.25575345
sz_air_ppo,SZ Air,PPO,42,240,645120,-574.968727,-578.8515217083333
sz_air_ppo,SZ Air,PPO,42,241,647808,-575.579729,-578.6465407916668
sz_air_ppo,SZ Air,PPO,42,242,650496,-577.9393357499999,-578.5081128666667
sz_air_ppo,SZ Air,PPO,42,243,653184,-574.962654,-578.23524075
sz_air_ppo,SZ Air,PPO,42,244,655872,-575.2519075,-577.9841870083333
sz_air_ppo,SZ Air,PPO,42,245,658560,-573.7965609999999,-577.6797038749999
sz_air_ppo,SZ Air,PPO,42,246,661248,-574.19293825,-577.4890439583334
sz_air_ppo,SZ Air,PPO,42,247,663936,-571.3900945,-577.2349767333333
sz_air_ppo,SZ Air,PPO,42,248,666624,-572.70022975,-577.0231725166667
sz_air_ppo,SZ Air,PPO,42,249,669312,-573.9263800000001,-576.8515613916667
sz_air_ppo,SZ Air,PPO,42,250,672000,-570.47465775,-576.5828655
sz_air_ppo,SZ Air,PPO,42,251,674688,-572.85610325,-576.4132385333335
sz_air_ppo,SZ Air,PPO,42,252,677376,-570.7572455,-576.1076462750001
sz_air_ppo,SZ Air,PPO,42,253,680064,-572.972034,-575.9212029916667
sz_air_ppo,SZ Air,PPO,42,254,682752,-571.81827275,-575.7406507
sz_air_ppo,SZ Air,PPO,42,255,685440,-572.938376,-575.5559557500001
sz_air_ppo,SZ Air,PPO,42,256,688128,-570.43246025,-575.1395981999999
sz_air_ppo,SZ Air,PPO,42,257,690816,-571.037427,-574.9126096583334
sz_air_ppo,SZ Air,PPO,42,258,693504,-572.40202725,-574.77298845
sz_air_ppo,SZ Air,PPO,42,259,696192,-573.153424,-574.6569008666667
sz_air_ppo,SZ Air,PPO,42,260,698880,-572.26833125,-574.444381475
sz_air_ppo,SZ Air,PPO,42,261,701568,-570.390812,-574.1218962083334
sz_air_ppo,SZ Air,PPO,42,262,704256,-571.80013425,-573.9590771
sz_air_ppo,SZ Air,PPO,42,263,706944,-569.5852205,-573.7200697083334
sz_air_ppo,SZ Air,PPO,42,264,709632,-571.6722097500001,-573.5539826333332
sz_air_ppo,SZ Air,PPO,42,265,712320,-569.0510985,-573.2671751833333
sz_air_ppo,SZ Air,PPO,42,266,715008,-571.003792,-573.1187156749999
sz_air_ppo,SZ Air,PPO,42,267,717696,-569.65224625,-572.8475862166666
sz_air_ppo,SZ Air,PPO,42,268,720384,-570.0692705,-572.499232425
sz_air_ppo,SZ Air,PPO,42,269,723072,-568.70469825,-572.2582799249999
sz_air_ppo,SZ Air,PPO,42,270,725760,-571.97549775,-572.1585056166666
sz_air_ppo,SZ Air,PPO,42,271,728448,-570.3145545,-571.9829998
sz_air_ppo,SZ Air,PPO,42,272,731136,-568.88555275,-571.6812070333333
sz_air_ppo,SZ Air,PPO,42,273,733824,-568.5341905,-571.4669249166667
sz_air_ppo,SZ Air,PPO,42,274,736512,-568.56049425,-571.2438778083332
sz_air_ppo,SZ Air,PPO,42,275,739200,-571.78243575,-571.1767403
sz_air_ppo,SZ Air,PPO,42,276,741888,-568.9197785000001,-571.0009683083333
sz_air_ppo,SZ Air,PPO,42,277,744576,-567.6433505,-570.8760768416666
sz_air_ppo,SZ Air,PPO,42,278,747264,-566.57090075,-570.671765875
sz_air_ppo,SZ Air,PPO,42,279,749952,-566.9351302499999,-570.4387242166666
sz_air_ppo,SZ Air,PPO,42,280,752640,-568.0078415,-570.3564970083332
sz_air_ppo,SZ Air,PPO,42,281,755328,-572.0417560000001,-570.3293520999998
sz_air_ppo,SZ Air,PPO,42,282,758016,-566.2593497500001,-570.1794222416667
sz_air_ppo,SZ Air,PPO,42,283,760704,-568.53852,-570.0316384416666
sz_air_ppo,SZ Air,PPO,42,284,763392,-569.7148505,-569.9615243666667
sz_air_ppo,SZ Air,PPO,42,285,766080,-566.52940675,-569.7478920583333
sz_air_ppo,SZ Air,PPO,42,286,768768,-566.60775975,-569.6204020416667
sz_air_ppo,SZ Air,PPO,42,287,771456,-569.31214125,-569.5628925166667
sz_air_ppo,SZ Air,PPO,42,288,774144,-567.69520425,-569.4059984166668
sz_air_ppo,SZ Air,PPO,42,289,776832,-570.0634545,-569.3029994333334
sz_air_ppo,SZ Air,PPO,42,290,779520,-568.4134502500001,-569.1745034000002
sz_air_ppo,SZ Air,PPO,42,291,782208,-567.46463125,-569.0769640416668
sz_air_ppo,SZ Air,PPO,42,292,784896,-566.7902617499999,-568.9099682916668
sz_air_ppo,SZ Air,PPO,42,293,787584,-566.9250340000001,-568.8212954083334
sz_air_ppo,SZ Air,PPO,42,294,790272,-566.7143615,-568.6560338
sz_air_ppo,SZ Air,PPO,42,295,792960,-567.81284475,-568.614758675
sz_air_ppo,SZ Air,PPO,42,296,795648,-567.517382,-568.4985450083334
sz_air_ppo,SZ Air,PPO,42,297,798336,-565.81811225,-568.3707405416667
sz_air_ppo,SZ Air,PPO,42,298,801024,-567.2979155,-568.2783620416667
sz_air_ppo,SZ Air,PPO,42,299,803712,-565.7126005,-568.17862545
sz_air_ppo,SZ Air,PPO,42,300,806400,-565.71821075,-567.9700492166667
sz_air_ppo,SZ Air,PPO,42,301,809088,-566.495143,-567.8427355
sz_air_ppo,SZ Air,PPO,42,302,811776,-563.73341625,-567.6709976166665
sz_air_ppo,SZ Air,PPO,42,303,814464,-565.4939447500001,-567.5696560916665
sz_air_ppo,SZ Air,PPO,42,304,817152,-564.62716525,-567.4385451249999
sz_air_ppo,SZ Air,PPO,42,305,819840,-563.4002889999999,-567.1591402333332
sz_air_ppo,SZ Air,PPO,42,306,822528,-564.528971,-567.0127799833333
sz_air_ppo,SZ Air,PPO,42,307,825216,-565.58354075,-566.9441196583334
sz_air_ppo,SZ Air,PPO,42,308,827904,-564.6107205000001,-566.8787803166667
sz_air_ppo,SZ Air,PPO,42,309,830592,-564.65801575,-566.8028764999999
sz_air_ppo,SZ Air,PPO,42,310,833280,-567.3734685,-566.7817307333333
sz_air_ppo,SZ Air,PPO,42,311,835968,-565.99265875,-566.5800941583334
sz_air_ppo,SZ Air,PPO,42,312,838656,-565.2321505,-566.5458541833334
sz_air_ppo,SZ Air,PPO,42,313,841344,-571.8628685000001,-566.6566657999999
sz_air_ppo,SZ Air,PPO,42,314,844032,-565.903995,-566.5296372833333
sz_air_ppo,SZ Air,PPO,42,315,846720,-566.8960175,-566.5418576416666
sz_air_ppo,SZ Air,PPO,42,316,849408,-566.3935365000001,-566.5347168666666
sz_air_ppo,SZ Air,PPO,42,317,852096,-564.7180792500001,-566.3815814666667
sz_air_ppo,SZ Air,PPO,42,318,854784,-566.01364225,-566.3255293999999
sz_air_ppo,SZ Air,PPO,42,319,857472,-566.4833402500001,-566.2061922583333
sz_air_ppo,SZ Air,PPO,42,320,860160,-565.50254525,-566.1091620916667
sz_air_ppo,SZ Air,PPO,42,321,862848,-565.935023,-566.0581751499999
sz_air_ppo,SZ Air,PPO,42,322,865536,-565.0479242499999,-566.0000972333333
sz_air_ppo,SZ Air,PPO,42,323,868224,-566.00103025,-565.9692971083334
sz_air_ppo,SZ Air,PPO,42,324,870912,-566.68219575,-565.9682249166667
sz_air_ppo,SZ Air,PPO,42,325,873600,-564.630275,-565.8621392583334
sz_air_ppo,SZ Air,PPO,42,326,876288,-565.28259825,-565.7876464666666
sz_air_ppo,SZ Air,PPO,42,327,878976,-565.0060435,-565.7605775083334
sz_air_ppo,SZ Air,PPO,42,328,881664,-563.45799775,-565.6325802499999
sz_air_ppo,SZ Air,PPO,42,329,884352,-562.84191475,-565.5368907249999
sz_air_ppo,SZ Air,PPO,42,330,887040,-564.7485999999999,-565.5045703666666
sz_air_ppo,SZ Air,PPO,42,331,889728,-566.33868925,-565.4993552416666
sz_air_ppo,SZ Air,PPO,42,332,892416,-565.475595,-565.5574278666666
sz_air_ppo,SZ Air,PPO,42,333,895104,-566.0209925,-565.5749961250002
sz_air_ppo,SZ Air,PPO,42,334,897792,-565.2997722499999,-565.5974163583335
sz_air_ppo,SZ Air,PPO,42,335,900480,-563.3973965,-565.5973199416668
sz_air_ppo,SZ Air,PPO,42,336,903168,-564.78996125,-565.6060196166667
sz_air_ppo,SZ Air,PPO,42,337,905856,-565.8519205,-565.6149656083334
sz_air_ppo,SZ Air,PPO,42,338,908544,-563.81266375,-565.5883637166667
sz_air_ppo,SZ Air,PPO,42,339,911232,-563.5032225,-565.5498706083333
sz_air_ppo,SZ Air,PPO,42,340,913920,-561.7103615,-565.361100375
sz_air_ppo,SZ Air,PPO,42,341,916608,-562.634478,-565.2491610166668
sz_air_ppo,SZ Air,PPO,42,342,919296,-563.69749075,-565.1980056916668
sz_air_ppo,SZ Air,PPO,42,343,921984,-562.054029,-564.8710443749999
sz_air_ppo,SZ Air,PPO,42,344,924672,-560.8565425,-564.7027959583335
sz_air_ppo,SZ Air,PPO,42,345,927360,-561.412245,-564.5200035416667
sz_air_ppo,SZ Air,PPO,42,346,930048,-561.89201225,-564.3699527333333
sz_air_ppo,SZ Air,PPO,42,347,932736,-562.31525575,-564.2898586166667
sz_air_ppo,SZ Air,PPO,42,348,935424,-561.1452445,-564.1275786916667
sz_air_ppo,SZ Air,PPO,42,349,938112,-562.2838844999999,-563.9875968333332
sz_air_ppo,SZ Air,PPO,42,350,940800,-563.3744745,-563.9166611416665
sz_air_ppo,SZ Air,PPO,42,351,943488,-561.19641475,-563.7587075333333
sz_air_ppo,SZ Air,PPO,42,352,946176,-562.05600225,-563.6589768
sz_air_ppo,SZ Air,PPO,42,353,948864,-562.45958175,-563.5409285166667
sz_air_ppo,SZ Air,PPO,42,354,951552,-561.82338675,-563.3789682166666
sz_air_ppo,SZ Air,PPO,42,355,954240,-561.1930785,-563.2643949999999
sz_air_ppo,SZ Air,PPO,42,356,956928,-561.11118675,-563.12534795
sz_air_ppo,SZ Air,PPO,42,357,959616,-565.3555545,-563.1369983166667
sz_air_ppo,SZ Air,PPO,42,358,962304,-562.71003725,-563.1120663
sz_air_ppo,SZ Air,PPO,42,359,964992,-562.8275362500001,-563.1115870166667
sz_air_ppo,SZ Air,PPO,42,360,967680,-562.1087679999999,-563.0235926166667
sz_air_ppo,SZ Air,PPO,42,361,970368,-560.53237075,-562.8300486666667
sz_air_ppo,SZ Air,PPO,42,362,973056,-561.522466,-562.6982777
sz_air_ppo,SZ Air,PPO,42,363,975744,-561.95699,-562.56281095
sz_air_ppo,SZ Air,PPO,42,364,978432,-562.83855575,-562.4807704
sz_air_ppo,SZ Air,PPO,42,365,981120,-560.467893,-562.3831202833334
sz_air_ppo,SZ Air,PPO,42,366,983808,-560.7459185,-562.2483188583334
sz_air_ppo,SZ Air,PPO,42,367,986496,-560.60501475,-562.073422
sz_air_ppo,SZ Air,PPO,42,368,989184,-559.70548975,-561.9365161999999
sz_air_ppo,SZ Air,PPO,42,369,991872,-563.86887875,-561.9487047416667
sz_air_ppo,SZ Air,PPO,42,370,994560,-561.8520687500001,-561.9534283166666
sz_air_ppo,SZ Air,PPO,42,371,997248,-559.123381,-561.83639175
sz_air_ppo,SZ Air,PPO,42,372,999936,-560.6364115000001,-561.7343557749999
sz_air_ppo,SZ Air,PPO,42,373,1002624,-561.60779825,-561.7194814166667
sz_air_ppo,SZ Air,PPO,42,374,1005312,-563.77990225,-561.8169267416666
sz_air_ppo,SZ Air,PPO,42,375,1008000,-561.9840865,-561.835988125
sz_air_ppo,SZ Air,PPO,42,376,1010688,-559.86357175,-561.7683734416665
sz_air_ppo,SZ Air,PPO,42,377,1013376,-559.30670525,-561.668088425
sz_air_ppo,SZ Air,PPO,42,378,1016064,-562.5446582499999,-561.71473555
sz_air_ppo,SZ Air,PPO,42,379,1018752,-560.61512175,-561.6591101250001
sz_air_ppo,SZ Air,PPO,42,380,1021440,-561.61948275,-561.6006104
sz_air_ppo,SZ Air,PPO,42,381,1024128,-556.9473479999999,-561.4589748416668
sz_air_ppo,SZ Air,PPO,42,382,1026816,-560.0601542499999,-561.3924465750001
sz_air_ppo,SZ Air,PPO,42,383,1029504,-560.0854955,-561.3133103666667
sz_air_ppo,SZ Air,PPO,42,384,1032192,-558.96728725,-561.21810705
sz_air_ppo,SZ Air,PPO,42,385,1034880,-561.1697624999999,-561.2173298499999
sz_air_ppo,SZ Air,PPO,42,386,1037568,-561.4151382499999,-561.2274615666665
sz_air_ppo,SZ Air,PPO,42,387,1040256,-558.8414065,-561.0103233000001
sz_air_ppo,SZ Air,PPO,42,388,1042944,-558.810824,-560.8803495249999
sz_air_ppo,SZ Air,PPO,42,389,1045632,-557.34039375,-560.697444775
sz_air_ppo,SZ Air,PPO,42,390,1048320,-557.803245,-560.5539273416667
sz_air_ppo,SZ Air,PPO,42,391,1051008,-559.49105025,-560.5192166583333
sz_air_ppo,SZ Air,PPO,42,392,1053696,-560.2155355,-560.4756523083335
sz_air_ppo,SZ Air,PPO,42,393,1056384,-557.07521425,-560.3129264500001
sz_air_ppo,SZ Air,PPO,42,394,1059072,-557.083207,-560.1210814916667
sz_air_ppo,SZ Air,PPO,42,395,1061760,-556.8710615,-560.0011871083334
sz_air_ppo,SZ Air,PPO,42,396,1064448,-559.83702075,-559.9708905166666
sz_air_ppo,SZ Air,PPO,42,397,1067136,-556.94007875,-559.8487259833332
sz_air_ppo,SZ Air,PPO,42,398,1069824,-556.8050907500001,-559.7520460166667
sz_air_ppo,SZ Air,PPO,42,399,1072512,-557.2747674999999,-559.5322423083333
sz_air_ppo,SZ Air,PPO,42,400,1075200,-557.3700025,-559.3828401
sz_air_ppo,SZ Air,PPO,42,401,1077888,-559.31981625,-559.3893879416667
sz_air_ppo,SZ Air,PPO,42,402,1080576,-559.80612475,-559.3617117166666
sz_air_ppo,SZ Air,PPO,42,403,1083264,-558.05545275,-559.2433001999999
sz_air_ppo,SZ Air,PPO,42,404,1085952,-557.2670774999999,-559.0262060416666
sz_air_ppo,SZ Air,PPO,42,405,1088640,-556.6786219999999,-558.8493572250001
sz_air_ppo,SZ Air,PPO,42,406,1091328,-556.2426389999999,-558.7286594666665
sz_air_ppo,SZ Air,PPO,42,407,1094016,-556.5036427499999,-558.63522405
sz_air_ppo,SZ Air,PPO,42,408,1096704,-556.387521,-558.4299861416667
sz_air_ppo,SZ Air,PPO,42,409,1099392,-557.0421690000001,-558.3108877166667
sz_air_ppo,SZ Air,PPO,42,410,1102080,-556.65173125,-558.145296
sz_air_ppo,SZ Air,PPO,42,411,1104768,-556.20702675,-558.120618625
sz_air_ppo,SZ Air,PPO,42,412,1107456,-557.004418,-558.01876075
sz_air_ppo,SZ Air,PPO,42,413,1110144,-557.84311325,-557.9440146750001
sz_air_ppo,SZ Air,PPO,42,414,1112832,-556.7539390000001,-557.8702364
sz_air_ppo,SZ Air,PPO,42,415,1115520,-557.3690295,-557.7435452999999
sz_air_ppo,SZ Air,PPO,42,416,1118208,-556.0455517500001,-557.5645590833334
sz_air_ppo,SZ Air,PPO,42,417,1120896,-556.46651625,-557.485396075
sz_air_ppo,SZ Air,PPO,42,418,1123584,-556.6237015,-557.4124919916667
sz_air_ppo,SZ Air,PPO,42,419,1126272,-557.114647,-557.4049670999999
sz_air_ppo,SZ Air,PPO,42,420,1128960,-558.39457625,-557.4246781416666
sz_air_ppo,SZ Air,PPO,42,421,1131648,-558.39835475,-557.3882549583334
sz_air_ppo,SZ Air,PPO,42,422,1134336,-557.93090275,-557.3121005333334
sz_air_ppo,SZ Air,PPO,42,423,1137024,-559.1898502500001,-557.3825884
sz_air_ppo,SZ Air,PPO,42,424,1139712,-558.67779925,-557.435741475
sz_air_ppo,SZ Air,PPO,42,425,1142400,-557.15547625,-557.4452219666667
sz_air_ppo,SZ Air,PPO,42,426,1145088,-556.73894625,-557.3419528166667
sz_air_ppo,SZ Air,PPO,42,427,1147776,-555.21712825,-557.2845211333333
sz_air_ppo,SZ Air,PPO,42,428,1150464,-556.8961875,-557.2875576916666
sz_air_ppo,SZ Air,PPO,42,429,1153152,-557.48054075,-557.2944167999999
sz_air_ppo,SZ Air,PPO,42,430,1155840,-555.71431725,-557.2392272916667
sz_air_ppo,SZ Air,PPO,42,431,1158528,-557.37806525,-557.1745022583333
sz_air_ppo,SZ Air,PPO,42,432,1161216,-554.82030775,-557.0083083583335
sz_air_ppo,SZ Air,PPO,42,433,1163904,-555.43344775,-556.9209081916667
sz_air_ppo,SZ Air,PPO,42,434,1166592,-555.51735575,-556.8625841333335
sz_air_ppo,SZ Air,PPO,42,435,1169280,-554.661514,-556.7953472
sz_air_ppo,SZ Air,PPO,42,436,1171968,-554.511213,-556.7376330000001
sz_air_ppo,SZ Air,PPO,42,437,1174656,-556.0469025,-556.722408325
sz_air_ppo,SZ Air,PPO,42,438,1177344,-555.238253,-556.6840993916667
sz_air_ppo,SZ Air,PPO,42,439,1180032,-553.9108464999999,-556.579721975
sz_air_ppo,SZ Air,PPO,42,440,1182720,-553.848883,-556.4862936999999
sz_air_ppo,SZ Air,PPO,42,441,1185408,-554.8164120000001,-556.4399398749999
sz_air_ppo,SZ Air,PPO,42,442,1188096,-556.56369125,-556.4252489833333
sz_air_ppo,SZ Air,PPO,42,443,1190784,-554.1899415,-556.3034765916667
sz_air_ppo,SZ Air,PPO,42,444,1193472,-554.70164675,-556.2350668500001
sz_air_ppo,SZ Air,PPO,42,445,1196160,-554.5324365,-556.1405137500001
sz_air_ppo,SZ Air,PPO,42,446,1198848,-556.84242025,-556.1670760333333
sz_air_ppo,SZ Air,PPO,42,447,1201536,-556.112427,-556.1552730583334
sz_air_ppo,SZ Air,PPO,42,448,1204224,-555.97997625,-556.13381555
sz_air_ppo,SZ Air,PPO,42,449,1206912,-555.24356825,-556.0714462583334
sz_air_ppo,SZ Air,PPO,42,450,1209600,-554.81205575,-555.9520289083334
sz_air_ppo,SZ Air,PPO,42,451,1212288,-555.5565234999999,-555.8573012
sz_air_ppo,SZ Air,PPO,42,452,1214976,-553.8669620000001,-555.7218365083334
sz_air_ppo,SZ Air,PPO,42,453,1217664,-555.81897375,-555.6094739583334
sz_air_ppo,SZ Air,PPO,42,454,1220352,-554.89368025,-555.4833366583333
sz_air_ppo,SZ Air,PPO,42,455,1223040,-554.01109025,-555.3785237916667
sz_air_ppo,SZ Air,PPO,42,456,1225728,-553.4036699999999,-555.2673479166666
sz_air_ppo,SZ Air,PPO,42,457,1228416,-555.07334025,-555.2625549833333
sz_air_ppo,SZ Air,PPO,42,458,1231104,-553.2652439999999,-555.1415235333333
sz_air_ppo,SZ Air,PPO,42,459,1233792,-553.7251102500001,-555.0163425166667
sz_air_ppo,SZ Air,PPO,42,460,1236480,-553.7064067499999,-554.9494121666667
sz_air_ppo,SZ Air,PPO,42,461,1239168,-553.9960355,-554.8366778416668
sz_air_ppo,SZ Air,PPO,42,462,1241856,-553.88280975,-554.8054279083334
sz_air_ppo,SZ Air,PPO,42,463,1244544,-556.14384075,-554.8291076749999
sz_air_ppo,SZ Air,PPO,42,464,1247232,-554.72212025,-554.8025998249999
sz_air_ppo,SZ Air,PPO,42,465,1249920,-554.9340015,-554.8116827416667
sz_air_ppo,SZ Air,PPO,42,466,1252608,-555.5052007500001,-554.8448156666667
sz_air_ppo,SZ Air,PPO,42,467,1255296,-555.62369175,-554.8307086416665
sz_air_ppo,SZ Air,PPO,42,468,1257984,-556.33616375,-554.8673056666665
sz_air_ppo,SZ Air,PPO,42,469,1260672,-555.602358,-554.9236893833332
sz_air_ppo,SZ Air,PPO,42,470,1263360,-554.656681,-554.9506159833333
sz_air_ppo,SZ Air,PPO,42,471,1266048,-555.88904275,-554.9863703416667
sz_air_ppo,SZ Air,PPO,42,472,1268736,-554.55195025,-554.9193123083332
sz_air_ppo,SZ Air,PPO,42,473,1271424,-555.1637317499999,-554.9517719833333
sz_air_ppo,SZ Air,PPO,42,474,1274112,-553.626786,-554.9159432916666
sz_air_ppo,SZ Air,PPO,42,475,1276800,-554.3916585,-554.9112506916666
sz_air_ppo,SZ Air,PPO,1337,1,2688,-15118.681618499999,-15118.681618499999
sz_air_ppo,SZ Air,PPO,1337,2,5376,-13588.64085575,-14353.661237125
sz_air_ppo,SZ Air,PPO,1337,3,8064,-11847.234516249999,-13518.1856635
sz_air_ppo,SZ Air,PPO,1337,4,10752,-11156.78781675,-12927.8362018125
sz_air_ppo,SZ Air,PPO,1337,5,13440,-10415.21102325,-12425.3111661
sz_air_ppo,SZ Air,PPO,1337,6,16128,-9835.999976500001,-11993.759301166667
sz_air_ppo,SZ Air,PPO,1337,7,18816,-9593.904385,-11650.922884571428
sz_air_ppo,SZ Air,PPO,1337,8,21504,-9274.79934375,-11353.90744196875
sz_air_ppo,SZ Air,PPO,1337,9,24192,-8477.077087250002,-11034.259624777776
sz_air_ppo,SZ Air,PPO,1337,10,26880,-9035.680786,-10834.401740899999
sz_air_ppo,SZ Air,PPO,1337,11,29568,-8425.84395,-10615.441941727271
sz_air_ppo,SZ Air,PPO,1337,12,32256,-8687.526944000001,-10454.782358583332
sz_air_ppo,SZ Air,PPO,1337,13,34944,-8336.18457075,-10291.813297980767
sz_air_ppo,SZ Air,PPO,1337,14,37632,-7596.1885087499995,-10099.26867017857
sz_air_ppo,SZ Air,PPO,1337,15,40320,-8095.916585249999,-9965.711864516665
sz_air_ppo,SZ Air,PPO,1337,16,43008,-7669.02036175,-9822.16864559375
sz_air_ppo,SZ Air,PPO,1337,17,45696,-7878.009287,-9707.806330382353
sz_air_ppo,SZ Air,PPO,1337,18,48384,-7054.5460007500005,-9560.402978736112
sz_air_ppo,SZ Air,PPO,1337,19,51072,-6778.2749890000005,-9413.975189802632
sz_air_ppo,SZ Air,PPO,1337,20,53760,-7002.461342750001,-9293.39949745
sz_air_ppo,SZ Air,PPO,1337,21,56448,-6650.069627999999,-9167.52664652381
sz_air_ppo,SZ Air,PPO,1337,22,59136,-6573.935339499999,-9049.636132568181
sz_air_ppo,SZ Air,PPO,1337,23,61824,-6593.448625000001,-8942.845371369565
sz_air_ppo,SZ Air,PPO,1337,24,64512,-6621.3190655,-8846.115108625001
sz_air_ppo,SZ Air,PPO,1337,25,67200,-6491.58493675,-8751.93390175
sz_air_ppo,SZ Air,PPO,1337,26,69888,-6715.14978725,-8673.596051192308
sz_air_ppo,SZ Air,PPO,1337,27,72576,-6605.1270985,-8596.986089981483
sz_air_ppo,SZ Air,PPO,1337,28,75264,-6356.0939495,-8516.95422782143
sz_air_ppo,SZ Air,PPO,1337,29,77952,-5969.6924735,-8429.117615603449
sz_air_ppo,SZ Air,PPO,1337,30,80640,-6347.050706749999,-8359.715385308335
sz_air_ppo,SZ Air,PPO,1337,31,83328,-6070.191107000001,-8058.0990349250005
sz_air_ppo,SZ Air,PPO,1337,32,86016,-6194.423652,-7811.625128133333
sz_air_ppo,SZ Air,PPO,1337,33,88704,-5965.52913225,-7615.568281999999
sz_air_ppo,SZ Air,PPO,1337,34,91392,-6080.671653,-7446.364409874999
sz_air_ppo,SZ Air,PPO,1337,35,94080,-5704.21213925,-7289.331113741667
sz_air_ppo,SZ Air,PPO,1337,36,96768,-6072.23007975,-7163.872117183333
sz_air_ppo,SZ Air,PPO,1337,37,99456,-5800.89525925,-7037.4384796583345
sz_air_ppo,SZ Air,PPO,1337,38,102144,-5598.15882175,-6914.883795591668
sz_air_ppo,SZ Air,PPO,1337,39,104832,-5768.296851,-6824.591121050002
sz_air_ppo,SZ Air,PPO,1337,40,107520,-5669.538200499999,-6712.3863682
sz_air_ppo,SZ Air,PPO,1337,41,110208,-5372.178412249999,-6610.597516941667
sz_air_ppo,SZ Air,PPO,1337,42,112896,-5652.534812,-6509.431112541668
sz_air_ppo,SZ Air,PPO,1337,43,115584,-4948.823287,-6396.519069749999
sz_air_ppo,SZ Air,PPO,1337,44,118272,-5438.71239975,-6324.603199450002
sz_air_ppo,SZ Air,PPO,1337,45,120960,-5164.95666025,-6226.904535283335
sz_air_ppo,SZ Air,PPO,1337,46,123648,-5151.448143,-6142.985461325
sz_air_ppo,SZ Air,PPO,1337,47,126336,-5364.2367165,-6059.193042308333
sz_air_ppo,SZ Air,PPO,1337,48,129024,-5074.35312675,-5993.186613174999
sz_air_ppo,SZ Air,PPO,1337,49,131712,-4908.17510475,-5930.849950366666
sz_air_ppo,SZ Air,PPO,1337,50,134400,-4839.72538475,-5858.758751766666
sz_air_ppo,SZ Air,PPO,1337,51,137088,-4680.28170225,-5793.099154241666
sz_air_ppo,SZ Air,PPO,1337,52,139776,-4655.0633085,-5729.136753208333
sz_air_ppo,SZ Air,PPO,1337,53,142464,-4581.61748075,-5662.075715066666
sz_air_ppo,SZ Air,PPO,1337,54,145152,-4323.769531,-5585.490730583333
sz_air_ppo,SZ Air,PPO,1337,55,147840,-3994.0588119999998,-5502.239859758333
sz_air_ppo,SZ Air,PPO,1337,56,150528,-4192.908033000001,-5418.165134616667
sz_air_ppo,SZ Air,PPO,1337,57,153216,-4653.523742,-5353.1116894
sz_air_ppo,SZ Air,PPO,1337,58,155904,-4011.99900775,-5274.975191341668
sz_air_ppo,SZ Air,PPO,1337,59,158592,-3849.64596025,-5204.306974233334
sz_air_ppo,SZ Air,PPO,1337,60,161280,-3750.50302175,-5117.755384733334
sz_air_ppo,SZ Air,PPO,1337,61,163968,-3716.5006482500003,-5039.299036108333
sz_air_ppo,SZ Air,PPO,1337,62,166656,-3731.7155917500004,-4957.2087674333325
sz_air_ppo,SZ Air,PPO,1337,63,169344,-3508.9550762500003,-4875.322965566666
sz_air_ppo,SZ Air,PPO,1337,64,172032,-3497.962962,-4789.232675866666
sz_air_ppo,SZ Air,PPO,1337,65,174720,-3035.9687235,-4700.291228675001
sz_air_ppo,SZ Air,PPO,1337,66,177408,-3452.2986535,-4612.960181133333
sz_air_ppo,SZ Air,PPO,1337,67,180096,-3314.6463925,-4530.085218908334
sz_air_ppo,SZ Air,PPO,1337,68,182784,-3225.7749015,-4451.0057549
sz_air_ppo,SZ Air,PPO,1337,69,185472,-2993.7862612500003,-4358.522068575
sz_air_ppo,SZ Air,PPO,1337,70,188160,-2963.63392025,-4268.325259233333
sz_air_ppo,SZ Air,PPO,1337,71,190848,-2754.180823,-4181.058672925
sz_air_ppo,SZ Air,PPO,1337,72,193536,-2560.80771475,-4078.0011030166665
sz_air_ppo,SZ Air,PPO,1337,73,196224,-2464.27100175,-3995.182693508333
sz_air_ppo,SZ Air,PPO,1337,74,198912,-2405.009699,-3894.05927015
sz_air_ppo,SZ Air,PPO,1337,75,201600,-2248.1478395,-3796.8323094583334
sz_air_ppo,SZ Air,PPO,1337,76,204288,-2077.87079025,-3694.379731033334
sz_air_ppo,SZ Air,PPO,1337,77,206976,-2080.119227,-3584.9091480500006
sz_air_ppo,SZ Air,PPO,1337,78,209664,-1827.0841215,-3476.6668478750007
sz_air_ppo,SZ Air,PPO,1337,79,212352,-1772.1221587500002,-3372.1317496750003
sz_air_ppo,SZ Air,PPO,1337,80,215040,-1699.4945137500001,-3267.457387308334
sz_air_ppo,SZ Air,PPO,1337,81,217728,-1392.78007,-3157.8739995666674
sz_air_ppo,SZ Air,PPO,1337,82,220416,-1234.1437202500001,-3043.843346625
sz_air_ppo,SZ Air,PPO,1337,83,223104,-1267.04542675,-2933.357611491667
sz_air_ppo,SZ Air,PPO,1337,84,225792,-1168.1175035,-2828.169210575
sz_air_ppo,SZ Air,PPO,1337,85,228480,-1174.8106685,-2734.1942724583337
sz_air_ppo,SZ Air,PPO,1337,86,231168,-1094.0413867500001,-2630.898717583333
sz_air_ppo,SZ Air,PPO,1337,87,233856,-1009.5058232499999,-2509.4314536250004
sz_air_ppo,SZ Air,PPO,1337,88,236544,-953.2043122499999,-2407.471630441667
sz_air_ppo,SZ Air,PPO,1337,89,239232,-1055.90511575,-2314.3469356250007
sz_air_ppo,SZ Air,PPO,1337,90,241920,-949.479375,-2220.9794807333337
sz_air_ppo,SZ Air,PPO,1337,91,244608,-876.76576525,-2126.3216513
sz_air_ppo,SZ Air,PPO,1337,92,247296,-833.700766,-2029.7211571083337
sz_air_ppo,SZ Air,PPO,1337,93,249984,-840.6416995,-1940.7773778833337
sz_air_ppo,SZ Air,PPO,1337,94,252672,-767.35136675,-1849.7569913750003
sz_air_ppo,SZ Air,PPO,1337,95,255360,-781.487193,-1774.6076070250003
sz_air_ppo,SZ Air,PPO,1337,96,258048,-770.11607325,-1685.2015210166671
sz_air_ppo,SZ Air,PPO,1337,97,260736,-785.0578087499999,-1600.8819015583333
sz_air_ppo,SZ Air,PPO,1337,98,263424,-720.2742055,-1517.3652116916667
sz_air_ppo,SZ Air,PPO,1337,99,266112,-758.9601355000001,-1442.8710075000001
sz_air_ppo,SZ Air,PPO,1337,100,268800,-716.8386877500001,-1367.9778330833333
sz_air_ppo,SZ Air,PPO,1337,101,271488,-704.33745375,-1299.6497207749999
sz_air_ppo,SZ Air,PPO,1337,102,274176,-686.8337012500001,-1237.1839203249997
sz_air_ppo,SZ Air,PPO,1337,103,276864,-696.6029862500001,-1178.2616531416666
sz_air_ppo,SZ Air,PPO,1337,104,279552,-683.4144565000001,-1120.8751450583334
sz_air_ppo,SZ Air,PPO,1337,105,282240,-678.451069,-1068.551919375
sz_air_ppo,SZ Air,PPO,1337,106,284928,-669.9845395,-1021.6223776833333
sz_air_ppo,SZ Air,PPO,1337,107,287616,-664.393586,-974.4315229833333
sz_air_ppo,SZ Air,PPO,1337,108,290304,-692.32140425,-936.6060990749999
sz_air_ppo,SZ Air,PPO,1337,109,292992,-667.48931825,-899.7850043916665
sz_air_ppo,SZ Air,PPO,1337,110,295680,-666.960273,-865.3671963666667
sz_air_ppo,SZ Air,PPO,1337,111,298368,-661.35548075,-840.986376725
sz_air_ppo,SZ Air,PPO,1337,112,301056,-654.12496325,-821.6524181583333
sz_air_ppo,SZ Air,PPO,1337,113,303744,-636.3586702499999,-800.6295262750001
sz_air_ppo,SZ Air,PPO,1337,114,306432,-665.04337025,-783.8603885000001
sz_air_ppo,SZ Air,PPO,1337,115,309120,-655.91663175,-766.5639206083334
sz_air_ppo,SZ Air,PPO,1337,116,311808,-658.1017947500001,-752.0326008750001
sz_air_ppo,SZ Air,PPO,1337,117,314496,-634.42628,-739.5299494333334
sz_air_ppo,SZ Air,PPO,1337,118,317184,-656.55909725,-729.6417755999998
sz_air_ppo,SZ Air,PPO,1337,119,319872,-651.25449875,-716.1534217000001
sz_air_ppo,SZ Air,PPO,1337,120,322560,-631.07155425,-705.539827675
sz_air_ppo,SZ Air,PPO,1337,121,325248,-640.4556594999999,-697.66282415
sz_air_ppo,SZ Air,PPO,1337,122,327936,-645.5792710000001,-691.3921076499998
sz_air_ppo,SZ Air,PPO,1337,123,330624,-640.23626975,-684.7119266583334
sz_air_ppo,SZ Air,PPO,1337,124,333312,-637.0196085,-680.3675347166666
sz_air_ppo,SZ Air,PPO,1337,125,336000,-621.1519894999999,-675.0230279333332
sz_air_ppo,SZ Air,PPO,1337,126,338688,-616.6431355,-669.9072633416665
sz_air_ppo,SZ Air,PPO,1337,127,341376,-631.2131274999999,-664.7791072999997
sz_air_ppo,SZ Air,PPO,1337,128,344064,-619.4080114999999,-661.4169008333332
sz_air_ppo,SZ Air,PPO,1337,129,346752,-642.4634895,-657.5336792999999
sz_air_ppo,SZ Air,PPO,1337,130,349440,-624.56717925,-654.4579623499999
sz_air_ppo,SZ Air,PPO,1337,131,352128,-628.97501575,-651.9458810833332
sz_air_ppo,SZ Air,PPO,1337,132,354816,-623.53867975,-649.8360470333333
sz_air_ppo,SZ Air,PPO,1337,133,357504,-637.741541,-647.8739988583333
sz_air_ppo,SZ Air,PPO,1337,134,360192,-655.3246750000001,-646.9376728083333
sz_air_ppo,SZ Air,PPO,1337,135,362880,-631.239112,-645.3639409083332
sz_air_ppo,SZ Air,PPO,1337,136,365568,-636.5290885000001,-644.2487592083332
sz_air_ppo,SZ Air,PPO,1337,137,368256,-624.63552675,-642.9234905666667
sz_air_ppo,SZ Air,PPO,1337,138,370944,-610.51134775,-640.1964886833334
sz_air_ppo,SZ Air,PPO,1337,139,373632,-624.69961825,-638.7701653500001
sz_air_ppo,SZ Air,PPO,1337,140,376320,-624.11959275,-637.342142675
sz_air_ppo,SZ Air,PPO,1337,141,379008,-610.6087695,-635.6505856333334
sz_air_ppo,SZ Air,PPO,1337,142,381696,-603.59903325,-633.9663879666667
sz_air_ppo,SZ Air,PPO,1337,143,384384,-608.383518,-633.0338828916666
sz_air_ppo,SZ Air,PPO,1337,144,387072,-623.74371925,-631.6572278583334
sz_air_ppo,SZ Air,PPO,1337,145,389760,-601.2961357500001,-629.8365446583333
sz_air_ppo,SZ Air,PPO,1337,146,392448,-595.92473175,-627.7639758916666
sz_air_ppo,SZ Air,PPO,1337,147,395136,-603.816359,-626.7436451916667
sz_air_ppo,SZ Air,PPO,1337,148,397824,-602.8344462499999,-624.9528234916668
sz_air_ppo,SZ Air,PPO,1337,149,400512,-611.63705925,-623.6322421749999
sz_air_ppo,SZ Air,PPO,1337,150,403200,-602.5762385,-622.6823983166666
sz_air_ppo,SZ Air,PPO,1337,151,405888,-615.109934,-621.8375407999999
sz_air_ppo,SZ Air,PPO,1337,152,408576,-629.8449880000001,-621.3130647
sz_air_ppo,SZ Air,PPO,1337,153,411264,-621.7138665,-620.6956512583333
sz_air_ppo,SZ Air,PPO,1337,154,413952,-606.82718,-619.689236975
sz_air_ppo,SZ Air,PPO,1337,155,416640,-602.53100025,-619.0685373333332
sz_air_ppo,SZ Air,PPO,1337,156,419328,-602.8107239999999,-618.60745695
sz_air_ppo,SZ Air,PPO,1337,157,422016,-600.71159175,-617.5907390916668
sz_air_ppo,SZ Air,PPO,1337,158,424704,-607.31708725,-617.1877082833333
sz_air_ppo,SZ Air,PPO,1337,159,427392,-596.89247375,-615.6686744250001
sz_air_ppo,SZ Air,PPO,1337,160,430080,-592.2193307499999,-614.5904128083333
sz_air_ppo,SZ Air,PPO,1337,161,432768,-598.62193675,-613.5786435083332
sz_air_ppo,SZ Air,PPO,1337,162,435456,-590.6546692500001,-612.482509825
sz_air_ppo,SZ Air,PPO,1337,163,438144,-593.8448139999999,-611.0192855916667
sz_air_ppo,SZ Air,PPO,1337,164,440832,-594.3775315,-608.9877141416667
sz_air_ppo,SZ Air,PPO,1337,165,443520,-594.19782,-607.7530044083334
sz_air_ppo,SZ Air,PPO,1337,166,446208,-592.8017134999999,-606.2954252416667
sz_air_ppo,SZ Air,PPO,1337,167,448896,-590.987175,-605.1738135166667
sz_air_ppo,SZ Air,PPO,1337,168,451584,-593.43673525,-604.6046597666666
sz_air_ppo,SZ Air,PPO,1337,169,454272,-588.3143325,-603.3918169083333
sz_air_ppo,SZ Air,PPO,1337,170,456960,-590.0669997499999,-602.2567304749998
sz_air_ppo,SZ Air,PPO,1337,171,459648,-594.4959782499999,-601.7196374333333
sz_air_ppo,SZ Air,PPO,1337,172,462336,-588.0724250000001,-601.2020838249999
sz_air_ppo,SZ Air,PPO,1337,173,465024,-598.68413925,-600.8787712
sz_air_ppo,SZ Air,PPO,1337,174,467712,-589.9335277499999,-599.7517648166665
sz_air_ppo,SZ Air,PPO,1337,175,470400,-596.4500105,-599.5902273083333
sz_air_ppo,SZ Air,PPO,1337,176,473088,-597.48832425,-599.6423470583334
sz_air_ppo,SZ Air,PPO,1337,177,475776,-593.0436995,-599.2832584083333
sz_air_ppo,SZ Air,PPO,1337,178,478464,-594.8277372499999,-599.0163681083335
sz_air_ppo,SZ Air,PPO,1337,179,481152,-588.052431,-598.2302138333333
sz_air_ppo,SZ Air,PPO,1337,180,483840,-586.1859445,-597.6838707
sz_air_ppo,SZ Air,PPO,1337,181,486528,-587.42076825,-596.7608985083333
sz_air_ppo,SZ Air,PPO,1337,182,489216,-586.4877507499999,-595.3156572666667
sz_air_ppo,SZ Air,PPO,1337,183,491904,-585.4635470000001,-594.1073132833333
sz_air_ppo,SZ Air,PPO,1337,184,494592,-584.5811444999999,-593.3657787666667
sz_air_ppo,SZ Air,PPO,1337,185,497280,-583.72962375,-592.7390662166667
sz_air_ppo,SZ Air,PPO,1337,186,499968,-587.051207,-592.2137489833333
sz_air_ppo,SZ Air,PPO,1337,187,502656,-585.782474,-591.716111725
sz_air_ppo,SZ Air,PPO,1337,188,505344,-584.1982889999999,-590.9454851166665
sz_air_ppo,SZ Air,PPO,1337,189,508032,-587.74723175,-590.6406437166667
sz_air_ppo,SZ Air,PPO,1337,190,510720,-590.50213375,-590.5834038166666
sz_air_ppo,SZ Air,PPO,1337,191,513408,-585.506869,-590.1462348916667
sz_air_ppo,SZ Air,PPO,1337,192,516096,-583.71603425,-589.9149470583333
sz_air_ppo,SZ Air,PPO,1337,193,518784,-586.487744,-589.6697113916666
sz_air_ppo,SZ Air,PPO,1337,194,521472,-584.65907625,-589.3457628833331
sz_air_ppo,SZ Air,PPO,1337,195,524160,-582.4527635,-588.9542610000001
sz_air_ppo,SZ Air,PPO,1337,196,526848,-582.7627305000001,-588.6196282333333
sz_air_ppo,SZ Air,PPO,1337,197,529536,-581.4603195,-588.3020663833333
sz_air_ppo,SZ Air,PPO,1337,198,532224,-582.66626725,-587.9430507833333
sz_air_ppo,SZ Air,PPO,1337,199,534912,-580.6055125,-587.6860901166666
sz_air_ppo,SZ Air,PPO,1337,200,537600,-579.011874,-587.317585925
sz_air_ppo,SZ Air,PPO,1337,201,540288,-582.2889,-586.9106833166667
sz_air_ppo,SZ Air,PPO,1337,202,542976,-579.4393192499999,-586.622913125
sz_air_ppo,SZ Air,PPO,1337,203,545664,-581.63521625,-586.0546156916666
sz_air_ppo,SZ Air,PPO,1337,204,548352,-578.595485,-585.6766809333334
sz_air_ppo,SZ Air,PPO,1337,205,551040,-578.31205,-585.0720822500001
sz_air_ppo,SZ Air,PPO,1337,206,553728,-574.553295,-584.307581275
sz_air_ppo,SZ Air,PPO,1337,207,556416,-576.727887,-583.7637208583334
sz_air_ppo,SZ Air,PPO,1337,208,559104,-575.73476225,-583.1272883583333
sz_air_ppo,SZ Air,PPO,1337,209,561792,-576.306636,-582.7357618583334
sz_air_ppo,SZ Air,PPO,1337,210,564480,-575.6284437500001,-582.3838451666667
sz_air_ppo,SZ Air,PPO,1337,211,567168,-575.85052625,-581.9981704333333
sz_air_ppo,SZ Air,PPO,1337,212,569856,-576.56415775,-581.667384
sz_air_ppo,SZ Air,PPO,1337,213,572544,-574.65855575,-581.307217625
sz_air_ppo,SZ Air,PPO,1337,214,575232,-575.6501125,-581.0095165583333
sz_air_ppo,SZ Air,PPO,1337,215,577920,-575.1735615,-580.7243144833334
sz_air_ppo,SZ Air,PPO,1337,216,580608,-575.23446475,-580.330423075
sz_air_ppo,SZ Air,PPO,1337,217,583296,-576.29924325,-580.0143153833334
sz_air_ppo,SZ Air,PPO,1337,218,585984,-575.4632342499999,-579.7231468916667
sz_air_ppo,SZ Air,PPO,1337,219,588672,-576.4702795000001,-579.3472484833333
sz_air_ppo,SZ Air,PPO,1337,220,591360,-577.033227,-578.8982849250001
sz_air_ppo,SZ Air,PPO,1337,221,594048,-575.4821557500001,-578.5641278166667
sz_air_ppo,SZ Air,PPO,1337,222,596736,-576.63938075,-578.3282393666667
sz_air_ppo,SZ Air,PPO,1337,223,599424,-575.035179,-577.9464872
sz_air_ppo,SZ Air,PPO,1337,224,602112,-574.567591,-577.6101043583333
sz_air_ppo,SZ Air,PPO,1337,225,604800,-572.3691675,-577.2739844916667
sz_air_ppo,SZ Air,PPO,1337,226,607488,-574.2400992500001,-576.9898967833335
sz_air_ppo,SZ Air,PPO,1337,227,610176,-576.1528895,-576.81298245
sz_air_ppo,SZ Air,PPO,1337,228,612864,-572.4454455,-576.4722883916669
sz_air_ppo,SZ Air,PPO,1337,229,615552,-571.48769125,-576.1683610166667
sz_air_ppo,SZ Air,PPO,1337,230,618240,-574.37545025,-576.0138135583334
sz_air_ppo,SZ Air,PPO,1337,231,620928,-574.25420125,-575.7459902666668
sz_air_ppo,SZ Air,PPO,1337,232,623616,-574.0990855,-575.567982475
sz_air_ppo,SZ Air,PPO,1337,233,626304,-572.01211625,-575.2472124750001
sz_air_ppo,SZ Air,PPO,1337,234,628992,-573.74240375,-575.0854431
sz_air_ppo,SZ Air,PPO,1337,235,631680,-576.73326975,-575.0328170916666
sz_air_ppo,SZ Air,PPO,1337,236,634368,-573.74414425,-575.0058453999999
sz_air_ppo,SZ Air,PPO,1337,237,637056,-574.8517487500001,-574.9433074583334
sz_air_ppo,SZ Air,PPO,1337,238,639744,-572.3744,-574.8312953833334
sz_air_ppo,SZ Air,PPO,1337,239,642432,-570.331266,-574.6321163833334
sz_air_ppo,SZ Air,PPO,1337,240,645120,-572.15258725,-574.5162545000001
sz_air_ppo,SZ Air,PPO,1337,241,647808,-571.861633,-574.3832913916666
sz_air_ppo,SZ Air,PPO,1337,242,650496,-573.00484575,-574.2646476583334
sz_air_ppo,SZ Air,PPO,1337,243,653184,-569.18110475,-574.0820659583335
sz_air_ppo,SZ Air,PPO,1337,244,655872,-571.0628395,-573.9291568583333
sz_air_ppo,SZ Air,PPO,1337,245,658560,-571.3452315,-573.8015458583334
sz_air_ppo,SZ Air,PPO,1337,246,661248,-574.4311064999999,-573.7747672500001
sz_air_ppo,SZ Air,PPO,1337,247,663936,-576.11789575,-573.7687223333334
sz_air_ppo,SZ Air,PPO,1337,248,666624,-570.99927725,-573.6199237666667
sz_air_ppo,SZ Air,PPO,1337,249,669312,-570.42176375,-573.4183065750001
sz_air_ppo,SZ Air,PPO,1337,250,672000,-572.54173,-573.2685900083333
sz_air_ppo,SZ Air,PPO,1337,251,674688,-568.0873025000001,-573.0220949
sz_air_ppo,SZ Air,PPO,1337,252,677376,-570.8828325000001,-572.8302099583333
sz_air_ppo,SZ Air,PPO,1337,253,680064,-571.75246375,-572.7207861166667
sz_air_ppo,SZ Air,PPO,1337,254,682752,-571.74971875,-572.6268570416668
sz_air_ppo,SZ Air,PPO,1337,255,685440,-569.44394175,-572.5293495166666
sz_air_ppo,SZ Air,PPO,1337,256,688128,-570.99376475,-572.4211383666666
sz_air_ppo,SZ Air,PPO,1337,257,690816,-568.2133537499999,-572.1564871749999
sz_air_ppo,SZ Air,PPO,1337,258,693504,-570.1848200000001,-572.0811329916665
sz_air_ppo,SZ Air,PPO,1337,259,696192,-567.6773165,-571.9541205
sz_air_ppo,SZ Air,PPO,1337,260,698880,-568.95776475,-571.7735309833333
sz_air_ppo,SZ Air,PPO,1337,261,701568,-568.14844925,-571.5700059166666
sz_air_ppo,SZ Air,PPO,1337,262,704256,-567.1735134999999,-571.3391535166666
sz_air_ppo,SZ Air,PPO,1337,263,706944,-566.4801682499999,-571.15475525
sz_air_ppo,SZ Air,PPO,1337,264,709632,-567.0509025,-570.9317052083334
sz_air_ppo,SZ Air,PPO,1337,265,712320,-567.053392,-570.6090426166667
sz_air_ppo,SZ Air,PPO,1337,266,715008,-567.3186485,-570.394859425
sz_air_ppo,SZ Air,PPO,1337,267,717696,-569.233824,-570.2075952666667
sz_air_ppo,SZ Air,PPO,1337,268,720384,-569.644164,-570.1165874000001
sz_air_ppo,SZ Air,PPO,1337,269,723072,-566.8502975,-570.0005551166668
sz_air_ppo,SZ Air,PPO,1337,270,725760,-569.65194,-569.9172002083334
sz_air_ppo,SZ Air,PPO,1337,271,728448,-569.547391,-569.8400588083333
sz_air_ppo,SZ Air,PPO,1337,272,731136,-565.28265475,-569.5826524416666
sz_air_ppo,SZ Air,PPO,1337,273,733824,-566.6952142499999,-569.4997894249999
sz_air_ppo,SZ Air,PPO,1337,274,736512,-566.7024095,-569.3544417583333
sz_air_ppo,SZ Air,PPO,1337,275,739200,-569.41276075,-569.2900260666668
sz_air_ppo,SZ Air,PPO,1337,276,741888,-568.00722775,-569.075896775
sz_air_ppo,SZ Air,PPO,1337,277,744576,-567.9953115,-568.8051439666666
sz_air_ppo,SZ Air,PPO,1337,278,747264,-564.87086825,-568.6008636666667
sz_air_ppo,SZ Air,PPO,1337,279,749952,-565.860192,-568.448811275
sz_air_ppo,SZ Air,PPO,1337,280,752640,-565.4332744999999,-568.2118627583333
sz_air_ppo,SZ Air,PPO,1337,281,755328,-565.09534675,-568.1121309000001
sz_air_ppo,SZ Air,PPO,1337,282,758016,-566.3283524999999,-567.9603149
sz_air_ppo,SZ Air,PPO,1337,283,760704,-567.15658225,-567.80711885
sz_air_ppo,SZ Air,PPO,1337,284,763392,-567.4402415,-567.6634696083333
sz_air_ppo,SZ Air,PPO,1337,285,766080,-566.02466,-567.5494935499999
sz_air_ppo,SZ Air,PPO,1337,286,768768,-566.029722,-567.3840254583333
sz_air_ppo,SZ Air,PPO,1337,287,771456,-564.4950847499999,-567.2600831583333
sz_air_ppo,SZ Air,PPO,1337,288,774144,-565.0924082500001,-567.0903361
sz_air_ppo,SZ Air,PPO,1337,289,776832,-567.6889747499999,-567.0907247083331
sz_air_ppo,SZ Air,PPO,1337,290,779520,-564.63686325,-566.9466946583335
sz_air_ppo,SZ Air,PPO,1337,291,782208,-564.36772425,-566.8206704916668
sz_air_ppo,SZ Air,PPO,1337,292,784896,-566.9023285000001,-566.8116309916667
sz_air_ppo,SZ Air,PPO,1337,293,787584,-562.8902835,-566.6919681666667
sz_air_ppo,SZ Air,PPO,1337,294,790272,-565.5817160000001,-566.6429952833333
sz_air_ppo,SZ Air,PPO,1337,295,792960,-565.7548182500001,-566.5997094916667
sz_air_ppo,SZ Air,PPO,1337,296,795648,-564.236692,-566.4969776083333
sz_air_ppo,SZ Air,PPO,1337,297,798336,-563.60354625,-566.3093016833334
sz_air_ppo,SZ Air,PPO,1337,298,801024,-563.56009175,-566.106499275
sz_air_ppo,SZ Air,PPO,1337,299,803712,-563.9275365,-566.0090739083333
sz_air_ppo,SZ Air,PPO,1337,300,806400,-565.292474,-565.8637583750001
sz_air_ppo,SZ Air,PPO,1337,301,809088,-563.236337,-565.6533899083333
sz_air_ppo,SZ Air,PPO,1337,302,811776,-563.7105222499999,-565.6009854916666
sz_air_ppo,SZ Air,PPO,1337,303,814464,-564.6348675,-565.5323072666667
sz_air_ppo,SZ Air,PPO,1337,304,817152,-562.7432965,-565.4003368333334
sz_air_ppo,SZ Air,PPO,1337,305,819840,-562.8208129999999,-565.1806052416666
sz_air_ppo,SZ Air,PPO,1337,306,822528,-564.5796124999999,-565.0663514000001
sz_air_ppo,SZ Air,PPO,1337,307,825216,-563.96568925,-564.9320306583334
sz_air_ppo,SZ Air,PPO,1337,308,827904,-564.36102075,-564.9150357416668
sz_air_ppo,SZ Air,PPO,1337,309,830592,-564.737879,-564.8776253083334
sz_air_ppo,SZ Air,PPO,1337,310,833280,-562.4316695,-564.7775718083334
sz_air_ppo,SZ Air,PPO,1337,311,835968,-564.1425965,-564.7458134666667
sz_air_ppo,SZ Air,PPO,1337,312,838656,-562.9647975,-564.6336949666668
sz_air_ppo,SZ Air,PPO,1337,313,841344,-562.3228952500001,-564.4725720666667
sz_air_ppo,SZ Air,PPO,1337,314,844032,-564.75461575,-564.3830512083333
sz_air_ppo,SZ Air,PPO,1337,315,846720,-563.03907525,-564.2835317166666
sz_air_ppo,SZ Air,PPO,1337,316,849408,-563.5089437500001,-564.1995057749999
sz_air_ppo,SZ Air,PPO,1337,317,852096,-562.9050412500001,-564.1465043250001
sz_air_ppo,SZ Air,PPO,1337,318,854784,-561.77823275,-564.0360318083333
sz_air_ppo,SZ Air,PPO,1337,319,857472,-564.7007717500001,-563.9364250416668
sz_air_ppo,SZ Air,PPO,1337,320,860160,-562.6460392500001,-563.8700642416668
sz_air_ppo,SZ Air,PPO,1337,321,862848,-563.68141625,-563.8471873083333
sz_air_ppo,SZ Air,PPO,1337,322,865536,-563.28756625,-563.7266952333334
sz_air_ppo,SZ Air,PPO,1337,323,868224,-564.8031785,-563.7904584
sz_air_ppo,SZ Air,PPO,1337,324,870912,-563.3657335,-563.7165923166667
sz_air_ppo,SZ Air,PPO,1337,325,873600,-562.828707,-563.619055275
sz_air_ppo,SZ Air,PPO,1337,326,876288,-563.1509165,-563.5828627583334
sz_air_ppo,SZ Air,PPO,1337,327,878976,-563.6504982499999,-563.5844278250001
sz_air_ppo,SZ Air,PPO,1337,328,881664,-562.4398775,-563.5470873500001
sz_air_ppo,SZ Air,PPO,1337,329,884352,-563.0422145,-563.5175766166667
sz_air_ppo,SZ Air,PPO,1337,330,887040,-563.7979794999999,-563.4677601333334
sz_air_ppo,SZ Air,PPO,1337,331,889728,-561.30935775,-563.4035274916665
sz_air_ppo,SZ Air,PPO,1337,332,892416,-563.23403825,-563.3876446916667
sz_air_ppo,SZ Air,PPO,1337,333,895104,-562.8741709999999,-563.3289548083334
sz_air_ppo,SZ Air,PPO,1337,334,897792,-562.74733025,-563.3290892666666
sz_air_ppo,SZ Air,PPO,1337,335,900480,-563.23572725,-563.3429197416667
sz_air_ppo,SZ Air,PPO,1337,336,903168,-561.76368,-563.2490553250001
sz_air_ppo,SZ Air,PPO,1337,337,905856,-563.361063,-563.2289011166666
sz_air_ppo,SZ Air,PPO,1337,338,908544,-561.66873525,-563.1391582666668
sz_air_ppo,SZ Air,PPO,1337,339,911232,-562.8357425,-563.0757537166667
sz_air_ppo,SZ Air,PPO,1337,340,913920,-561.538847,-563.0459929666666
sz_air_ppo,SZ Air,PPO,1337,341,916608,-561.35748075,-562.9531557749999
sz_air_ppo,SZ Air,PPO,1337,342,919296,-561.1668195,-562.893223175
sz_air_ppo,SZ Air,PPO,1337,343,921984,-560.86916825,-562.8447656083333
sz_air_ppo,SZ Air,PPO,1337,344,924672,-562.22718825,-562.7605180249999
sz_air_ppo,SZ Air,PPO,1337,345,927360,-562.8963914999999,-562.7557619
sz_air_ppo,SZ Air,PPO,1337,346,930048,-562.4666082499999,-562.7210173833333
sz_air_ppo,SZ Air,PPO,1337,347,932736,-562.91380175,-562.7213094
sz_air_ppo,SZ Air,PPO,1337,348,935424,-561.721324,-562.7194124416667
sz_air_ppo,SZ Air,PPO,1337,349,938112,-561.394893,-562.6092164833334
sz_air_ppo,SZ Air,PPO,1337,350,940800,-561.08140825,-562.5570621166667
sz_air_ppo,SZ Air,PPO,2026,1,2688,-16080.089673,-16080.089673
sz_air_ppo,SZ Air,PPO,2026,2,5376,-12524.18517975,-14302.137426375
sz_air_ppo,SZ Air,PPO,2026,3,8064,-11596.30470825,-13400.193186999999
sz_air_ppo,SZ Air,PPO,2026,4,10752,-10911.700064749999,-12778.0699064375
sz_air_ppo,SZ Air,PPO,2026,5,13440,-11478.49686875,-12518.155298900001
sz_air_ppo,SZ Air,PPO,2026,6,16128,-9836.475733750001,-12071.208704708333
sz_air_ppo,SZ Air,PPO,2026,7,18816,-9342.03257075,-11681.326399857144
sz_air_ppo,SZ Air,PPO,2026,8,21504,-9209.29454425,-11372.32241790625
sz_air_ppo,SZ Air,PPO,2026,9,24192,-9551.02534675,-11169.956076666667
sz_air_ppo,SZ Air,PPO,2026,10,26880,-9424.34231675,-10995.394700675
sz_air_ppo,SZ Air,PPO,2026,11,29568,-8957.2397235,-10810.107884568182
sz_air_ppo,SZ Air,PPO,2026,12,32256,-8420.82925825,-10611.001332375
sz_air_ppo,SZ Air,PPO,2026,13,34944,-7817.743155,-10396.13531873077
sz_air_ppo,SZ Air,PPO,2026,14,37632,-8539.89117875,-10263.546451589285
sz_air_ppo,SZ Air,PPO,2026,15,40320,-8402.328141,-10139.465230883334
sz_air_ppo,SZ Air,PPO,2026,16,43008,-7492.8496425,-9974.051756609377
sz_air_ppo,SZ Air,PPO,2026,17,45696,-8361.9615605,-9879.222921544118
sz_air_ppo,SZ Air,PPO,2026,18,48384,-7491.6601737500005,-9746.580546666668
sz_air_ppo,SZ Air,PPO,2026,19,51072,-7223.91897275,-9613.808884881579
sz_air_ppo,SZ Air,PPO,2026,20,53760,-6986.523141500001,-9482.4445977125
sz_air_ppo,SZ Air,PPO,2026,21,56448,-7135.16069875,-9370.669173952381
sz_air_ppo,SZ Air,PPO,2026,22,59136,-6928.5427092499995,-9259.663425556819
sz_air_ppo,SZ Air,PPO,2026,23,61824,-6572.3301085,-9142.822846554347
sz_air_ppo,SZ Air,PPO,2026,24,64512,-6862.739857250001,-9047.819388666667
sz_air_ppo,SZ Air,PPO,2026,25,67200,-6284.64895975,-8937.29257151
sz_air_ppo,SZ Air,PPO,2026,26,69888,-6213.316841,-8832.524274182691
sz_air_ppo,SZ Air,PPO,2026,27,72576,-6400.00684,-8742.431035879628
sz_air_ppo,SZ Air,PPO,2026,28,75264,-6353.76333725,-8657.121475214286
sz_air_ppo,SZ Air,PPO,2026,29,77952,-5956.79486975,-8564.006764681035
sz_air_ppo,SZ Air,PPO,2026,30,80640,-5446.2440525,-8460.081340941666
sz_air_ppo,SZ Air,PPO,2026,31,83328,-5256.667046250001,-8099.300586716667
sz_air_ppo,SZ Air,PPO,2026,32,86016,-5229.424262750001,-7856.141889483332
sz_air_ppo,SZ Air,PPO,2026,33,88704,-5149.61979775,-7641.252392466667
sz_air_ppo,SZ Air,PPO,2026,34,91392,-4808.46646125,-7437.811272349999
sz_air_ppo,SZ Air,PPO,2026,35,94080,-4904.766442,-7218.686924791666
sz_air_ppo,SZ Air,PPO,2026,36,96768,-4745.159326999999,-7048.9763778999995
sz_air_ppo,SZ Air,PPO,2026,37,99456,-4626.544383,-6891.793438308333
sz_air_ppo,SZ Air,PPO,2026,38,102144,-4146.27804425,-6723.026221641668
sz_air_ppo,SZ Air,PPO,2026,39,104832,-4091.60884925,-6541.045671725001
sz_air_ppo,SZ Air,PPO,2026,40,107520,-3693.98106275,-6350.033629925001
sz_air_ppo,SZ Air,PPO,2026,41,110208,-3839.76703775,-6179.451207066667
sz_air_ppo,SZ Air,PPO,2026,42,112896,-3838.85133275,-6026.718609550001
sz_air_ppo,SZ Air,PPO,2026,43,115584,-3492.47758075,-5882.543090408334
sz_air_ppo,SZ Air,PPO,2026,44,118272,-3251.51202875,-5706.263785408334
sz_air_ppo,SZ Air,PPO,2026,45,120960,-3045.7065855,-5527.709733558335
sz_air_ppo,SZ Air,PPO,2026,46,123648,-2934.65918425,-5375.770051616667
sz_air_ppo,SZ Air,PPO,2026,47,126336,-2646.28942,-5185.247646933333
sz_air_ppo,SZ Air,PPO,2026,48,129024,-2372.2681860000002,-5014.601247341667
sz_air_ppo,SZ Air,PPO,2026,49,131712,-2057.7070297500004,-4842.394182574999
sz_air_ppo,SZ Air,PPO,2026,50,134400,-2075.1157569999996,-4678.680603091665
sz_air_ppo,SZ Air,PPO,2026,51,137088,-1742.04028,-4498.909922466666
sz_air_ppo,SZ Air,PPO,2026,52,139776,-1929.52646725,-4332.276047733334
sz_air_ppo,SZ Air,PPO,2026,53,142464,-1985.2878325000001,-4179.374638533334
sz_air_ppo,SZ Air,PPO,2026,54,145152,-1510.690421,-4000.972990658334
sz_air_ppo,SZ Air,PPO,2026,55,147840,-1745.9823419999998,-3849.6841034000004
sz_air_ppo,SZ Air,PPO,2026,56,150528,-1579.60878325,-3695.2271681416673
sz_air_ppo,SZ Air,PPO,2026,57,153216,-1499.36799075,-3531.872539833334
sz_air_ppo,SZ Air,PPO,2026,58,155904,-1174.54034925,-3359.2317735666675
sz_air_ppo,SZ Air,PPO,2026,59,158592,-1108.56050775,-3197.6239615000004
sz_air_ppo,SZ Air,PPO,2026,60,161280,-1143.1802942499999,-3054.188502891667
sz_air_ppo,SZ Air,PPO,2026,61,163968,-1021.51021525,-2913.0166085250003
sz_air_ppo,SZ Air,PPO,2026,62,166656,-996.98091625,-2771.9351636416673
sz_air_ppo,SZ Air,PPO,2026,63,169344,-894.5423937500001,-2630.0992501750006
sz_air_ppo,SZ Air,PPO,2026,64,172032,-873.95071225,-2498.948725208334
sz_air_ppo,SZ Air,PPO,2026,65,174720,-822.7736452500001,-2362.8822986500004
sz_air_ppo,SZ Air,PPO,2026,66,177408,-818.7560707499999,-2232.002190108333
sz_air_ppo,SZ Air,PPO,2026,67,180096,-804.6496942499999,-2104.6057004833337
sz_air_ppo,SZ Air,PPO,2026,68,182784,-746.20966325,-1991.2700877833336
sz_air_ppo,SZ Air,PPO,2026,69,185472,-795.76542575,-1881.4086403333338
sz_air_ppo,SZ Air,PPO,2026,70,188160,-763.9878717500001,-1783.742200633334
sz_air_ppo,SZ Air,PPO,2026,71,190848,-711.4288087499999,-1679.4642596666672
sz_air_ppo,SZ Air,PPO,2026,72,193536,-743.37484975,-1576.2817102333336
sz_air_ppo,SZ Air,PPO,2026,73,196224,-724.7256865,-1484.0233137583336
sz_air_ppo,SZ Air,PPO,2026,74,198912,-721.8990585,-1399.702881416667
sz_air_ppo,SZ Air,PPO,2026,75,201600,-699.180417,-1321.4853424666667
sz_air_ppo,SZ Air,PPO,2026,76,204288,-697.6321389999999,-1246.9177742916668
sz_air_ppo,SZ Air,PPO,2026,77,206976,-693.4325315,-1181.8225446750002
sz_air_ppo,SZ Air,PPO,2026,78,209664,-688.46579625,-1125.69579835
sz_air_ppo,SZ Air,PPO,2026,79,212352,-701.3250337500001,-1080.48306515
sz_air_ppo,SZ Air,PPO,2026,80,215040,-686.3233134999999,-1034.1899836999999
sz_air_ppo,SZ Air,PPO,2026,81,217728,-682.4657205,-998.8708317166667
sz_air_ppo,SZ Air,PPO,2026,82,220416,-686.4168177500001,-957.4338433999999
sz_air_ppo,SZ Air,PPO,2026,83,223104,-677.1625804999999,-913.8296683333333
sz_air_ppo,SZ Air,PPO,2026,84,225792,-675.1899872500001,-885.9796538749999
sz_air_ppo,SZ Air,PPO,2026,85,228480,-671.5337515,-850.1647008583334
sz_air_ppo,SZ Air,PPO,2026,86,231168,-675.13372875,-820.0155323749999
sz_air_ppo,SZ Air,PPO,2026,87,233856,-668.7868257499999,-792.3294935416667
sz_air_ppo,SZ Air,PPO,2026,88,236544,-668.0748709999999,-775.4473109333334
sz_air_ppo,SZ Air,PPO,2026,89,239232,-658.36375675,-760.4407525666667
sz_air_ppo,SZ Air,PPO,2026,90,241920,-667.43260625,-744.5824963
sz_air_ppo,SZ Air,PPO,2026,91,244608,-648.3484665000001,-732.1437713416668
sz_air_ppo,SZ Air,PPO,2026,92,247296,-653.251837,-720.6861353666668
sz_air_ppo,SZ Air,PPO,2026,93,249984,-647.1899022499999,-712.4410523166666
sz_air_ppo,SZ Air,PPO,2026,94,252672,-660.43184625,-705.3237567833335
sz_air_ppo,SZ Air,PPO,2026,95,255360,-644.91889875,-699.3952652333334
sz_air_ppo,SZ Air,PPO,2026,96,258048,-642.077632,-693.5059839416666
sz_air_ppo,SZ Air,PPO,2026,97,260736,-643.908067,-688.1479297000001
sz_air_ppo,SZ Air,PPO,2026,98,263424,-644.1486605,-684.7458962750001
sz_air_ppo,SZ Air,PPO,2026,99,266112,-659.9401005,-680.2183854333333
sz_air_ppo,SZ Air,PPO,2026,100,268800,-641.9442255,-676.1502638916666
sz_air_ppo,SZ Air,PPO,2026,101,271488,-646.571897,-673.9883668333334
sz_air_ppo,SZ Air,PPO,2026,102,274176,-645.12002375,-670.7132059666668
sz_air_ppo,SZ Air,PPO,2026,103,276864,-650.43213375,-668.2367542083334
sz_air_ppo,SZ Air,PPO,2026,104,279552,-640.7377185,-665.5313762083334
sz_air_ppo,SZ Air,PPO,2026,105,282240,-635.8363405,-663.4199069916668
sz_air_ppo,SZ Air,PPO,2026,106,284928,-629.5604635,-661.1508511416667
sz_air_ppo,SZ Air,PPO,2026,107,287616,-632.256933,-659.111664525
sz_air_ppo,SZ Air,PPO,2026,108,290304,-633.2357569999999,-657.2706632166667
sz_air_ppo,SZ Air,PPO,2026,109,292992,-638.2285472499999,-655.1674469999998
sz_air_ppo,SZ Air,PPO,2026,110,295680,-642.6421142500001,-653.7114070249999
sz_air_ppo,SZ Air,PPO,2026,111,298368,-625.8740775,-651.8250189249999
sz_air_ppo,SZ Air,PPO,2026,112,301056,-630.56490775,-649.9632885916667
sz_air_ppo,SZ Air,PPO,2026,113,303744,-626.613314,-648.2783130416666
sz_air_ppo,SZ Air,PPO,2026,114,306432,-617.68954475,-646.3616316249999
sz_air_ppo,SZ Air,PPO,2026,115,309120,-620.4373155,-644.6584170916665
sz_air_ppo,SZ Air,PPO,2026,116,311808,-621.177667,-642.8598816999998
sz_air_ppo,SZ Air,PPO,2026,117,314496,-627.50985575,-641.4839826999998
sz_air_ppo,SZ Air,PPO,2026,118,317184,-620.43107975,-639.895856325
sz_air_ppo,SZ Air,PPO,2026,119,319872,-619.86756,-638.6126497666666
sz_air_ppo,SZ Air,PPO,2026,120,322560,-621.785129,-637.0910671916665
sz_air_ppo,SZ Air,PPO,2026,121,325248,-619.30305675,-636.1228868666665
sz_air_ppo,SZ Air,PPO,2026,122,327936,-630.286051,-635.3573606666665
sz_air_ppo,SZ Air,PPO,2026,123,330624,-620.3451024999999,-634.4625340083333
sz_air_ppo,SZ Air,PPO,2026,124,333312,-615.6910065,-632.9711726833334
sz_air_ppo,SZ Air,PPO,2026,125,336000,-612.098209,-631.8771496916667
sz_air_ppo,SZ Air,PPO,2026,126,338688,-618.5126807500001,-631.0916513166667
sz_air_ppo,SZ Air,PPO,2026,127,341376,-620.843214,-630.3228228833333
sz_air_ppo,SZ Air,PPO,2026,128,344064,-617.08223325,-629.4206086416667
sz_air_ppo,SZ Air,PPO,2026,129,346752,-616.1073995,-627.9595186083333
sz_air_ppo,SZ Air,PPO,2026,130,349440,-612.30509375,-626.97154755
sz_air_ppo,SZ Air,PPO,2026,131,352128,-621.87529625,-626.148327525
sz_air_ppo,SZ Air,PPO,2026,132,354816,-624.71576675,-625.468185625
sz_air_ppo,SZ Air,PPO,2026,133,357504,-620.15037775,-624.4587937583333
sz_air_ppo,SZ Air,PPO,2026,134,360192,-614.440698,-623.5822264083332
sz_air_ppo,SZ Air,PPO,2026,135,362880,-607.26450325,-622.6298318333334
sz_air_ppo,SZ Air,PPO,2026,136,365568,-606.03839725,-621.8457629583332
sz_air_ppo,SZ Air,PPO,2026,137,368256,-607.423669,-621.0179874916665
sz_air_ppo,SZ Air,PPO,2026,138,370944,-604.9800875,-620.0761318416666
sz_air_ppo,SZ Air,PPO,2026,139,373632,-610.0848215,-619.1380076500001
sz_air_ppo,SZ Air,PPO,2026,140,376320,-604.266138,-617.8588084416667
sz_air_ppo,SZ Air,PPO,2026,141,379008,-609.67578275,-617.3188652833334
sz_air_ppo,SZ Air,PPO,2026,142,381696,-603.18683925,-616.4062630000001
sz_air_ppo,SZ Air,PPO,2026,143,384384,-607.56295575,-615.7712510583333
sz_air_ppo,SZ Air,PPO,2026,144,387072,-607.48641825,-615.4311468416666
sz_air_ppo,SZ Air,PPO,2026,145,389760,-602.9747480000001,-614.8490612583333
sz_air_ppo,SZ Air,PPO,2026,146,392448,-605.487338,-614.3260502916667
sz_air_ppo,SZ Air,PPO,2026,147,395136,-601.21488075,-613.449551125
sz_air_ppo,SZ Air,PPO,2026,148,397824,-599.77573375,-612.7610395916666
sz_air_ppo,SZ Air,PPO,2026,149,400512,-605.25042725,-612.2738018333334
sz_air_ppo,SZ Air,PPO,2026,150,403200,-601.8012745000001,-611.6076733500001
sz_air_ppo,SZ Air,PPO,2026,151,405888,-600.382357,-610.9769833583334
sz_air_ppo,SZ Air,PPO,2026,152,408576,-600.8245279999999,-609.9949325916666
sz_air_ppo,SZ Air,PPO,2026,153,411264,-605.895163,-609.5132679416668
sz_air_ppo,SZ Air,PPO,2026,154,413952,-603.37787675,-609.1028302833333
sz_air_ppo,SZ Air,PPO,2026,155,416640,-598.53992625,-608.650887525
sz_air_ppo,SZ Air,PPO,2026,156,419328,-599.7251945,-608.0246379833333
sz_air_ppo,SZ Air,PPO,2026,157,422016,-601.34403775,-607.3746654416666
sz_air_ppo,SZ Air,PPO,2026,158,424704,-609.43922225,-607.1198984083333
sz_air_ppo,SZ Air,PPO,2026,159,427392,-596.4153257500001,-606.46349595
sz_air_ppo,SZ Air,PPO,2026,160,430080,-605.39800875,-606.2332597833333
sz_air_ppo,SZ Air,PPO,2026,161,432768,-599.16433275,-605.4762276666664
sz_air_ppo,SZ Air,PPO,2026,162,435456,-599.50696175,-604.6359341666666
sz_air_ppo,SZ Air,PPO,2026,163,438144,-596.1853485,-603.8370998583334
sz_air_ppo,SZ Air,PPO,2026,164,440832,-596.2600935,-603.2310797083334
sz_air_ppo,SZ Air,PPO,2026,165,443520,-595.074858,-602.8247582
sz_air_ppo,SZ Air,PPO,2026,166,446208,-595.92413775,-602.4876162166668
sz_air_ppo,SZ Air,PPO,2026,167,448896,-595.96195625,-602.105559125
sz_air_ppo,SZ Air,PPO,2026,168,451584,-599.5912882499999,-601.9259324833334
sz_air_ppo,SZ Air,PPO,2026,169,454272,-596.75526975,-601.4816140916668
sz_air_ppo,SZ Air,PPO,2026,170,456960,-595.22281525,-601.18017
sz_air_ppo,SZ Air,PPO,2026,171,459648,-597.0511927499999,-600.7593503333334
sz_air_ppo,SZ Air,PPO,2026,172,462336,-593.3249655000001,-600.4306212083334
sz_air_ppo,SZ Air,PPO,2026,173,465024,-593.2705309999999,-599.9542070499998
sz_air_ppo,SZ Air,PPO,2026,174,467712,-598.0313052500001,-599.6390366166665
sz_air_ppo,SZ Air,PPO,2026,175,470400,-592.274262,-599.28235375
sz_air_ppo,SZ Air,PPO,2026,176,473088,-594.8959515,-598.9293075333333
sz_air_ppo,SZ Air,PPO,2026,177,475776,-592.5600415,-598.6408128916667
sz_air_ppo,SZ Air,PPO,2026,178,478464,-592.98336525,-598.4144006083334
sz_air_ppo,SZ Air,PPO,2026,179,481152,-594.4964042500001,-598.055933175
sz_air_ppo,SZ Air,PPO,2026,180,483840,-596.94272475,-597.8939815166667
sz_air_ppo,SZ Air,PPO,2026,181,486528,-593.4125222499999,-597.6616536916666
sz_air_ppo,SZ Air,PPO,2026,182,489216,-593.4032945,-597.4142792416667
sz_air_ppo,SZ Air,PPO,2026,183,491904,-590.3844435,-596.8972552583333
sz_air_ppo,SZ Air,PPO,2026,184,494592,-591.42263875,-596.4987473250001
sz_air_ppo,SZ Air,PPO,2026,185,497280,-591.1186472500001,-596.2513713583334
sz_air_ppo,SZ Air,PPO,2026,186,499968,-592.7378767499999,-596.0184607666667
sz_air_ppo,SZ Air,PPO,2026,187,502656,-588.0760115,-595.5761932250001
sz_air_ppo,SZ Air,PPO,2026,188,505344,-591.7502295,-594.9865601333333
sz_air_ppo,SZ Air,PPO,2026,189,508032,-589.0095835000001,-594.7397020583334
sz_air_ppo,SZ Air,PPO,2026,190,510720,-588.913377,-594.1902143333333
sz_air_ppo,SZ Air,PPO,2026,191,513408,-591.026088,-593.9189395083333
sz_air_ppo,SZ Air,PPO,2026,192,516096,-589.07837775,-593.5713200416666
sz_air_ppo,SZ Air,PPO,2026,193,518784,-588.67829875,-593.32108505
sz_air_ppo,SZ Air,PPO,2026,194,521472,-588.2242457499999,-593.0532234583334
sz_air_ppo,SZ Air,PPO,2026,195,524160,-588.5110647500001,-592.83443035
sz_air_ppo,SZ Air,PPO,2026,196,526848,-591.8926085,-592.7000460416667
sz_air_ppo,SZ Air,PPO,2026,197,529536,-588.3288335,-592.4456086166665
sz_air_ppo,SZ Air,PPO,2026,198,532224,-587.0014605,-592.0259476916667
sz_air_ppo,SZ Air,PPO,2026,199,534912,-590.62329425,-591.8215485083333
sz_air_ppo,SZ Air,PPO,2026,200,537600,-587.7732462499999,-591.5732295416667
sz_air_ppo,SZ Air,PPO,2026,201,540288,-591.130445,-591.3758712833333
sz_air_ppo,SZ Air,PPO,2026,202,542976,-589.86806075,-591.2606411249999
sz_air_ppo,SZ Air,PPO,2026,203,545664,-586.91035925,-591.0486354
sz_air_ppo,SZ Air,PPO,2026,204,548352,-584.4227055,-590.5950154083333
sz_air_ppo,SZ Air,PPO,2026,205,551040,-586.128324,-590.3901508083334
sz_air_ppo,SZ Air,PPO,2026,206,553728,-587.185225,-590.1331265916668
sz_air_ppo,SZ Air,PPO,2026,207,556416,-585.73989675,-589.9057884333334
sz_air_ppo,SZ Air,PPO,2026,208,559104,-588.08005475,-589.74234475
sz_air_ppo,SZ Air,PPO,2026,209,561792,-586.05138875,-589.4608442333332
sz_air_ppo,SZ Air,PPO,2026,210,564480,-584.2388325,-589.0373811583332
sz_air_ppo,SZ Air,PPO,2026,211,567168,-585.01628175,-588.7575064749999
sz_air_ppo,SZ Air,PPO,2026,212,569856,-586.203957,-588.5175285583333
sz_air_ppo,SZ Air,PPO,2026,213,572544,-584.4793445,-588.320691925
sz_air_ppo,SZ Air,PPO,2026,214,575232,-588.639927,-588.2279348666667
sz_air_ppo,SZ Air,PPO,2026,215,577920,-587.75447675,-588.11579585
sz_air_ppo,SZ Air,PPO,2026,216,580608,-583.9275837499999,-587.8221194166666
sz_air_ppo,SZ Air,PPO,2026,217,583296,-588.59548125,-587.8394350749999
sz_air_ppo,SZ Air,PPO,2026,218,585984,-585.8954542500001,-587.6442758999999
sz_air_ppo,SZ Air,PPO,2026,219,588672,-583.53494325,-587.4617878916666
sz_air_ppo,SZ Air,PPO,2026,220,591360,-584.26503275,-587.3068430833334
sz_air_ppo,SZ Air,PPO,2026,221,594048,-586.3778992499999,-587.1519034583333
sz_air_ppo,SZ Air,PPO,2026,222,596736,-583.778313,-586.9752346333333
sz_air_ppo,SZ Air,PPO,2026,223,599424,-583.58313675,-586.8053959
sz_air_ppo,SZ Air,PPO,2026,224,602112,-584.4715275,-586.6803052916667
sz_air_ppo,SZ Air,PPO,2026,225,604800,-582.4493515,-586.4782481833333
sz_air_ppo,SZ Air,PPO,2026,226,607488,-583.441659,-586.1965498666667
sz_air_ppo,SZ Air,PPO,2026,227,610176,-583.6360975,-586.0401253333332
sz_air_ppo,SZ Air,PPO,2026,228,612864,-581.67487525,-585.8625724916666
sz_air_ppo,SZ Air,PPO,2026,229,615552,-582.48264275,-585.5912174416666
sz_air_ppo,SZ Air,PPO,2026,230,618240,-581.180863,-585.3714713333335
sz_air_ppo,SZ Air,PPO,2026,231,620928,-581.4691067499999,-585.0494267250001
sz_air_ppo,SZ Air,PPO,2026,232,623616,-581.98711725,-584.7867286083333
sz_air_ppo,SZ Air,PPO,2026,233,626304,-582.2301815000001,-584.6307226833334
sz_air_ppo,SZ Air,PPO,2026,234,628992,-579.7801852499999,-584.4759720083333
sz_air_ppo,SZ Air,PPO,2026,235,631680,-580.9164177499999,-584.3022418
sz_air_ppo,SZ Air,PPO,2026,236,634368,-581.1273355000001,-584.10031215
sz_air_ppo,SZ Air,PPO,2026,237,637056,-582.00958775,-583.9759685166666
sz_air_ppo,SZ Air,PPO,2026,238,639744,-580.8806950000001,-583.7359898583333
sz_air_ppo,SZ Air,PPO,2026,239,642432,-580.4145725,-583.5480959833334
sz_air_ppo,SZ Air,PPO,2026,240,645120,-580.1667042500001,-583.412358375
sz_air_ppo,SZ Air,PPO,2026,241,647808,-580.45231225,-583.2602260583333
sz_air_ppo,SZ Air,PPO,2026,242,650496,-582.33006475,-583.1310963166667
sz_air_ppo,SZ Air,PPO,2026,243,653184,-578.786153,-582.9413232666666
sz_air_ppo,SZ Air,PPO,2026,244,655872,-581.08342325,-582.6894398083332
sz_air_ppo,SZ Air,PPO,2026,245,658560,-580.4497482500001,-582.4459488583332
sz_air_ppo,SZ Air,PPO,2026,246,661248,-582.17801,-582.3876297333334
sz_air_ppo,SZ Air,PPO,2026,247,663936,-580.798065,-582.1277158583332
sz_air_ppo,SZ Air,PPO,2026,248,666624,-578.7880467499999,-581.8908022749999
sz_air_ppo,SZ Air,PPO,2026,249,669312,-579.130496,-581.7439873666666
sz_air_ppo,SZ Air,PPO,2026,250,672000,-581.38659975,-581.6480396000001
sz_air_ppo,SZ Air,PPO,2026,251,674688,-578.31124275,-581.3791510499999
sz_air_ppo,SZ Air,PPO,2026,252,677376,-578.5230204999999,-581.2039746333334
sz_air_ppo,SZ Air,PPO,2026,253,680064,-578.60270175,-581.0379601333334
sz_air_ppo,SZ Air,PPO,2026,254,682752,-580.20477125,-580.8957349249999
sz_air_ppo,SZ Air,PPO,2026,255,685440,-580.20505625,-580.8209250833333
sz_air_ppo,SZ Air,PPO,2026,256,688128,-577.43904275,-580.620837875
sz_air_ppo,SZ Air,PPO,2026,257,690816,-575.7162162500001,-580.3568418333333
sz_air_ppo,SZ Air,PPO,2026,258,693504,-577.46446,-580.2164946583333
sz_air_ppo,SZ Air,PPO,2026,259,696192,-578.533025,-580.0848407333335
sz_air_ppo,SZ Air,PPO,2026,260,698880,-576.37754725,-579.9247302083332
sz_air_ppo,SZ Air,PPO,2026,261,701568,-577.5938470000001,-579.7955548833335
sz_air_ppo,SZ Air,PPO,2026,262,704256,-578.1816225,-579.6687050583333
sz_air_ppo,SZ Air,PPO,2026,263,706944,-578.99633575,-579.5609101999999
sz_air_ppo,SZ Air,PPO,2026,264,709632,-582.847051,-579.6631390583334
sz_air_ppo,SZ Air,PPO,2026,265,712320,-578.868491,-579.5948748333334
sz_air_ppo,SZ Air,PPO,2026,266,715008,-580.2801402499999,-579.5666349916667
sz_air_ppo,SZ Air,PPO,2026,267,717696,-578.686521,-579.4558661
sz_air_ppo,SZ Air,PPO,2026,268,720384,-574.5783270000001,-579.2457871666667
sz_air_ppo,SZ Air,PPO,2026,269,723072,-577.0287862499999,-579.132927625
sz_air_ppo,SZ Air,PPO,2026,270,725760,-577.708803,-579.0509975833334
sz_air_ppo,SZ Air,PPO,2026,271,728448,-574.956571,-578.8678062083333
sz_air_ppo,SZ Air,PPO,2026,272,731136,-575.43361975,-578.6379247083333
sz_air_ppo,SZ Air,PPO,2026,273,733824,-575.3117412500001,-578.5221109833333
sz_air_ppo,SZ Air,PPO,2026,274,736512,-575.67827475,-578.3419393666667
sz_air_ppo,SZ Air,PPO,2026,275,739200,-575.3007842499999,-578.1703072333332
sz_air_ppo,SZ Air,PPO,2026,276,741888,-576.0761505,-577.9669119166667
sz_air_ppo,SZ Air,PPO,2026,277,744576,-576.4800809999999,-577.8229791166667
sz_air_ppo,SZ Air,PPO,2026,278,747264,-577.366629,-577.7755985250001
sz_air_ppo,SZ Air,PPO,2026,279,749952,-575.35315275,-577.6496870833332
sz_air_ppo,SZ Air,PPO,2026,280,752640,-576.66071075,-577.4921574499999
sz_air_ppo,SZ Air,PPO,2026,281,755328,-576.12496325,-577.4192814666666
sz_air_ppo,SZ Air,PPO,2026,282,758016,-578.58341475,-577.4212946083333
sz_air_ppo,SZ Air,PPO,2026,283,760704,-574.23898,-577.2758372166666
sz_air_ppo,SZ Air,PPO,2026,284,763392,-574.6993245,-577.0923223249999
sz_air_ppo,SZ Air,PPO,2026,285,766080,-574.4000524999999,-576.8988222
sz_air_ppo,SZ Air,PPO,2026,286,768768,-576.34596,-576.8623861083332
sz_air_ppo,SZ Air,PPO,2026,287,771456,-573.321707,-576.7825691333333
sz_air_ppo,SZ Air,PPO,2026,288,774144,-573.20215375,-576.6404922583333
sz_air_ppo,SZ Air,PPO,2026,289,776832,-574.0024735,-576.4894738749998
sz_air_ppo,SZ Air,PPO,2026,290,779520,-576.7819755,-576.5029548166666
sz_air_ppo,SZ Air,PPO,2026,291,782208,-571.7637992499999,-576.3086198916667
sz_air_ppo,SZ Air,PPO,2026,292,784896,-576.36642325,-576.2481132500001
sz_air_ppo,SZ Air,PPO,2026,293,787584,-573.52752775,-576.0658196500001
sz_air_ppo,SZ Air,PPO,2026,294,790272,-572.34705725,-575.7158198583334
sz_air_ppo,SZ Air,PPO,2026,295,792960,-576.10173825,-575.6235947666667
sz_air_ppo,SZ Air,PPO,2026,296,795648,-571.4014665,-575.327638975
sz_air_ppo,SZ Air,PPO,2026,297,798336,-573.2335682500001,-575.1458738833334
sz_air_ppo,SZ Air,PPO,2026,298,801024,-574.11941025,-575.1305766583334
sz_air_ppo,SZ Air,PPO,2026,299,803712,-572.62815525,-574.9838889583333
sz_air_ppo,SZ Air,PPO,2026,300,806400,-572.3232045000001,-574.8043690083333
sz_air_ppo,SZ Air,PPO,2026,301,809088,-573.2098759999999,-574.7461458416667
sz_air_ppo,SZ Air,PPO,2026,302,811776,-572.252613,-574.6401122833333
sz_air_ppo,SZ Air,PPO,2026,303,814464,-575.1774365000001,-574.6356354583334
sz_air_ppo,SZ Air,PPO,2026,304,817152,-573.870401,-574.5753730000001
sz_air_ppo,SZ Air,PPO,2026,305,819840,-572.4407805000001,-574.4800395416667
sz_air_ppo,SZ Air,PPO,2026,306,822528,-573.4343130000001,-574.3919782916668
sz_air_ppo,SZ Air,PPO,2026,307,825216,-572.52381925,-574.2601029
sz_air_ppo,SZ Air,PPO,2026,308,827904,-572.2554275,-574.0897295166666
sz_air_ppo,SZ Air,PPO,2026,309,830592,-571.98694475,-573.9775225833332
sz_air_ppo,SZ Air,PPO,2026,310,833280,-573.2058825,-573.8623616416666
sz_air_ppo,SZ Air,PPO,2026,311,835968,-572.16679075,-573.7304225583334
sz_air_ppo,SZ Air,PPO,2026,312,838656,-571.6345365,-573.4987932833335
sz_air_ppo,SZ Air,PPO,2026,313,841344,-572.72063325,-573.448181725
sz_air_ppo,SZ Air,PPO,2026,314,844032,-570.53885,-573.3094992416667
sz_air_ppo,SZ Air,PPO,2026,315,846720,-570.4579815,-573.178096875
sz_air_ppo,SZ Air,PPO,2026,316,849408,-571.3828480000001,-573.0126598083334
sz_air_ppo,SZ Air,PPO,2026,317,852096,-571.49944975,-572.9519179000001
sz_air_ppo,SZ Air,PPO,2026,318,854784,-570.731801,-572.8695728083334
sz_air_ppo,SZ Air,PPO,2026,319,857472,-570.09798875,-572.7394233166667
sz_air_ppo,SZ Air,PPO,2026,320,860160,-570.6148862499999,-572.533853675
sz_air_ppo,SZ Air,PPO,2026,321,862848,-570.772045,-572.5007952
sz_air_ppo,SZ Air,PPO,2026,322,865536,-569.60424775,-572.27538935
sz_air_ppo,SZ Air,PPO,2026,323,868224,-571.203614,-572.1979255583334
sz_air_ppo,SZ Air,PPO,2026,324,870912,-570.0538145,-572.1214841333333
sz_air_ppo,SZ Air,PPO,2026,325,873600,-570.38662975,-571.9309805166666
sz_air_ppo,SZ Air,PPO,2026,326,876288,-569.4154885,-571.86478125
sz_air_ppo,SZ Air,PPO,2026,327,878976,-569.99351025,-571.7567793166667
sz_air_ppo,SZ Air,PPO,2026,328,881664,-571.61231275,-571.6732094
sz_air_ppo,SZ Air,PPO,2026,329,884352,-571.63917725,-571.6402434666668
sz_air_ppo,SZ Air,PPO,2026,330,887040,-570.139443,-571.5674514166668
sz_air_ppo,SZ Air,PPO,2026,331,889728,-570.461882,-571.4758516166665
sz_air_ppo,SZ Air,PPO,2026,332,892416,-567.9623285,-571.3328421333334
sz_air_ppo,SZ Air,PPO,2026,333,895104,-572.425516,-571.24111145
sz_air_ppo,SZ Air,PPO,2026,334,897792,-568.6222392500001,-571.066172725
sz_air_ppo,SZ Air,PPO,2026,335,900480,-568.99723025,-570.9513877166667
sz_air_ppo,SZ Air,PPO,2026,336,903168,-568.23715125,-570.7781489916666
sz_air_ppo,SZ Air,PPO,2026,337,905856,-569.91932775,-570.6913326083334
sz_air_ppo,SZ Air,PPO,2026,338,908544,-567.0025115,-570.5162354083334
sz_air_ppo,SZ Air,PPO,2026,339,911232,-569.29549775,-570.4265205083335
sz_air_ppo,SZ Air,PPO,2026,340,913920,-567.68744025,-570.2425724333334
sz_air_ppo,SZ Air,PPO,2026,341,916608,-570.3527222499999,-570.1821034833334
sz_air_ppo,SZ Air,PPO,2026,342,919296,-569.33357425,-570.1054047416667
sz_air_ppo,SZ Air,PPO,2026,343,921984,-569.803328,-570.0081612333332
sz_air_ppo,SZ Air,PPO,2026,344,924672,-569.4411195,-569.9715702166667
sz_air_ppo,SZ Air,PPO,2026,345,927360,-567.9314844999999,-569.88735365
sz_air_ppo,SZ Air,PPO,2026,346,930048,-566.79000775,-569.7342589750001
sz_air_ppo,SZ Air,PPO,2026,347,932736,-570.15784325,-569.6895387583334
sz_air_ppo,SZ Air,PPO,2026,348,935424,-569.4139365,-569.6456099416667
sz_air_ppo,SZ Air,PPO,2026,349,938112,-570.6454295000001,-569.6638579666668
sz_air_ppo,SZ Air,PPO,2026,350,940800,-568.73476825,-569.6011873666666
mz_hydro_ppo,MZ Hydro,PPO,42,1,1920,-656.929205,-656.929205
mz_hydro_ppo,MZ Hydro,PPO,42,2,3840,-684.6463442500001,-670.7877746250001
mz_hydro_ppo,MZ Hydro,PPO,42,3,5760,-615.8332654999999,-652.4696049166668
mz_hydro_ppo,MZ Hydro,PPO,42,4,7680,-699.4536579999999,-664.2156181875
mz_hydro_ppo,MZ Hydro,PPO,42,5,9600,-646.96270975,-660.7650365000001
mz_hydro_ppo,MZ Hydro,PPO,42,6,11520,-620.2538035,-654.0131643333334
mz_hydro_ppo,MZ Hydro,PPO,42,7,13440,-625.111431,-649.8843452857144
mz_hydro_ppo,MZ Hydro,PPO,42,8,15360,-610.3202229999999,-644.93883
mz_hydro_ppo,MZ Hydro,PPO,42,9,17280,-610.33223925,-641.0936532500001
mz_hydro_ppo,MZ Hydro,PPO,42,10,19200,-594.18136925,-636.4024248500001
mz_hydro_ppo,MZ Hydro,PPO,42,11,21120,-590.8711107500001,-632.2632144772729
mz_hydro_ppo,MZ Hydro,PPO,42,12,23040,-619.49090375,-631.1988552500001
mz_hydro_ppo,MZ Hydro,PPO,42,13,24960,-616.737437,-630.0864384615386
mz_hydro_ppo,MZ Hydro,PPO,42,14,26880,-614.94776475,-629.0051046250001
mz_hydro_ppo,MZ Hydro,PPO,42,15,28800,-610.20028,-627.75144965
mz_hydro_ppo,MZ Hydro,PPO,42,16,30720,-598.124054,-625.899737421875
mz_hydro_ppo,MZ Hydro,PPO,42,17,32640,-588.6952925,-623.7112406617647
mz_hydro_ppo,MZ Hydro,PPO,42,18,34560,-595.8228517499999,-622.1618857222222
mz_hydro_ppo,MZ Hydro,PPO,42,19,36480,-587.2924,-620.3266496315789
mz_hydro_ppo,MZ Hydro,PPO,42,20,38400,-609.9948175,-619.810058025
mz_hydro_ppo,MZ Hydro,PPO,42,21,40320,-587.9233107499999,-618.2916414880953
mz_hydro_ppo,MZ Hydro,PPO,42,22,42240,-590.8763329999999,-617.0454911022728
mz_hydro_ppo,MZ Hydro,PPO,42,23,44160,-595.2769707499999,-616.0990336956522
mz_hydro_ppo,MZ Hydro,PPO,42,24,46080,-586.4414545,-614.8633012291666
mz_hydro_ppo,MZ Hydro,PPO,42,25,48000,-587.55310975,-613.77089357
mz_hydro_ppo,MZ Hydro,PPO,42,26,49920,-596.90535275,-613.1222189230768
mz_hydro_ppo,MZ Hydro,PPO,42,27,51840,-579.63710025,-611.8820293425925
mz_hydro_ppo,MZ Hydro,PPO,42,28,53760,-572.3391765,-610.4697845982143
mz_hydro_ppo,MZ Hydro,PPO,42,29,55680,-577.5480615,-609.3345527672415
mz_hydro_ppo,MZ Hydro,PPO,42,30,57600,-586.5162795,-608.5739436583334
mz_hydro_ppo,MZ Hydro,PPO,42,31,59520,-584.3796555,-606.1556253416668
mz_hydro_ppo,MZ Hydro,PPO,42,32,61440,-576.59208125,-602.553816575
mz_hydro_ppo,MZ Hydro,PPO,42,33,63360,-579.61092075,-601.3464050833334
mz_hydro_ppo,MZ Hydro,PPO,42,34,65280,-579.84089075,-597.3593128416668
mz_hydro_ppo,MZ Hydro,PPO,42,35,67200,-580.99181725,-595.1602830916669
mz_hydro_ppo,MZ Hydro,PPO,42,36,69120,-582.05330825,-593.8869332500001
mz_hydro_ppo,MZ Hydro,PPO,42,37,71040,-584.20355275,-592.5233373083335
mz_hydro_ppo,MZ Hydro,PPO,42,38,72960,-574.0327325000001,-591.3137542916667
mz_hydro_ppo,MZ Hydro,PPO,42,39,74880,-579.8162425,-590.2965544
mz_hydro_ppo,MZ Hydro,PPO,42,40,76800,-586.9164805,-590.0543914416667
mz_hydro_ppo,MZ Hydro,PPO,42,41,78720,-592.4505385,-590.1070390333333
mz_hydro_ppo,MZ Hydro,PPO,42,42,80640,-583.7855095,-588.916859225
mz_hydro_ppo,MZ Hydro,PPO,42,43,82560,-587.5640095,-587.9444116416669
mz_hydro_ppo,MZ Hydro,PPO,42,44,84480,-587.41839175,-587.026765875
mz_hydro_ppo,MZ Hydro,PPO,42,45,86400,-587.29017475,-586.2630957
mz_hydro_ppo,MZ Hydro,PPO,42,46,88320,-593.4112982500001,-586.1060038416667
mz_hydro_ppo,MZ Hydro,PPO,42,47,90240,-586.5751574999999,-586.0353326749998
mz_hydro_ppo,MZ Hydro,PPO,42,48,92160,-593.6421175,-585.9626415333333
mz_hydro_ppo,MZ Hydro,PPO,42,49,94080,-593.61230075,-586.1733048916666
mz_hydro_ppo,MZ Hydro,PPO,42,50,96000,-591.57900625,-585.5594445166665
mz_hydro_ppo,MZ Hydro,PPO,42,51,97920,-597.7454715,-585.8868498749999
mz_hydro_ppo,MZ Hydro,PPO,42,52,99840,-608.8724804999999,-586.4867214583332
mz_hydro_ppo,MZ Hydro,PPO,42,53,101760,-598.119659,-586.5814777333333
mz_hydro_ppo,MZ Hydro,PPO,42,54,103680,-596.0306305,-586.9011169333334
mz_hydro_ppo,MZ Hydro,PPO,42,55,105600,-597.424096,-587.2301498083333
mz_hydro_ppo,MZ Hydro,PPO,42,56,107520,-600.37055325,-587.3456564916667
mz_hydro_ppo,MZ Hydro,PPO,42,57,109440,-598.6940535000001,-587.9808882666665
mz_hydro_ppo,MZ Hydro,PPO,42,58,111360,-600.46271375,-588.9183395083332
mz_hydro_ppo,MZ Hydro,PPO,42,59,113280,-605.512873,-589.8504998916667
mz_hydro_ppo,MZ Hydro,PPO,42,60,115200,-597.63896675,-590.2212561333333
mz_hydro_ppo,MZ Hydro,PPO,42,61,117120,-605.405254,-590.9221094166667
mz_hydro_ppo,MZ Hydro,PPO,42,62,119040,-601.59642425,-591.7555875166668
mz_hydro_ppo,MZ Hydro,PPO,42,63,120960,-604.32659025,-592.5794431666667
mz_hydro_ppo,MZ Hydro,PPO,42,64,122880,-608.13429825,-593.5225567499999
mz_hydro_ppo,MZ Hydro,PPO,42,65,124800,-609.169771,-594.461821875
mz_hydro_ppo,MZ Hydro,PPO,42,66,126720,-610.9765585,-595.4259302166666
mz_hydro_ppo,MZ Hydro,PPO,42,67,128640,-611.74336275,-596.3439238833332
mz_hydro_ppo,MZ Hydro,PPO,42,68,130560,-614.928402,-597.7071128666666
mz_hydro_ppo,MZ Hydro,PPO,42,69,132480,-611.5721470000001,-598.7656430166667
mz_hydro_ppo,MZ Hydro,PPO,42,70,134400,-607.441039,-599.4497949666668
mz_hydro_ppo,MZ Hydro,PPO,42,71,136320,-607.27320475,-599.9438838416667
mz_hydro_ppo,MZ Hydro,PPO,42,72,138240,-597.03023375,-600.38537465
mz_hydro_ppo,MZ Hydro,PPO,42,73,140160,-607.79131825,-601.059618275
mz_hydro_ppo,MZ Hydro,PPO,42,74,142080,-612.58332025,-601.898449225
mz_hydro_ppo,MZ Hydro,PPO,42,75,144000,-601.827004,-602.3830101999998
mz_hydro_ppo,MZ Hydro,PPO,42,76,145920,-610.7369945,-602.9605334083333
mz_hydro_ppo,MZ Hydro,PPO,42,77,147840,-607.25168425,-603.6497509666666
mz_hydro_ppo,MZ Hydro,PPO,42,78,149760,-609.808358,-604.18862565
mz_hydro_ppo,MZ Hydro,PPO,42,79,151680,-609.7385615000001,-604.7261676749999
mz_hydro_ppo,MZ Hydro,PPO,42,80,153600,-608.261831,-605.2822618333333
mz_hydro_ppo,MZ Hydro,PPO,42,81,155520,-609.28551375,-605.6669299083334
mz_hydro_ppo,MZ Hydro,PPO,42,82,157440,-613.77195225,-605.8302456333334
mz_hydro_ppo,MZ Hydro,PPO,42,83,159360,-611.000512,-606.2596074
mz_hydro_ppo,MZ Hydro,PPO,42,84,161280,-617.02112475,-606.9592905416666
mz_hydro_ppo,MZ Hydro,PPO,42,85,163200,-609.6294164999999,-607.3661345583333
mz_hydro_ppo,MZ Hydro,PPO,42,86,165120,-618.6620822500001,-607.9758521916666
mz_hydro_ppo,MZ Hydro,PPO,42,87,167040,-609.3752077500001,-608.3318906666667
mz_hydro_ppo,MZ Hydro,PPO,42,88,168960,-611.70567125,-608.7066559166667
mz_hydro_ppo,MZ Hydro,PPO,42,89,170880,-610.33562725,-608.8674143916667
mz_hydro_ppo,MZ Hydro,PPO,42,90,172800,-619.60332875,-609.5995597916666
mz_hydro_ppo,MZ Hydro,PPO,42,91,174720,-617.9803975,-610.0187312416667
mz_hydro_ppo,MZ Hydro,PPO,42,92,176640,-616.8286935,-610.52647355
mz_hydro_ppo,MZ Hydro,PPO,42,93,178560,-612.38658075,-610.7951399
mz_hydro_ppo,MZ Hydro,PPO,42,94,180480,-614.0119435,-610.9910614083334
mz_hydro_ppo,MZ Hydro,PPO,42,95,182400,-613.35462625,-611.1305565833334
mz_hydro_ppo,MZ Hydro,PPO,42,96,184320,-613.2004965,-611.20468785
mz_hydro_ppo,MZ Hydro,PPO,42,97,186240,-614.3297297500001,-611.2909000833333
mz_hydro_ppo,MZ Hydro,PPO,42,98,188160,-613.92512775,-611.2574576083334
mz_hydro_ppo,MZ Hydro,PPO,42,99,190080,-608.31607325,-611.1489218166666
mz_hydro_ppo,MZ Hydro,PPO,42,100,192000,-613.52691325,-611.3517842916667
mz_hydro_ppo,MZ Hydro,PPO,42,101,193920,-611.099296,-611.4793206666667
mz_hydro_ppo,MZ Hydro,PPO,42,102,195840,-608.265575,-611.8538320416667
mz_hydro_ppo,MZ Hydro,PPO,42,103,197760,-613.11303575,-612.0312226250002
mz_hydro_ppo,MZ Hydro,PPO,42,104,199680,-609.1662165,-611.9173191666669
mz_hydro_ppo,MZ Hydro,PPO,42,105,201600,-610.6554345,-612.2116001833334
mz_hydro_ppo,MZ Hydro,PPO,42,106,203520,-614.62911775,-612.3413376249999
mz_hydro_ppo,MZ Hydro,PPO,42,107,205440,-609.88974175,-612.4292728750002
mz_hydro_ppo,MZ Hydro,PPO,42,108,207360,-612.00713775,-612.5025655333333
mz_hydro_ppo,MZ Hydro,PPO,42,109,209280,-613.72893,-612.6355778166668
mz_hydro_ppo,MZ Hydro,PPO,42,110,211200,-618.7505552499999,-612.9852019583335
mz_hydro_ppo,MZ Hydro,PPO,42,111,213120,-608.84092425,-612.9703823083333
mz_hydro_ppo,MZ Hydro,PPO,42,112,215040,-613.11038125,-612.9483299416667
mz_hydro_ppo,MZ Hydro,PPO,42,113,216960,-615.52265775,-613.0990681333333
mz_hydro_ppo,MZ Hydro,PPO,42,114,218880,-613.7649625,-612.9905293916668
mz_hydro_ppo,MZ Hydro,PPO,42,115,220800,-616.6816235,-613.2256029583333
mz_hydro_ppo,MZ Hydro,PPO,42,116,222720,-608.6945855,-612.8933530666669
mz_hydro_ppo,MZ Hydro,PPO,42,117,224640,-609.6092864999999,-612.9011556916666
mz_hydro_ppo,MZ Hydro,PPO,42,118,226560,-609.5689554999999,-612.8299318333333
mz_hydro_ppo,MZ Hydro,PPO,42,119,228480,-609.0802709999999,-612.7880866249999
mz_hydro_ppo,MZ Hydro,PPO,42,120,230400,-620.337439,-612.8125569666665
mz_hydro_ppo,MZ Hydro,PPO,42,121,232320,-609.42904525,-612.5275118916666
mz_hydro_ppo,MZ Hydro,PPO,42,122,234240,-608.43874075,-612.2478467999998
mz_hydro_ppo,MZ Hydro,PPO,42,123,236160,-610.2725695,-612.1773797583334
mz_hydro_ppo,MZ Hydro,PPO,42,124,238080,-613.21638175,-612.1508610333334
mz_hydro_ppo,MZ Hydro,PPO,42,125,240000,-611.67698675,-612.0949397166667
mz_hydro_ppo,MZ Hydro,PPO,42,126,241920,-610.9720035,-612.0206566166668
mz_hydro_ppo,MZ Hydro,PPO,42,127,243840,-612.66128125,-611.9650416666666
mz_hydro_ppo,MZ Hydro,PPO,42,128,245760,-608.5794475,-611.7868523249999
mz_hydro_ppo,MZ Hydro,PPO,42,129,247680,-612.3735897500001,-611.922102875
mz_hydro_ppo,MZ Hydro,PPO,42,130,249600,-622.5984962499999,-612.224488975
mz_hydro_ppo,MZ Hydro,PPO,42,131,251520,-617.7702395,-612.4468537583333
mz_hydro_ppo,MZ Hydro,PPO,42,132,253440,-615.4528245000001,-612.6864287416668
mz_hydro_ppo,MZ Hydro,PPO,42,133,255360,-614.30599725,-612.7261941250001
mz_hydro_ppo,MZ Hydro,PPO,42,134,257280,-609.4033085000001,-612.7340971916668
mz_hydro_ppo,MZ Hydro,PPO,42,135,259200,-610.571782,-612.7313087750001
mz_hydro_ppo,MZ Hydro,PPO,42,136,261120,-613.7975775,-612.7035907666667
mz_hydro_ppo,MZ Hydro,PPO,42,137,263040,-612.6982925,-612.797209125
mz_hydro_ppo,MZ Hydro,PPO,42,138,264960,-612.23949825,-612.8049544749999
mz_hydro_ppo,MZ Hydro,PPO,42,139,266880,-612.8760272500001,-612.7765243833334
mz_hydro_ppo,MZ Hydro,PPO,42,140,268800,-613.08958525,-612.5878253833332
mz_hydro_ppo,MZ Hydro,PPO,42,141,270720,-614.1744697500001,-612.7656102333333
mz_hydro_ppo,MZ Hydro,PPO,42,142,272640,-615.3976877499999,-612.8418537833332
mz_hydro_ppo,MZ Hydro,PPO,42,143,274560,-612.2708497499999,-612.7334601833332
mz_hydro_ppo,MZ Hydro,PPO,42,144,276480,-613.25280875,-612.7163883916667
mz_hydro_ppo,MZ Hydro,PPO,42,145,278400,-612.96530975,-612.5925112666666
mz_hydro_ppo,MZ Hydro,PPO,42,146,280320,-610.1539545,-612.6411568999999
mz_hydro_ppo,MZ Hydro,PPO,42,147,282240,-612.1801095000001,-612.7268510000001
mz_hydro_ppo,MZ Hydro,PPO,42,148,284160,-613.7366804999999,-612.8657751666667
mz_hydro_ppo,MZ Hydro,PPO,42,149,286080,-612.115272,-612.9669418666666
mz_hydro_ppo,MZ Hydro,PPO,42,150,288000,-611.86756575,-612.6846127583333
mz_hydro_ppo,MZ Hydro,PPO,42,151,289920,-615.121084,-612.8743473833332
mz_hydro_ppo,MZ Hydro,PPO,42,152,291840,-611.17349075,-612.9655057166667
mz_hydro_ppo,MZ Hydro,PPO,42,153,293760,-612.8732642499999,-613.0521955416666
mz_hydro_ppo,MZ Hydro,PPO,42,154,295680,-611.64334275,-612.9997609083333
mz_hydro_ppo,MZ Hydro,PPO,42,155,297600,-611.6127857500001,-612.997620875
mz_hydro_ppo,MZ Hydro,PPO,42,156,299520,-611.032924,-612.9996515583333
mz_hydro_ppo,MZ Hydro,PPO,42,157,301440,-614.17726075,-613.0501842083333
mz_hydro_ppo,MZ Hydro,PPO,42,158,303360,-612.62405825,-613.1850045666666
mz_hydro_ppo,MZ Hydro,PPO,42,159,305280,-612.500491,-613.1892346083332
mz_hydro_ppo,MZ Hydro,PPO,42,160,307200,-612.6690165,-612.8582519499998
mz_hydro_ppo,MZ Hydro,PPO,42,161,309120,-613.027408,-612.7001575666668
mz_hydro_ppo,MZ Hydro,PPO,42,162,311040,-610.574379,-612.5375427166668
mz_hydro_ppo,MZ Hydro,PPO,42,163,312960,-614.2862715,-612.5368851916668
mz_hydro_ppo,MZ Hydro,PPO,42,164,314880,-615.439841,-612.7381029416667
mz_hydro_ppo,MZ Hydro,PPO,42,165,316800,-611.2598605000001,-612.7610388916667
mz_hydro_ppo,MZ Hydro,PPO,42,166,318720,-609.6654965,-612.6233028583333
mz_hydro_ppo,MZ Hydro,PPO,42,167,320640,-612.528673,-612.617648875
mz_hydro_ppo,MZ Hydro,PPO,42,168,322560,-610.79096175,-612.569364325
mz_hydro_ppo,MZ Hydro,PPO,42,169,324480,-609.60693025,-612.460394425
mz_hydro_ppo,MZ Hydro,PPO,42,170,326400,-613.86075275,-612.4861000083333
mz_hydro_ppo,MZ Hydro,PPO,42,171,328320,-613.6640307499999,-612.4690853749998
mz_hydro_ppo,MZ Hydro,PPO,42,172,330240,-612.1669965,-612.3613956666667
mz_hydro_ppo,MZ Hydro,PPO,42,173,332160,-618.34672975,-612.5639249999999
mz_hydro_ppo,MZ Hydro,PPO,42,174,334080,-615.113967,-612.6259636083334
mz_hydro_ppo,MZ Hydro,PPO,42,175,336000,-616.702807,-612.7505468500001
mz_hydro_ppo,MZ Hydro,PPO,1337,1,1920,-643.45513975,-643.45513975
mz_hydro_ppo,MZ Hydro,PPO,1337,2,3840,-656.5534612499999,-650.0043005
mz_hydro_ppo,MZ Hydro,PPO,1337,3,5760,-656.9191875,-652.3092628333334
mz_hydro_ppo,MZ Hydro,PPO,1337,4,7680,-609.1694914999999,-641.52432
mz_hydro_ppo,MZ Hydro,PPO,1337,5,9600,-603.67096225,-633.9536484500001
mz_hydro_ppo,MZ Hydro,PPO,1337,6,11520,-650.8835555,-636.775299625
mz_hydro_ppo,MZ Hydro,PPO,1337,7,13440,-619.655722,-634.3296456785714
mz_hydro_ppo,MZ Hydro,PPO,1337,8,15360,-618.253595,-632.32013934375
mz_hydro_ppo,MZ Hydro,PPO,1337,9,17280,-593.429766,-627.9989867500001
mz_hydro_ppo,MZ Hydro,PPO,1337,10,19200,-602.85140975,-625.4842290500001
mz_hydro_ppo,MZ Hydro,PPO,1337,11,21120,-609.66694925,-624.0462945227274
mz_hydro_ppo,MZ Hydro,PPO,1337,12,23040,-592.17400125,-621.3902700833333
mz_hydro_ppo,MZ Hydro,PPO,1337,13,24960,-604.988963,-620.128631076923
mz_hydro_ppo,MZ Hydro,PPO,1337,14,26880,-598.2082685,-618.5628908928572
mz_hydro_ppo,MZ Hydro,PPO,1337,15,28800,-617.508142,-618.4925743000001
mz_hydro_ppo,MZ Hydro,PPO,1337,16,30720,-619.98525175,-618.585866640625
mz_hydro_ppo,MZ Hydro,PPO,1337,17,32640,-605.6336080000001,-617.8239690735294
mz_hydro_ppo,MZ Hydro,PPO,1337,18,34560,-585.58312425,-616.0328110277778
mz_hydro_ppo,MZ Hydro,PPO,1337,19,36480,-594.94389525,-614.9228680921053
mz_hydro_ppo,MZ Hydro,PPO,1337,20,38400,-593.17220675,-613.8353350250001
mz_hydro_ppo,MZ Hydro,PPO,1337,21,40320,-597.1152687499999,-613.0391413928571
mz_hydro_ppo,MZ Hydro,PPO,1337,22,42240,-590.54882225,-612.0168541590909
mz_hydro_ppo,MZ Hydro,PPO,1337,23,44160,-588.23075975,-610.9826761413044
mz_hydro_ppo,MZ Hydro,PPO,1337,24,46080,-602.660584,-610.6359223020833
mz_hydro_ppo,MZ Hydro,PPO,1337,25,48000,-587.785544,-609.72190717
mz_hydro_ppo,MZ Hydro,PPO,1337,26,49920,-584.63615125,-608.7570704038461
mz_hydro_ppo,MZ Hydro,PPO,1337,27,51840,-593.33102075,-608.1857352314815
mz_hydro_ppo,MZ Hydro,PPO,1337,28,53760,-594.5151725,-607.6975008482143
mz_hydro_ppo,MZ Hydro,PPO,1337,29,55680,-583.6241077499999,-606.8673838448276
mz_hydro_ppo,MZ Hydro,PPO,1337,30,57600,-585.427296,-606.15271425
mz_hydro_ppo,MZ Hydro,PPO,1337,31,59520,-590.61734875,-604.39145455
mz_hydro_ppo,MZ Hydro,PPO,1337,32,61440,-590.62247125,-602.1937548833333
mz_hydro_ppo,MZ Hydro,PPO,1337,33,63360,-586.0072425,-599.8300233833335
mz_hydro_ppo,MZ Hydro,PPO,1337,34,65280,-593.724498,-599.3151902666666
mz_hydro_ppo,MZ Hydro,PPO,1337,35,67200,-598.83142675,-599.1538724166666
mz_hydro_ppo,MZ Hydro,PPO,1337,36,69120,-600.9670215,-597.4899879500001
mz_hydro_ppo,MZ Hydro,PPO,1337,37,71040,-588.8230014999999,-596.4622306
mz_hydro_ppo,MZ Hydro,PPO,1337,38,72960,-594.62563925,-595.6746320750001
mz_hydro_ppo,MZ Hydro,PPO,1337,39,74880,-602.41236825,-595.97405215
mz_hydro_ppo,MZ Hydro,PPO,1337,40,76800,-593.73358025,-595.6701245
mz_hydro_ppo,MZ Hydro,PPO,1337,41,78720,-593.47195075,-595.1302912166666
mz_hydro_ppo,MZ Hydro,PPO,1337,42,80640,-600.839206,-595.419131375
mz_hydro_ppo,MZ Hydro,PPO,1337,43,82560,-594.12243975,-595.0569139333332
mz_hydro_ppo,MZ Hydro,PPO,1337,44,84480,-602.12247775,-595.187387575
mz_hydro_ppo,MZ Hydro,PPO,1337,45,86400,-596.5744095,-594.4895964916666
mz_hydro_ppo,MZ Hydro,PPO,1337,46,88320,-597.0408634999999,-593.72478355
mz_hydro_ppo,MZ Hydro,PPO,1337,47,90240,-602.1613875,-593.6090428666666
mz_hydro_ppo,MZ Hydro,PPO,1337,48,92160,-610.7120189999999,-594.4466726916667
mz_hydro_ppo,MZ Hydro,PPO,1337,49,94080,-600.4925115000001,-594.6316265666666
mz_hydro_ppo,MZ Hydro,PPO,1337,50,96000,-606.901618,-595.0892736083333
mz_hydro_ppo,MZ Hydro,PPO,1337,51,97920,-605.58429475,-595.371574475
mz_hydro_ppo,MZ Hydro,PPO,1337,52,99840,-605.7639595,-595.8787457166667
mz_hydro_ppo,MZ Hydro,PPO,1337,53,101760,-602.7583155,-596.3629975749999
mz_hydro_ppo,MZ Hydro,PPO,1337,54,103680,-606.2146695,-596.4814670916666
mz_hydro_ppo,MZ Hydro,PPO,1337,55,105600,-607.0893285,-597.124926575
mz_hydro_ppo,MZ Hydro,PPO,1337,56,107520,-602.9822885000001,-597.7364644833332
mz_hydro_ppo,MZ Hydro,PPO,1337,57,109440,-610.77988525,-598.3180932999999
mz_hydro_ppo,MZ Hydro,PPO,1337,58,111360,-613.91784025,-598.9648488916666
mz_hydro_ppo,MZ Hydro,PPO,1337,59,113280,-613.57474875,-599.9632035916667
mz_hydro_ppo,MZ Hydro,PPO,1337,60,115200,-605.0956002500001,-600.6188137333334
mz_hydro_ppo,MZ Hydro,PPO,1337,61,117120,-608.9163655,-601.2287809583333
mz_hydro_ppo,MZ Hydro,PPO,1337,62,119040,-612.71427825,-601.965174525
mz_hydro_ppo,MZ Hydro,PPO,1337,63,120960,-608.7468185,-602.7231603916667
mz_hydro_ppo,MZ Hydro,PPO,1337,64,122880,-610.026566,-603.2665626583333
mz_hydro_ppo,MZ Hydro,PPO,1337,65,124800,-608.8343822500001,-603.5999945083333
mz_hydro_ppo,MZ Hydro,PPO,1337,66,126720,-622.902657,-604.3311823583333
mz_hydro_ppo,MZ Hydro,PPO,1337,67,128640,-604.0767127500001,-604.8396394
mz_hydro_ppo,MZ Hydro,PPO,1337,68,130560,-608.03020975,-605.2864584166667
mz_hydro_ppo,MZ Hydro,PPO,1337,69,132480,-609.40280575,-605.519473
mz_hydro_ppo,MZ Hydro,PPO,1337,70,134400,-609.6479784999999,-606.0499529416668
mz_hydro_ppo,MZ Hydro,PPO,1337,71,136320,-614.3766122499999,-606.7467749916667
mz_hydro_ppo,MZ Hydro,PPO,1337,72,138240,-615.0787284999999,-607.2214257416667
mz_hydro_ppo,MZ Hydro,PPO,1337,73,140160,-605.78611175,-607.6102148083334
mz_hydro_ppo,MZ Hydro,PPO,1337,74,142080,-608.443529,-607.8209165166667
mz_hydro_ppo,MZ Hydro,PPO,1337,75,144000,-600.85362125,-607.9635569083333
mz_hydro_ppo,MZ Hydro,PPO,1337,76,145920,-599.0841805,-608.031667475
mz_hydro_ppo,MZ Hydro,PPO,1337,77,147840,-602.8731435,-608.0553926750001
mz_hydro_ppo,MZ Hydro,PPO,1337,78,149760,-600.56256575,-607.7170775666666
mz_hydro_ppo,MZ Hydro,PPO,1337,79,151680,-608.330546,-607.9783453833335
mz_hydro_ppo,MZ Hydro,PPO,1337,80,153600,-605.62882575,-607.935918975
mz_hydro_ppo,MZ Hydro,PPO,1337,81,155520,-612.8613795,-608.1784884666665
mz_hydro_ppo,MZ Hydro,PPO,1337,82,157440,-597.17151575,-607.8920736749999
mz_hydro_ppo,MZ Hydro,PPO,1337,83,159360,-595.01335075,-607.6339081833333
mz_hydro_ppo,MZ Hydro,PPO,1337,84,161280,-597.78084675,-607.3527807583333
mz_hydro_ppo,MZ Hydro,PPO,1337,85,163200,-603.58511225,-607.2359735499999
mz_hydro_ppo,MZ Hydro,PPO,1337,86,165120,-609.589899,-607.4562272333333
mz_hydro_ppo,MZ Hydro,PPO,1337,87,167040,-599.122358,-607.0676429916665
mz_hydro_ppo,MZ Hydro,PPO,1337,88,168960,-598.7217007500001,-606.5611050083332
mz_hydro_ppo,MZ Hydro,PPO,1337,89,170880,-600.08251475,-606.111363875
mz_hydro_ppo,MZ Hydro,PPO,1337,90,172800,-602.8110305,-606.0352115500001
mz_hydro_ppo,MZ Hydro,PPO,1337,91,174720,-612.8651924999999,-606.1668391166667
mz_hydro_ppo,MZ Hydro,PPO,1337,92,176640,-609.4099827499999,-606.0566959333335
mz_hydro_ppo,MZ Hydro,PPO,1337,93,178560,-614.006664,-606.2320241166667
mz_hydro_ppo,MZ Hydro,PPO,1337,94,180480,-605.81609475,-606.091675075
mz_hydro_ppo,MZ Hydro,PPO,1337,95,182400,-609.74249125,-606.1219453749999
mz_hydro_ppo,MZ Hydro,PPO,1337,96,184320,-605.5072009999999,-605.5420968416666
mz_hydro_ppo,MZ Hydro,PPO,1337,97,186240,-604.90664325,-605.5697611916665
mz_hydro_ppo,MZ Hydro,PPO,1337,98,188160,-609.0313550000001,-605.6031327
mz_hydro_ppo,MZ Hydro,PPO,1337,99,190080,-603.56968625,-605.4086953833333
mz_hydro_ppo,MZ Hydro,PPO,1337,100,192000,-605.434186,-605.2682356333333
mz_hydro_ppo,MZ Hydro,PPO,1337,101,193920,-606.8203207500001,-605.0163592499999
mz_hydro_ppo,MZ Hydro,PPO,1337,102,195840,-606.584693,-604.7332247333333
mz_hydro_ppo,MZ Hydro,PPO,1337,103,197760,-605.903946,-604.7371525416667
mz_hydro_ppo,MZ Hydro,PPO,1337,104,199680,-608.904008,-604.7525018416667
mz_hydro_ppo,MZ Hydro,PPO,1337,105,201600,-609.1090734999999,-605.0276835833333
mz_hydro_ppo,MZ Hydro,PPO,1337,106,203520,-611.36061375,-605.436898025
mz_hydro_ppo,MZ Hydro,PPO,1337,107,205440,-604.71870525,-605.49841675
mz_hydro_ppo,MZ Hydro,PPO,1337,108,207360,-607.21603775,-605.72019915
mz_hydro_ppo,MZ Hydro,PPO,1337,109,209280,-612.9425455,-605.8739324666666
mz_hydro_ppo,MZ Hydro,PPO,1337,110,211200,-609.7724985,-606.0120548916664
mz_hydro_ppo,MZ Hydro,PPO,1337,111,213120,-606.023372,-605.7841213083333
mz_hydro_ppo,MZ Hydro,PPO,1337,112,215040,-613.0857227500001,-606.3145948749999
mz_hydro_ppo,MZ Hydro,PPO,1337,113,216960,-609.36874625,-606.7931080583334
mz_hydro_ppo,MZ Hydro,PPO,1337,114,218880,-614.4903917500001,-607.3500928916667
mz_hydro_ppo,MZ Hydro,PPO,1337,115,220800,-603.8013065,-607.3572993666668
mz_hydro_ppo,MZ Hydro,PPO,1337,116,222720,-621.16922875,-607.743277025
mz_hydro_ppo,MZ Hydro,PPO,1337,117,224640,-603.6786115,-607.8951521416668
mz_hydro_ppo,MZ Hydro,PPO,1337,118,226560,-609.293308,-608.24753905
mz_hydro_ppo,MZ Hydro,PPO,1337,119,228480,-598.89797625,-608.2080544333332
mz_hydro_ppo,MZ Hydro,PPO,1337,120,230400,-604.330513,-608.25870385
mz_hydro_ppo,MZ Hydro,PPO,1337,121,232320,-607.50378275,-608.0799901916668
mz_hydro_ppo,MZ Hydro,PPO,1337,122,234240,-608.4748227499999,-608.0488181916666
mz_hydro_ppo,MZ Hydro,PPO,1337,123,236160,-600.15761175,-607.5871831166666
mz_hydro_ppo,MZ Hydro,PPO,1337,124,238080,-601.78615325,-607.4528517333333
mz_hydro_ppo,MZ Hydro,PPO,1337,125,240000,-601.26519975,-607.17027535
mz_hydro_ppo,MZ Hydro,PPO,1337,126,241920,-601.48079625,-607.0360618583334
mz_hydro_ppo,MZ Hydro,PPO,1337,127,243840,-606.85671325,-607.1010641916668
mz_hydro_ppo,MZ Hydro,PPO,1337,128,245760,-599.8029645,-606.7934511750001
mz_hydro_ppo,MZ Hydro,PPO,1337,129,247680,-601.3571525,-606.7197000499999
mz_hydro_ppo,MZ Hydro,PPO,1337,130,249600,-605.0473147499999,-606.7068043416667
mz_hydro_ppo,MZ Hydro,PPO,1337,131,251520,-607.6341452500001,-606.733931825
mz_hydro_ppo,MZ Hydro,PPO,1337,132,253440,-601.58829225,-606.5673851333335
mz_hydro_ppo,MZ Hydro,PPO,1337,133,255360,-602.21836725,-606.4445325083332
mz_hydro_ppo,MZ Hydro,PPO,1337,134,257280,-601.8944397500001,-606.2108802333333
mz_hydro_ppo,MZ Hydro,PPO,1337,135,259200,-599.1626745,-605.8793336000001
mz_hydro_ppo,MZ Hydro,PPO,1337,136,261120,-603.80993825,-605.6276444166667
mz_hydro_ppo,MZ Hydro,PPO,1337,137,263040,-600.07132425,-605.4727317166667
mz_hydro_ppo,MZ Hydro,PPO,1337,138,264960,-601.08812025,-605.2684677999998
mz_hydro_ppo,MZ Hydro,PPO,1337,139,266880,-605.0441075,-605.0051865333334
mz_hydro_ppo,MZ Hydro,PPO,1337,140,268800,-606.109682,-604.88309265
mz_hydro_ppo,MZ Hydro,PPO,1337,141,270720,-607.66891725,-604.9379441583334
mz_hydro_ppo,MZ Hydro,PPO,1337,142,272640,-615.5908565,-605.0214486166666
mz_hydro_ppo,MZ Hydro,PPO,1337,143,274560,-601.7824290000001,-604.768571375
mz_hydro_ppo,MZ Hydro,PPO,1337,144,276480,-604.09863,-604.4221793166666
mz_hydro_ppo,MZ Hydro,PPO,1337,145,278400,-605.02484825,-604.4629640416665
mz_hydro_ppo,MZ Hydro,PPO,1337,146,280320,-601.5521465,-603.8090612999999
mz_hydro_ppo,MZ Hydro,PPO,1337,147,282240,-601.23763025,-603.7276952583335
mz_hydro_ppo,MZ Hydro,PPO,1337,148,284160,-604.27055575,-603.5602701833335
mz_hydro_ppo,MZ Hydro,PPO,1337,149,286080,-605.30039975,-603.7736843000001
mz_hydro_ppo,MZ Hydro,PPO,1337,150,288000,-610.4676765,-603.9782564166668
mz_hydro_ppo,MZ Hydro,PPO,1337,151,289920,-604.63254525,-603.8825484999999
mz_hydro_ppo,MZ Hydro,PPO,1337,152,291840,-603.8294515,-603.7277027916666
mz_hydro_ppo,MZ Hydro,PPO,1337,153,293760,-601.384673,-603.7686048333334
mz_hydro_ppo,MZ Hydro,PPO,1337,154,295680,-603.00598425,-603.8092658666668
mz_hydro_ppo,MZ Hydro,PPO,1337,155,297600,-603.1039337499999,-603.8705570000001
mz_hydro_ppo,MZ Hydro,PPO,1337,156,299520,-604.6192625,-603.9751725416667
mz_hydro_ppo,MZ Hydro,PPO,1337,157,301440,-603.4108807499999,-603.8603114583334
mz_hydro_ppo,MZ Hydro,PPO,1337,158,303360,-599.3070565,-603.8437811916667
mz_hydro_ppo,MZ Hydro,PPO,1337,159,305280,-602.37795175,-603.8778078333333
mz_hydro_ppo,MZ Hydro,PPO,1337,160,307200,-600.1803217500001,-603.7155747333333
mz_hydro_ppo,MZ Hydro,PPO,1337,161,309120,-597.831808,-603.3888301583333
mz_hydro_ppo,MZ Hydro,PPO,1337,162,311040,-597.8289705,-603.2635194333332
mz_hydro_ppo,MZ Hydro,PPO,1337,163,312960,-598.5683455000001,-603.1418520416667
mz_hydro_ppo,MZ Hydro,PPO,1337,164,314880,-599.84122025,-603.0734113916667
mz_hydro_ppo,MZ Hydro,PPO,1337,165,316800,-597.37001825,-603.0136561833334
mz_hydro_ppo,MZ Hydro,PPO,1337,166,318720,-599.07981025,-602.8559852500001
mz_hydro_ppo,MZ Hydro,PPO,1337,167,320640,-600.3538504999999,-602.8654027916668
mz_hydro_ppo,MZ Hydro,PPO,1337,168,322560,-597.88663475,-602.7586866083334
mz_hydro_ppo,MZ Hydro,PPO,1337,169,324480,-599.1087164999999,-602.5608402416667
mz_hydro_ppo,MZ Hydro,PPO,1337,170,326400,-597.148234,-602.2621253083332
mz_hydro_ppo,MZ Hydro,PPO,1337,171,328320,-599.7783695,-601.99910705
mz_hydro_ppo,MZ Hydro,PPO,1337,172,330240,-597.600988,-601.3994447666666
mz_hydro_ppo,MZ Hydro,PPO,1337,173,332160,-601.071769,-601.3757560999999
mz_hydro_ppo,MZ Hydro,PPO,1337,174,334080,-596.14360475,-601.1105885916664
mz_hydro_ppo,MZ Hydro,PPO,1337,175,336000,-598.3720820000001,-600.8888297166667
mz_hydro_ppo,MZ Hydro,PPO,2026,1,1920,-653.5029435,-653.5029435
mz_hydro_ppo,MZ Hydro,PPO,2026,2,3840,-676.34883625,-664.9258898749999
mz_hydro_ppo,MZ Hydro,PPO,2026,3,5760,-713.124474,-680.9920845833333
mz_hydro_ppo,MZ Hydro,PPO,2026,4,7680,-642.932583,-671.4772091875
mz_hydro_ppo,MZ Hydro,PPO,2026,5,9600,-666.231315,-670.42803035
mz_hydro_ppo,MZ Hydro,PPO,2026,6,11520,-697.91374225,-675.0089823333333
mz_hydro_ppo,MZ Hydro,PPO,2026,7,13440,-652.93595975,-671.855693392857
mz_hydro_ppo,MZ Hydro,PPO,2026,8,15360,-605.577411,-663.57090809375
mz_hydro_ppo,MZ Hydro,PPO,2026,9,17280,-616.1632385,-658.30338925
mz_hydro_ppo,MZ Hydro,PPO,2026,10,19200,-650.03259825,-657.47631015
mz_hydro_ppo,MZ Hydro,PPO,2026,11,21120,-650.70811025,-656.8610192499999
mz_hydro_ppo,MZ Hydro,PPO,2026,12,23040,-627.8775385,-654.4457291875
mz_hydro_ppo,MZ Hydro,PPO,2026,13,24960,-621.12706225,-651.8827548076922
mz_hydro_ppo,MZ Hydro,PPO,2026,14,26880,-613.4057284999999,-649.1343957857142
mz_hydro_ppo,MZ Hydro,PPO,2026,15,28800,-589.5427945,-645.1616223666665
mz_hydro_ppo,MZ Hydro,PPO,2026,16,30720,-609.56038775,-642.936545203125
mz_hydro_ppo,MZ Hydro,PPO,2026,17,32640,-588.18436525,-639.715828735294
mz_hydro_ppo,MZ Hydro,PPO,2026,18,34560,-610.9063444999999,-638.1153018333332
mz_hydro_ppo,MZ Hydro,PPO,2026,19,36480,-630.8259485000001,-637.7316516578946
mz_hydro_ppo,MZ Hydro,PPO,2026,20,38400,-581.3800564999999,-634.9140719
mz_hydro_ppo,MZ Hydro,PPO,2026,21,40320,-604.7134905,-633.4759489761904
mz_hydro_ppo,MZ Hydro,PPO,2026,22,42240,-591.5792705,-631.5715544999999
mz_hydro_ppo,MZ Hydro,PPO,2026,23,44160,-575.1215125000001,-629.117204847826
mz_hydro_ppo,MZ Hydro,PPO,2026,24,46080,-577.8270855,-626.9801165416667
mz_hydro_ppo,MZ Hydro,PPO,2026,25,48000,-592.8178407500001,-625.61362551
mz_hydro_ppo,MZ Hydro,PPO,2026,26,49920,-594.99524375,-624.4359954423078
mz_hydro_ppo,MZ Hydro,PPO,2026,27,51840,-578.1159807500001,-622.7204393425926
mz_hydro_ppo,MZ Hydro,PPO,2026,28,53760,-577.11455575,-621.0916577857142
mz_hydro_ppo,MZ Hydro,PPO,2026,29,55680,-584.3003125,-619.8229907068965
mz_hydro_ppo,MZ Hydro,PPO,2026,30,57600,-578.8462784999999,-618.4571003
mz_hydro_ppo,MZ Hydro,PPO,2026,31,59520,-578.151296,-615.9453787166666
mz_hydro_ppo,MZ Hydro,PPO,2026,32,61440,-580.6483275,-612.7553617583334
mz_hydro_ppo,MZ Hydro,PPO,2026,33,63360,-581.7201034999999,-608.3752160749999
mz_hydro_ppo,MZ Hydro,PPO,2026,34,65280,-590.8128515,-606.6378916916667
mz_hydro_ppo,MZ Hydro,PPO,2026,35,67200,-581.6152215,-603.8173552416666
mz_hydro_ppo,MZ Hydro,PPO,2026,36,69120,-578.7447095,-599.8450541499999
mz_hydro_ppo,MZ Hydro,PPO,2026,37,71040,-580.5676972499999,-597.4327787333333
mz_hydro_ppo,MZ Hydro,PPO,2026,38,72960,-583.98070225,-596.7128884416667
mz_hydro_ppo,MZ Hydro,PPO,2026,39,74880,-599.365838,-596.1529750916667
mz_hydro_ppo,MZ Hydro,PPO,2026,40,76800,-578.80880625,-593.7788486916668
mz_hydro_ppo,MZ Hydro,PPO,2026,41,78720,-580.45713525,-591.437149525
mz_hydro_ppo,MZ Hydro,PPO,2026,42,80640,-581.365866,-589.8867604416666
mz_hydro_ppo,MZ Hydro,PPO,2026,43,82560,-582.24627075,-588.5907340583333
mz_hydro_ppo,MZ Hydro,PPO,2026,44,84480,-585.4111145,-587.6575802583334
mz_hydro_ppo,MZ Hydro,PPO,2026,45,86400,-585.2852282499999,-587.5156613833333
mz_hydro_ppo,MZ Hydro,PPO,2026,46,88320,-580.9006617499999,-586.5603371833332
mz_hydro_ppo,MZ Hydro,PPO,2026,47,90240,-590.8491690000001,-586.6491639750001
mz_hydro_ppo,MZ Hydro,PPO,2026,48,92160,-594.6550945,-586.1074556416668
mz_hydro_ppo,MZ Hydro,PPO,2026,49,94080,-593.9763497499999,-584.8791356833334
mz_hydro_ppo,MZ Hydro,PPO,2026,50,96000,-588.8877034999999,-585.1293905833334
mz_hydro_ppo,MZ Hydro,PPO,2026,51,97920,-592.924771,-584.7364332666667
mz_hydro_ppo,MZ Hydro,PPO,2026,52,99840,-597.595077,-584.93696015
mz_hydro_ppo,MZ Hydro,PPO,2026,53,101760,-591.1365284999999,-585.4707940166667
mz_hydro_ppo,MZ Hydro,PPO,2026,54,103680,-600.2833519999999,-586.2193362333333
mz_hydro_ppo,MZ Hydro,PPO,2026,55,105600,-596.6378697499999,-586.3466705333334
mz_hydro_ppo,MZ Hydro,PPO,2026,56,107520,-594.8285892499999,-586.3411153833332
mz_hydro_ppo,MZ Hydro,PPO,2026,57,109440,-604.702979,-587.2273486583333
mz_hydro_ppo,MZ Hydro,PPO,2026,58,111360,-591.48003125,-587.7061978416667
mz_hydro_ppo,MZ Hydro,PPO,2026,59,113280,-596.0171505,-588.0967591083335
mz_hydro_ppo,MZ Hydro,PPO,2026,60,115200,-604.579419,-588.9545304583334
mz_hydro_ppo,MZ Hydro,PPO,2026,61,117120,-602.3216172499999,-589.7602078333334
mz_hydro_ppo,MZ Hydro,PPO,2026,62,119040,-598.497652,-590.3551853166667
mz_hydro_ppo,MZ Hydro,PPO,2026,63,120960,-601.1084075,-591.0014621166666
mz_hydro_ppo,MZ Hydro,PPO,2026,64,122880,-600.2838637499999,-591.317162525
mz_hydro_ppo,MZ Hydro,PPO,2026,65,124800,-600.209407,-591.9369687083332
mz_hydro_ppo,MZ Hydro,PPO,2026,66,126720,-606.28763625,-592.8550662666665
mz_hydro_ppo,MZ Hydro,PPO,2026,67,128640,-597.4010435,-593.4161778083333
mz_hydro_ppo,MZ Hydro,PPO,2026,68,130560,-603.39621675,-594.0633616250001
mz_hydro_ppo,MZ Hydro,PPO,2026,69,132480,-607.0672802500001,-594.3200763666666
mz_hydro_ppo,MZ Hydro,PPO,2026,70,134400,-605.3641645,-595.205254975
mz_hydro_ppo,MZ Hydro,PPO,2026,71,136320,-606.164576,-596.0621696666665
mz_hydro_ppo,MZ Hydro,PPO,2026,72,138240,-601.51089825,-596.7336707416665
mz_hydro_ppo,MZ Hydro,PPO,2026,73,140160,-602.9140285000001,-597.4225959999999
mz_hydro_ppo,MZ Hydro,PPO,2026,74,142080,-614.5461297500001,-598.3937631749999
mz_hydro_ppo,MZ Hydro,PPO,2026,75,144000,-606.400825,-599.0976164000001
mz_hydro_ppo,MZ Hydro,PPO,2026,76,145920,-605.60374475,-599.9210524999999
mz_hydro_ppo,MZ Hydro,PPO,2026,77,147840,-608.17367925,-600.498536175
mz_hydro_ppo,MZ Hydro,PPO,2026,78,149760,-605.307415,-600.8536135249999
mz_hydro_ppo,MZ Hydro,PPO,2026,79,151680,-603.3802275,-601.1670761166666
mz_hydro_ppo,MZ Hydro,PPO,2026,80,153600,-604.4288220000001,-601.6851134000002
mz_hydro_ppo,MZ Hydro,PPO,2026,81,155520,-608.6253937500001,-602.2084674916667
mz_hydro_ppo,MZ Hydro,PPO,2026,82,157440,-615.1558995,-602.7938282416667
mz_hydro_ppo,MZ Hydro,PPO,2026,83,159360,-609.7711415,-603.4149820083334
mz_hydro_ppo,MZ Hydro,PPO,2026,84,161280,-615.14010975,-603.9102072666667
mz_hydro_ppo,MZ Hydro,PPO,2026,85,163200,-609.515493,-604.3394613749999
mz_hydro_ppo,MZ Hydro,PPO,2026,86,165120,-604.129441,-604.6494897666666
mz_hydro_ppo,MZ Hydro,PPO,2026,87,167040,-613.9423655,-604.9574693166667
mz_hydro_ppo,MZ Hydro,PPO,2026,88,168960,-609.2891285,-605.5511058916667
mz_hydro_ppo,MZ Hydro,PPO,2026,89,170880,-604.6299544999999,-605.8381993583334
mz_hydro_ppo,MZ Hydro,PPO,2026,90,172800,-608.2327037499999,-605.9599755166668
mz_hydro_ppo,MZ Hydro,PPO,2026,91,174720,-604.288416,-606.0255354750001
mz_hydro_ppo,MZ Hydro,PPO,2026,92,176640,-615.0716337499999,-606.5780015333333
mz_hydro_ppo,MZ Hydro,PPO,2026,93,178560,-609.28222225,-606.8504620250001
mz_hydro_ppo,MZ Hydro,PPO,2026,94,180480,-609.95837875,-607.1729458583335
mz_hydro_ppo,MZ Hydro,PPO,2026,95,182400,-609.3331039999999,-607.4770690916667
mz_hydro_ppo,MZ Hydro,PPO,2026,96,184320,-607.2906640000001,-607.5105033500001
mz_hydro_ppo,MZ Hydro,PPO,2026,97,186240,-610.5678997499999,-607.9493985583334
mz_hydro_ppo,MZ Hydro,PPO,2026,98,188160,-609.16009325,-608.141527775
mz_hydro_ppo,MZ Hydro,PPO,2026,99,190080,-612.7498860000001,-608.3309479666666
mz_hydro_ppo,MZ Hydro,PPO,2026,100,192000,-605.631044,-608.3398439500002
mz_hydro_ppo,MZ Hydro,PPO,2026,101,193920,-603.6051412500001,-608.2545294583334
mz_hydro_ppo,MZ Hydro,PPO,2026,102,195840,-611.805736,-608.5976907166668
mz_hydro_ppo,MZ Hydro,PPO,2026,103,197760,-604.33417875,-608.6450290583333
mz_hydro_ppo,MZ Hydro,PPO,2026,104,199680,-606.8512254999999,-608.3885322499998
mz_hydro_ppo,MZ Hydro,PPO,2026,105,201600,-608.4812690000001,-608.4578803833333
mz_hydro_ppo,MZ Hydro,PPO,2026,106,203520,-606.478753,-608.4870473249999
mz_hydro_ppo,MZ Hydro,PPO,2026,107,205440,-599.94050625,-608.212608225
mz_hydro_ppo,MZ Hydro,PPO,2026,108,207360,-607.525256,-608.2865362583333
mz_hydro_ppo,MZ Hydro,PPO,2026,109,209280,-604.368702,-608.3194854083334
mz_hydro_ppo,MZ Hydro,PPO,2026,110,211200,-595.35072825,-608.0168822833333
mz_hydro_ppo,MZ Hydro,PPO,2026,111,213120,-603.10391525,-607.832833
mz_hydro_ppo,MZ Hydro,PPO,2026,112,215040,-600.63751525,-607.3488868583335
mz_hydro_ppo,MZ Hydro,PPO,2026,113,216960,-610.6083477499999,-607.3767937333334
mz_hydro_ppo,MZ Hydro,PPO,2026,114,218880,-606.4692255,-607.0877642583333
mz_hydro_ppo,MZ Hydro,PPO,2026,115,220800,-612.89713525,-607.2004856666666
mz_hydro_ppo,MZ Hydro,PPO,2026,116,222720,-595.101186,-606.8995438333334
mz_hydro_ppo,MZ Hydro,PPO,2026,117,224640,-619.46369925,-607.0835882916668
mz_hydro_ppo,MZ Hydro,PPO,2026,118,226560,-602.2739684999999,-606.8497496250002
mz_hydro_ppo,MZ Hydro,PPO,2026,119,228480,-611.41110325,-607.0757879166667
mz_hydro_ppo,MZ Hydro,PPO,2026,120,230400,-606.81792475,-607.0286286166667
mz_hydro_ppo,MZ Hydro,PPO,2026,121,232320,-602.75046075,-606.9773634416667
mz_hydro_ppo,MZ Hydro,PPO,2026,122,234240,-602.785649,-606.5678306166668
mz_hydro_ppo,MZ Hydro,PPO,2026,123,236160,-599.46201225,-606.2404902833334
mz_hydro_ppo,MZ Hydro,PPO,2026,124,238080,-603.176886,-606.014440525
mz_hydro_ppo,MZ Hydro,PPO,2026,125,240000,-609.979912,-606.0360007916665
mz_hydro_ppo,MZ Hydro,PPO,2026,126,241920,-601.40949875,-605.8399619499999
mz_hydro_ppo,MZ Hydro,PPO,2026,127,243840,-600.18957,-605.494017625
mz_hydro_ppo,MZ Hydro,PPO,2026,128,245760,-607.5932240000001,-605.4417886499999
mz_hydro_ppo,MZ Hydro,PPO,2026,129,247680,-615.9971889999999,-605.5500320833333
mz_hydro_ppo,MZ Hydro,PPO,2026,130,249600,-606.226892,-605.5698936833334
mz_hydro_ppo,MZ Hydro,PPO,2026,131,251520,-604.39147125,-605.5961046833334
mz_hydro_ppo,MZ Hydro,PPO,2026,132,253440,-603.24284575,-605.3106750083333
mz_hydro_ppo,MZ Hydro,PPO,2026,133,255360,-611.734515,-605.5573528833334
mz_hydro_ppo,MZ Hydro,PPO,2026,134,257280,-606.01762625,-605.5295662416667
mz_hydro_ppo,MZ Hydro,PPO,2026,135,259200,-601.4261452500001,-605.29439545
mz_hydro_ppo,MZ Hydro,PPO,2026,136,261120,-604.5700795,-605.2307729999999
mz_hydro_ppo,MZ Hydro,PPO,2026,137,263040,-607.8059825,-605.4929555416668
mz_hydro_ppo,MZ Hydro,PPO,2026,138,264960,-604.4371879999999,-605.3900199416668
mz_hydro_ppo,MZ Hydro,PPO,2026,139,266880,-603.4200335,-605.3583976583334
mz_hydro_ppo,MZ Hydro,PPO,2026,140,268800,-609.37185125,-605.8257684249999
mz_hydro_ppo,MZ Hydro,PPO,2026,141,270720,-597.1285805,-605.6265906000001
mz_hydro_ppo,MZ Hydro,PPO,2026,142,272640,-598.28371975,-605.54813075
mz_hydro_ppo,MZ Hydro,PPO,2026,143,274560,-599.07112675,-605.1635567166668
mz_hydro_ppo,MZ Hydro,PPO,2026,144,276480,-605.0865395000001,-605.1174671833335
mz_hydro_ppo,MZ Hydro,PPO,2026,145,278400,-603.265832,-604.7964237416667
mz_hydro_ppo,MZ Hydro,PPO,2026,146,280320,-601.4140034999999,-605.0068509916666
mz_hydro_ppo,MZ Hydro,PPO,2026,147,282240,-601.0108365,-604.3917555666666
mz_hydro_ppo,MZ Hydro,PPO,2026,148,284160,-600.3880845,-604.3288927666666
mz_hydro_ppo,MZ Hydro,PPO,2026,149,286080,-598.58172925,-603.9012469666666
mz_hydro_ppo,MZ Hydro,PPO,2026,150,288000,-604.87601975,-603.8365168
mz_hydro_ppo,MZ Hydro,PPO,2026,151,289920,-597.793275,-603.6712772750001
mz_hydro_ppo,MZ Hydro,PPO,2026,152,291840,-598.1986015,-603.5183756916667
mz_hydro_ppo,MZ Hydro,PPO,2026,153,293760,-594.4412092499999,-603.3510155916666
mz_hydro_ppo,MZ Hydro,PPO,2026,154,295680,-593.43377175,-603.0262451166666
mz_hydro_ppo,MZ Hydro,PPO,2026,155,297600,-593.1792740000001,-602.4662238499999
mz_hydro_ppo,MZ Hydro,PPO,2026,156,299520,-599.4980487500001,-602.4025088500001
mz_hydro_ppo,MZ Hydro,PPO,2026,157,301440,-597.25057625,-602.3045423916667
mz_hydro_ppo,MZ Hydro,PPO,2026,158,303360,-599.038452,-602.019383325
mz_hydro_ppo,MZ Hydro,PPO,2026,159,305280,-597.41745525,-601.4000588666667
mz_hydro_ppo,MZ Hydro,PPO,2026,160,307200,-594.79169525,-601.0188856416668
mz_hydro_ppo,MZ Hydro,PPO,2026,161,309120,-611.9025682500001,-601.2692555416667
mz_hydro_ppo,MZ Hydro,PPO,2026,162,311040,-598.66990925,-601.1168243249999
mz_hydro_ppo,MZ Hydro,PPO,2026,163,312960,-602.97386625,-600.8248027000001
mz_hydro_ppo,MZ Hydro,PPO,2026,164,314880,-611.75589125,-601.0160781999999
mz_hydro_ppo,MZ Hydro,PPO,2026,165,316800,-604.7388715,-601.1265024083333
mz_hydro_ppo,MZ Hydro,PPO,2026,166,318720,-606.42035775,-601.18817835
mz_hydro_ppo,MZ Hydro,PPO,2026,167,320640,-597.9274375,-600.8588935166666
mz_hydro_ppo,MZ Hydro,PPO,2026,168,322560,-600.76459525,-600.7364737583333
mz_hydro_ppo,MZ Hydro,PPO,2026,169,324480,-600.4213737499999,-600.6365184333333
mz_hydro_ppo,MZ Hydro,PPO,2026,170,326400,-601.3402002500001,-600.3687967333333
mz_hydro_ppo,MZ Hydro,PPO,2026,171,328320,-600.87758825,-600.4937636583334
mz_hydro_ppo,MZ Hydro,PPO,2026,172,330240,-597.83234975,-600.4787179916667
mz_hydro_ppo,MZ Hydro,PPO,2026,173,332160,-598.87475925,-600.4721724083333
mz_hydro_ppo,MZ Hydro,PPO,2026,174,334080,-598.9940305,-600.269088775
mz_hydro_ppo,MZ Hydro,PPO,2026,175,336000,-603.54966975,-600.2785500333332
mz_air_ppo,MZ Air,PPO,42,1,2688,-3927.6260872499997,-3927.6260872499997
mz_air_ppo,MZ Air,PPO,42,2,5376,-3601.7550920000003,-3764.690589625
mz_air_ppo,MZ Air,PPO,42,3,8064,-3063.9384577499995,-3531.106545666667
mz_air_ppo,MZ Air,PPO,42,4,10752,-3032.655093,-3406.4936825
mz_air_ppo,MZ Air,PPO,42,5,13440,-2921.70275325,-3309.5354966500004
mz_air_ppo,MZ Air,PPO,42,6,16128,-2511.16019175,-3176.4729458333336
mz_air_ppo,MZ Air,PPO,42,7,18816,-2596.581942,-3093.6313738571434
mz_air_ppo,MZ Air,PPO,42,8,21504,-2298.0796717499998,-2994.1874110937497
mz_air_ppo,MZ Air,PPO,42,9,24192,-2278.34551275,-2914.6494223888885
mz_air_ppo,MZ Air,PPO,42,10,26880,-2000.7100992499998,-2823.255490074999
mz_air_ppo,MZ Air,PPO,42,11,29568,-1893.74805525,-2738.7548141818174
mz_air_ppo,MZ Air,PPO,42,12,32256,-1718.512242,-2653.7345998333326
mz_air_ppo,MZ Air,PPO,42,13,34944,-1704.0082985,-2580.6787304999993
mz_air_ppo,MZ Air,PPO,42,14,37632,-1938.3921599999999,-2534.8011183214285
mz_air_ppo,MZ Air,PPO,42,15,40320,-1939.587157,-2495.1201875666666
mz_air_ppo,MZ Air,PPO,42,16,43008,-1726.4737932499997,-2447.0797879218753
mz_air_ppo,MZ Air,PPO,42,17,45696,-1446.690605,-2388.2333653970595
mz_air_ppo,MZ Air,PPO,42,18,48384,-1446.47493575,-2335.9134526388893
mz_air_ppo,MZ Air,PPO,42,19,51072,-1358.73539825,-2284.4830287236846
mz_air_ppo,MZ Air,PPO,42,20,53760,-1231.67910975,-2231.8428327750003
mz_air_ppo,MZ Air,PPO,42,21,56448,-1159.5863689999999,-2180.783001166667
mz_air_ppo,MZ Air,PPO,42,22,59136,-1066.1713865000002,-2130.1188368636363
mz_air_ppo,MZ Air,PPO,42,23,61824,-1067.2941765,-2083.909069021739
mz_air_ppo,MZ Air,PPO,42,24,64512,-1035.550914,-2040.2274792291664
mz_air_ppo,MZ Air,PPO,42,25,67200,-971.28086075,-1997.4696144899997
mz_air_ppo,MZ Air,PPO,42,26,69888,-974.12205475,-1958.1100929615382
mz_air_ppo,MZ Air,PPO,42,27,72576,-956.8379219999999,-1921.025938481481
mz_air_ppo,MZ Air,PPO,42,28,75264,-838.72790675,-1882.372437348214
mz_air_ppo,MZ Air,PPO,42,29,77952,-853.62015775,-1846.8982208103446
mz_air_ppo,MZ Air,PPO,42,30,80640,-848.78276325,-1813.627705558333
mz_air_ppo,MZ Air,PPO,42,31,83328,-844.31794825,-1710.8507675916665
mz_air_ppo,MZ Air,PPO,42,32,86016,-830.58022225,-1618.4782719333332
mz_air_ppo,MZ Air,PPO,42,33,88704,-855.84873025,-1544.8752810166666
mz_air_ppo,MZ Air,PPO,42,34,91392,-825.5866814999999,-1471.3063339666664
mz_air_ppo,MZ Air,PPO,42,35,94080,-805.37899525,-1400.7622086999997
mz_air_ppo,MZ Air,PPO,42,36,96768,-794.7419637500001,-1343.5482677666664
mz_air_ppo,MZ Air,PPO,42,37,99456,-748.9310505000001,-1281.9599047166666
mz_air_ppo,MZ Air,PPO,42,38,102144,-727.6876330000001,-1229.613503425
mz_air_ppo,MZ Air,PPO,42,39,104832,-718.6494125,-1177.623633416667
mz_air_ppo,MZ Air,PPO,42,40,107520,-719.17668275,-1134.905852866667
mz_air_ppo,MZ Air,PPO,42,41,110208,-710.4719832500001,-1095.4633171333332
mz_air_ppo,MZ Air,PPO,42,42,112896,-721.331522,-1062.2239598
mz_air_ppo,MZ Air,PPO,42,43,115584,-707.493003,-1029.0067832833333
mz_air_ppo,MZ Air,PPO,42,44,118272,-723.39395225,-988.506843025
mz_air_ppo,MZ Air,PPO,42,45,120960,-724.1868585,-947.9934997416668
mz_air_ppo,MZ Air,PPO,42,46,123648,-717.70883075,-914.3680009916668
mz_air_ppo,MZ Air,PPO,42,47,126336,-710.265234,-889.8204886250002
mz_air_ppo,MZ Air,PPO,42,48,129024,-694.72565075,-864.762179125
mz_air_ppo,MZ Air,PPO,42,49,131712,-719.45286925,-843.4527614916667
mz_air_ppo,MZ Air,PPO,42,50,134400,-697.755089,-825.6552941333333
mz_air_ppo,MZ Air,PPO,42,51,137088,-701.3240035,-810.37988195
mz_air_ppo,MZ Air,PPO,42,52,139776,-708.85100775,-798.4692026583332
mz_air_ppo,MZ Air,PPO,42,53,142464,-700.59858075,-786.2460161333332
mz_air_ppo,MZ Air,PPO,42,54,145152,-700.3937615,-775.0741110499999
mz_air_ppo,MZ Air,PPO,42,55,147840,-711.6813470000001,-766.4207939250001
mz_air_ppo,MZ Air,PPO,42,56,150528,-690.18316125,-756.9561641416668
mz_air_ppo,MZ Air,PPO,42,57,153216,-678.8602805,-747.6902427583334
mz_air_ppo,MZ Air,PPO,42,58,155904,-678.15005625,-742.3376477416667
mz_air_ppo,MZ Air,PPO,42,59,158592,-668.2767972500001,-736.1595357250002
mz_air_ppo,MZ Air,PPO,42,60,161280,-668.98004375,-730.1661117416668
mz_air_ppo,MZ Air,PPO,42,61,163968,-664.93149725,-724.1865633750002
mz_air_ppo,MZ Air,PPO,42,62,166656,-673.87330475,-718.9629994583335
mz_air_ppo,MZ Air,PPO,42,63,169344,-657.054384,-712.33652125
mz_air_ppo,MZ Air,PPO,42,64,172032,-662.091366,-706.8866774
mz_air_ppo,MZ Air,PPO,42,65,174720,-658.23058825,-701.9817305
mz_air_ppo,MZ Air,PPO,42,66,177408,-657.097105,-697.3935685416667
mz_air_ppo,MZ Air,PPO,42,67,180096,-657.61150175,-694.3495835833334
mz_air_ppo,MZ Air,PPO,42,68,182784,-653.88798375,-691.889595275
mz_air_ppo,MZ Air,PPO,42,69,185472,-686.33070475,-690.8123050166666
mz_air_ppo,MZ Air,PPO,42,70,188160,-648.921455,-688.4704640916666
mz_air_ppo,MZ Air,PPO,42,71,190848,-653.4019945,-686.5681311333333
mz_air_ppo,MZ Air,PPO,42,72,193536,-653.89788075,-684.3203430916666
mz_air_ppo,MZ Air,PPO,42,73,196224,-657.67701425,-682.6598101333332
mz_air_ppo,MZ Air,PPO,42,74,198912,-655.2462892499999,-680.3882213666665
mz_air_ppo,MZ Air,PPO,42,75,201600,-664.10533475,-678.3855039083332
mz_air_ppo,MZ Air,PPO,42,76,204288,-647.06269375,-676.0306326749999
mz_air_ppo,MZ Air,PPO,42,77,206976,-657.0717834999999,-674.2575176583333
mz_air_ppo,MZ Air,PPO,42,78,209664,-667.2551432500001,-673.3418340749998
mz_air_ppo,MZ Air,PPO,42,79,212352,-647.90888,-670.9570344333332
mz_air_ppo,MZ Air,PPO,42,80,215040,-656.6526112500001,-669.5869518416665
mz_air_ppo,MZ Air,PPO,42,81,217728,-678.5605295,-668.8281693749999
mz_air_ppo,MZ Air,PPO,42,82,220416,-661.9448952500001,-667.2646322916665
mz_air_ppo,MZ Air,PPO,42,83,223104,-652.3829470000001,-665.6574444999999
mz_air_ppo,MZ Air,PPO,42,84,225792,-646.682482,-663.8670685166667
mz_air_ppo,MZ Air,PPO,42,85,228480,-641.5693692499999,-661.5300025916666
mz_air_ppo,MZ Air,PPO,42,86,231168,-643.8872605,-659.9868058999999
mz_air_ppo,MZ Air,PPO,42,87,233856,-651.8757335,-659.0873210000001
mz_air_ppo,MZ Air,PPO,42,88,236544,-649.850016,-658.143986325
mz_air_ppo,MZ Air,PPO,42,89,239232,-674.1634167499999,-658.3402069750001
mz_air_ppo,MZ Air,PPO,42,90,241920,-670.5481695000001,-658.3924778333334
mz_air_ppo,MZ Air,PPO,42,91,244608,-650.628264,-657.9157033916669
mz_air_ppo,MZ Air,PPO,42,92,247296,-634.7863075,-656.6128034833333
mz_air_ppo,MZ Air,PPO,42,93,249984,-654.0904810000001,-656.5140067166667
mz_air_ppo,MZ Air,PPO,42,94,252672,-645.33122225,-655.9553352583333
mz_air_ppo,MZ Air,PPO,42,95,255360,-643.90444425,-655.4777971249999
mz_air_ppo,MZ Air,PPO,42,96,258048,-633.5704470000001,-654.6935751916666
mz_air_ppo,MZ Air,PPO,42,97,260736,-643.3541049999999,-654.2183286333333
mz_air_ppo,MZ Air,PPO,42,98,263424,-631.0710462499999,-653.4577640499999
mz_air_ppo,MZ Air,PPO,42,99,266112,-627.688031,-651.5030082583334
mz_air_ppo,MZ Air,PPO,42,100,268800,-617.83215325,-650.4666982
mz_air_ppo,MZ Air,PPO,42,101,271488,-632.17728375,-649.7592078416668
mz_air_ppo,MZ Air,PPO,42,102,274176,-625.36642575,-648.8081593416667
mz_air_ppo,MZ Air,PPO,42,103,276864,-631.4426565,-647.93368075
mz_air_ppo,MZ Air,PPO,42,104,279552,-635.73540875,-647.2833180666665
mz_air_ppo,MZ Air,PPO,42,105,282240,-631.11762525,-646.1837277499999
mz_air_ppo,MZ Air,PPO,42,106,284928,-634.988145,-645.7812427916666
mz_air_ppo,MZ Air,PPO,42,107,287616,-635.501071,-645.0622190416667
mz_air_ppo,MZ Air,PPO,42,108,290304,-632.3086587500001,-643.897336225
mz_air_ppo,MZ Air,PPO,42,109,292992,-635.464346,-643.482518425
mz_air_ppo,MZ Air,PPO,42,110,295680,-635.7427165,-642.7855219333334
mz_air_ppo,MZ Air,PPO,42,111,298368,-659.4870020000001,-642.1497376833335
mz_air_ppo,MZ Air,PPO,42,112,301056,-646.307224,-641.6284819750001
mz_air_ppo,MZ Air,PPO,42,113,303744,-647.5466640000001,-641.4672725416668
mz_air_ppo,MZ Air,PPO,42,114,306432,-641.708299,-641.3014664416668
mz_air_ppo,MZ Air,PPO,42,115,309120,-638.7578012499999,-641.2077475083336
mz_air_ppo,MZ Air,PPO,42,116,311808,-629.65836375,-640.73345095
mz_air_ppo,MZ Air,PPO,42,117,314496,-632.35620725,-640.0828000750001
mz_air_ppo,MZ Air,PPO,42,118,317184,-646.95533025,-639.9863105500001
mz_air_ppo,MZ Air,PPO,42,119,319872,-631.422828,-638.5616242583333
mz_air_ppo,MZ Air,PPO,42,120,322560,-649.136653,-637.8479070416665
mz_air_ppo,MZ Air,PPO,42,121,325248,-659.31955275,-638.1376166666666
mz_air_ppo,MZ Air,PPO,42,122,327936,-644.1695629999999,-638.45039185
mz_air_ppo,MZ Air,PPO,42,123,330624,-638.6318395000001,-637.9351038000001
mz_air_ppo,MZ Air,PPO,42,124,333312,-660.73575775,-638.4485883166667
mz_air_ppo,MZ Air,PPO,42,125,336000,-645.06040725,-638.4871204166667
mz_air_ppo,MZ Air,PPO,42,126,338688,-646.5527260000001,-638.91986305
mz_air_ppo,MZ Air,PPO,42,127,341376,-639.2901380000001,-638.7843974833335
mz_air_ppo,MZ Air,PPO,42,128,344064,-646.3684149999999,-639.294309775
mz_air_ppo,MZ Air,PPO,42,129,346752,-627.91979875,-639.3020353666668
mz_air_ppo,MZ Air,PPO,42,130,349440,-639.3634707499999,-640.01974595
mz_air_ppo,MZ Air,PPO,42,131,352128,-636.88189175,-640.1765662166666
mz_air_ppo,MZ Air,PPO,42,132,354816,-647.9785445,-640.9303035083334
mz_air_ppo,MZ Air,PPO,42,133,357504,-640.1652315,-641.2210560083333
mz_air_ppo,MZ Air,PPO,42,134,360192,-638.96009625,-641.3285455916667
mz_air_ppo,MZ Air,PPO,42,135,362880,-637.9366632499999,-641.5558468583334
mz_air_ppo,MZ Air,PPO,42,136,365568,-637.3312169999999,-641.6339492583334
mz_air_ppo,MZ Air,PPO,42,137,368256,-630.5178275,-641.4678411416667
mz_air_ppo,MZ Air,PPO,42,138,370944,-630.0325359999999,-641.3919703833332
mz_air_ppo,MZ Air,PPO,42,139,373632,-629.89218825,-641.2062317916666
mz_air_ppo,MZ Air,PPO,42,140,376320,-633.5538682499999,-641.1332701833334
mz_air_ppo,MZ Air,PPO,42,141,379008,-635.57166175,-640.3360921750001
mz_air_ppo,MZ Air,PPO,42,142,381696,-632.4133385,-639.8729626583333
mz_air_ppo,MZ Air,PPO,42,143,384384,-640.34161825,-639.6327944666667
mz_air_ppo,MZ Air,PPO,42,144,387072,-659.9250529999999,-640.2400196
mz_air_ppo,MZ Air,PPO,42,145,389760,-644.6799675,-640.4374251416665
mz_air_ppo,MZ Air,PPO,42,146,392448,-658.9316295000001,-641.4132006666665
mz_air_ppo,MZ Air,PPO,42,147,395136,-647.0792202499999,-641.9039677666666
mz_air_ppo,MZ Air,PPO,42,148,397824,-644.809944,-641.8324548916667
mz_air_ppo,MZ Air,PPO,42,149,400512,-640.587405,-642.1379407916667
mz_air_ppo,MZ Air,PPO,42,150,403200,-645.0903155,-642.003062875
mz_air_ppo,MZ Air,PPO,42,151,405888,-642.4584695,-641.4410267666667
mz_air_ppo,MZ Air,PPO,42,152,408576,-624.779311,-640.7946850333333
mz_air_ppo,MZ Air,PPO,42,153,411264,-622.9082002499999,-640.270563725
mz_air_ppo,MZ Air,PPO,42,154,413952,-615.83248925,-638.7737881083333
mz_air_ppo,MZ Air,PPO,42,155,416640,-614.9810935,-637.7711443166666
mz_air_ppo,MZ Air,PPO,42,156,419328,-616.1204115,-636.7567338333332
mz_air_ppo,MZ Air,PPO,42,157,422016,-616.6583467500001,-636.0023407916665
mz_air_ppo,MZ Air,PPO,42,158,424704,-622.89471425,-635.2198840999998
mz_air_ppo,MZ Air,PPO,42,159,427392,-616.9305345,-634.8535752916666
mz_air_ppo,MZ Air,PPO,42,160,430080,-625.61219075,-634.3951992916665
mz_air_ppo,MZ Air,PPO,42,161,432768,-646.70078275,-634.7224956583333
mz_air_ppo,MZ Air,PPO,42,162,435456,-638.91389675,-634.4203407333332
mz_air_ppo,MZ Air,PPO,42,163,438144,-628.6346665,-634.0359885666664
mz_air_ppo,MZ Air,PPO,42,164,440832,-638.99100625,-634.0370188999998
mz_air_ppo,MZ Air,PPO,42,165,443520,-651.2615905,-634.4811831416665
mz_air_ppo,MZ Air,PPO,42,166,446208,-630.87375075,-634.2659342666665
mz_air_ppo,MZ Air,PPO,42,167,448896,-637.26735775,-634.4909186083332
mz_air_ppo,MZ Air,PPO,42,168,451584,-638.8328932500001,-634.78426385
mz_air_ppo,MZ Air,PPO,42,169,454272,-634.2135962499999,-634.9283107833332
mz_air_ppo,MZ Air,PPO,42,170,456960,-641.31987925,-635.1871778166666
mz_air_ppo,MZ Air,PPO,42,171,459648,-631.66778275,-635.0570485166667
mz_air_ppo,MZ Air,PPO,42,172,462336,-634.49740325,-635.1265173416666
mz_air_ppo,MZ Air,PPO,42,173,465024,-649.3960335,-635.4283311833334
mz_air_ppo,MZ Air,PPO,42,174,467712,-636.640412,-634.6521764833334
mz_air_ppo,MZ Air,PPO,42,175,470400,-636.82720275,-634.3904176583333
mz_air_ppo,MZ Air,PPO,42,176,473088,-634.1950155,-633.5658638583335
mz_air_ppo,MZ Air,PPO,42,177,475776,-616.818442,-632.55717125
mz_air_ppo,MZ Air,PPO,42,178,478464,-627.46689875,-631.9790697416666
mz_air_ppo,MZ Air,PPO,42,179,481152,-624.4069220000001,-631.4397203083334
mz_air_ppo,MZ Air,PPO,42,180,483840,-626.27158825,-630.8124294000003
mz_air_ppo,MZ Air,PPO,42,181,486528,-633.16763925,-630.5027350583335
mz_air_ppo,MZ Air,PPO,42,182,489216,-638.6328175000001,-630.9645186083334
mz_air_ppo,MZ Air,PPO,42,183,491904,-643.20522375,-631.6410860583334
mz_air_ppo,MZ Air,PPO,42,184,494592,-647.67631725,-632.7025469916667
mz_air_ppo,MZ Air,PPO,42,185,497280,-643.6505777499999,-633.6581964666667
mz_air_ppo,MZ Air,PPO,42,186,499968,-628.348717,-634.06580665
mz_air_ppo,MZ Air,PPO,42,187,502656,-621.9103015000001,-634.2408718083333
mz_air_ppo,MZ Air,PPO,42,188,505344,-623.378339,-634.2569926333332
mz_air_ppo,MZ Air,PPO,42,189,508032,-629.0706905,-634.6616644999999
mz_air_ppo,MZ Air,PPO,42,190,510720,-631.6051474999999,-634.861429725
mz_air_ppo,MZ Air,PPO,42,191,513408,-629.434494,-634.2858867666667
mz_air_ppo,MZ Air,PPO,42,192,516096,-630.50336625,-634.00553575
mz_air_ppo,MZ Air,PPO,42,193,518784,-624.6305675000001,-633.8720657833333
mz_air_ppo,MZ Air,PPO,42,194,521472,-627.4174102499999,-633.48627925
mz_air_ppo,MZ Air,PPO,42,195,524160,-626.22794,-632.6518242333334
mz_air_ppo,MZ Air,PPO,42,196,526848,-624.2438225,-632.4308266250001
mz_air_ppo,MZ Air,PPO,42,197,529536,-619.6846355,-631.8447358833334
mz_air_ppo,MZ Air,PPO,42,198,532224,-631.7175565,-631.6075579916668
mz_air_ppo,MZ Air,PPO,42,199,534912,-623.6227715,-631.2545305000001
mz_air_ppo,MZ Air,PPO,42,200,537600,-627.2017565,-630.7839264083334
mz_air_ppo,MZ Air,PPO,42,201,540288,-627.31226425,-630.6387424583332
mz_air_ppo,MZ Air,PPO,42,202,542976,-627.5725855000001,-630.4079151999998
mz_air_ppo,MZ Air,PPO,42,203,545664,-621.70345875,-629.484829375
mz_air_ppo,MZ Air,PPO,42,204,548352,-621.1780815,-628.9694183583332
mz_air_ppo,MZ Air,PPO,42,205,551040,-617.9810965,-628.3412148166666
mz_air_ppo,MZ Air,PPO,42,206,553728,-628.588959,-628.1543462666666
mz_air_ppo,MZ Air,PPO,42,207,556416,-623.42293375,-628.3744959916665
mz_air_ppo,MZ Air,PPO,42,208,559104,-619.6892935000001,-628.1152424833333
mz_air_ppo,MZ Air,PPO,42,209,561792,-617.9715927499999,-627.9007315083333
mz_air_ppo,MZ Air,PPO,42,210,564480,-617.7448927500001,-627.616508325
mz_air_ppo,MZ Air,PPO,42,211,567168,-621.662985,-627.23301985
mz_air_ppo,MZ Air,PPO,42,212,569856,-624.9081072500001,-626.7755295083333
mz_air_ppo,MZ Air,PPO,42,213,572544,-620.34559875,-626.0135420083333
mz_air_ppo,MZ Air,PPO,42,214,575232,-631.85494675,-625.4861629916667
mz_air_ppo,MZ Air,PPO,42,215,577920,-617.95520775,-624.6296506583334
mz_air_ppo,MZ Air,PPO,42,216,580608,-618.859676,-624.3133492916667
mz_air_ppo,MZ Air,PPO,42,217,583296,-614.17801375,-624.0556063666667
mz_air_ppo,MZ Air,PPO,42,218,585984,-617.8405545,-623.8710135499999
mz_air_ppo,MZ Air,PPO,42,219,588672,-615.254614,-623.4104776666666
mz_air_ppo,MZ Air,PPO,42,220,591360,-623.6954415,-623.1468208
mz_air_ppo,MZ Air,PPO,42,221,594048,-619.1379175,-622.8036015833333
mz_air_ppo,MZ Air,PPO,42,222,596736,-614.2685887499999,-622.2624423333333
mz_air_ppo,MZ Air,PPO,42,223,599424,-620.64270775,-622.129513675
mz_air_ppo,MZ Air,PPO,42,224,602112,-631.15623,-622.254141
mz_air_ppo,MZ Air,PPO,42,225,604800,-626.1469605,-622.2514416833333
mz_air_ppo,MZ Air,PPO,42,226,607488,-625.74457225,-622.301466675
mz_air_ppo,MZ Air,PPO,42,227,610176,-629.86679075,-622.6408718499999
mz_air_ppo,MZ Air,PPO,42,228,612864,-616.158079,-622.1222226000001
mz_air_ppo,MZ Air,PPO,42,229,615552,-625.198996,-622.1747634166666
mz_air_ppo,MZ Air,PPO,42,230,618240,-628.48877725,-622.2176641083333
mz_air_ppo,MZ Air,PPO,42,231,620928,-619.7526665,-621.9656775166666
mz_air_ppo,MZ Air,PPO,42,232,623616,-612.97666525,-621.4791468416666
mz_air_ppo,MZ Air,PPO,42,233,626304,-621.29798875,-621.465631175
mz_air_ppo,MZ Air,PPO,42,234,628992,-616.3540215,-621.304829175
mz_air_ppo,MZ Air,PPO,42,235,631680,-609.6923342499999,-621.0285371000001
mz_air_ppo,MZ Air,PPO,42,236,634368,-612.827263,-620.5031472333334
mz_air_ppo,MZ Air,PPO,42,237,637056,-626.4690897500001,-620.6046857666666
mz_air_ppo,MZ Air,PPO,42,238,639744,-619.76554175,-620.607227375
mz_air_ppo,MZ Air,PPO,42,239,642432,-622.9441955,-620.7729807999999
mz_air_ppo,MZ Air,PPO,42,240,645120,-629.221352,-621.1555294416665
mz_air_ppo,MZ Air,PPO,42,241,647808,-617.5998312499999,-621.0200909833334
mz_air_ppo,MZ Air,PPO,42,242,650496,-617.69570075,-620.7796774333333
mz_air_ppo,MZ Air,PPO,42,243,653184,-613.57809075,-620.5540938333332
mz_air_ppo,MZ Air,PPO,42,244,655872,-623.6423130000001,-620.280339375
mz_air_ppo,MZ Air,PPO,42,245,658560,-618.16101625,-620.2871996583333
mz_air_ppo,MZ Air,PPO,42,246,661248,-620.40127725,-620.3385863666666
mz_air_ppo,MZ Air,PPO,42,247,663936,-617.88069225,-620.4620089833332
mz_air_ppo,MZ Air,PPO,42,248,666624,-616.317542,-620.4112418999999
mz_air_ppo,MZ Air,PPO,42,249,669312,-614.58318175,-620.388860825
mz_air_ppo,MZ Air,PPO,42,250,672000,-612.3471665,-620.0105849916667
mz_air_ppo,MZ Air,PPO,42,251,674688,-610.2639937499999,-619.7147875333334
mz_air_ppo,MZ Air,PPO,42,252,677376,-607.90826075,-619.5027766
mz_air_ppo,MZ Air,PPO,42,253,680064,-614.8393077500001,-619.3093299333333
mz_air_ppo,MZ Air,PPO,42,254,682752,-604.89413825,-618.4339268749999
mz_air_ppo,MZ Air,PPO,42,255,685440,-606.3046945000001,-617.7725180083333
mz_air_ppo,MZ Air,PPO,42,256,688128,-603.44476275,-617.029191025
mz_air_ppo,MZ Air,PPO,42,257,690816,-609.767193,-616.3592044333333
mz_air_ppo,MZ Air,PPO,42,258,693504,-599.90289175,-615.8173648583335
mz_air_ppo,MZ Air,PPO,42,259,696192,-609.7864730000001,-615.3036140916666
mz_air_ppo,MZ Air,PPO,42,260,698880,-606.865627,-614.5828424166666
mz_air_ppo,MZ Air,PPO,42,261,701568,-609.64968725,-614.2460764416666
mz_air_ppo,MZ Air,PPO,42,262,704256,-617.9717575,-614.4125795166666
mz_air_ppo,MZ Air,PPO,42,263,706944,-601.81556875,-613.7631655166666
mz_air_ppo,MZ Air,PPO,42,264,709632,-611.8699515000001,-613.6136965166667
mz_air_ppo,MZ Air,PPO,42,265,712320,-605.9996404999999,-613.4906067249999
mz_air_ppo,MZ Air,PPO,42,266,715008,-611.098109,-613.4329682583333
mz_air_ppo,MZ Air,PPO,42,267,717696,-610.7224835000001,-612.9080813833333
mz_air_ppo,MZ Air,PPO,42,268,720384,-616.9344245,-612.8137108083333
mz_air_ppo,MZ Air,PPO,42,269,723072,-612.6860005,-612.4717709750001
mz_air_ppo,MZ Air,PPO,42,270,725760,-613.474321,-611.9468699416668
mz_air_ppo,MZ Air,PPO,42,271,728448,-612.47405575,-611.7760107583334
mz_air_ppo,MZ Air,PPO,42,272,731136,-621.5863380000001,-611.9056986666668
mz_air_ppo,MZ Air,PPO,42,273,733824,-613.7132585,-611.9102042583334
mz_air_ppo,MZ Air,PPO,42,274,736512,-605.05168775,-611.29051675
mz_air_ppo,MZ Air,PPO,42,275,739200,-610.8126352500001,-611.0455707166668
mz_air_ppo,MZ Air,PPO,42,276,741888,-611.2293455,-610.7398396583335
mz_air_ppo,MZ Air,PPO,42,277,744576,-614.7505275000001,-610.6355008333335
mz_air_ppo,MZ Air,PPO,42,278,747264,-604.3402965,-610.2362593166666
mz_air_ppo,MZ Air,PPO,42,279,749952,-602.4876212500001,-609.8330739666667
mz_air_ppo,MZ Air,PPO,42,280,752640,-605.5278365,-609.6057629666666
mz_air_ppo,MZ Air,PPO,42,281,755328,-609.4512175,-609.578670425
mz_air_ppo,MZ Air,PPO,42,282,758016,-609.5627207499999,-609.6338190916669
mz_air_ppo,MZ Air,PPO,42,283,760704,-606.8990670000001,-609.3691443999999
mz_air_ppo,MZ Air,PPO,42,284,763392,-601.8956635,-609.2691952416666
mz_air_ppo,MZ Air,PPO,42,285,766080,-601.777071,-609.1182744583332
mz_air_ppo,MZ Air,PPO,42,286,768768,-595.70784625,-608.8603772416667
mz_air_ppo,MZ Air,PPO,42,287,771456,-594.8972092500001,-608.3647111166667
mz_air_ppo,MZ Air,PPO,42,288,774144,-606.0356992500001,-608.5691380333333
mz_air_ppo,MZ Air,PPO,42,289,776832,-598.1727834999999,-608.1820150499999
mz_air_ppo,MZ Air,PPO,42,290,779520,-601.3002825,-607.9965035666665
mz_air_ppo,MZ Air,PPO,42,291,782208,-601.3987912499999,-607.7214736999999
mz_air_ppo,MZ Air,PPO,42,292,784896,-599.3266272500001,-607.0999693583334
mz_air_ppo,MZ Air,PPO,42,293,787584,-599.928186,-607.0370566000001
mz_air_ppo,MZ Air,PPO,42,294,790272,-605.3502095,-606.8197318666668
mz_air_ppo,MZ Air,PPO,42,295,792960,-600.931491,-606.65079355
mz_air_ppo,MZ Air,PPO,42,296,795648,-604.7913134999999,-606.4405670333333
mz_air_ppo,MZ Air,PPO,42,297,798336,-601.8075725,-606.1434033333334
mz_air_ppo,MZ Air,PPO,42,298,801024,-604.9948855,-605.7454187000001
mz_air_ppo,MZ Air,PPO,42,299,803712,-600.126236,-605.3267598833334
mz_air_ppo,MZ Air,PPO,42,300,806400,-598.616258,-604.8314911166667
mz_air_ppo,MZ Air,PPO,42,301,809088,-595.7278305,-604.2732836083331
mz_air_ppo,MZ Air,PPO,42,302,811776,-603.4889922499999,-603.6700387500001
mz_air_ppo,MZ Air,PPO,42,303,814464,-600.4204050000001,-603.2269436333335
mz_air_ppo,MZ Air,PPO,42,304,817152,-599.6961112500001,-603.0484244166666
mz_air_ppo,MZ Air,PPO,42,305,819840,-600.2224265,-602.6954174583333
mz_air_ppo,MZ Air,PPO,42,306,822528,-597.2633712500001,-602.2298849833334
mz_air_ppo,MZ Air,PPO,42,307,825216,-602.3548559999999,-601.8166959333333
mz_air_ppo,MZ Air,PPO,42,308,827904,-598.67223725,-601.6277606250001
mz_air_ppo,MZ Air,PPO,42,309,830592,-599.5798032499999,-601.5308333583332
mz_air_ppo,MZ Air,PPO,42,310,833280,-602.0798649999999,-601.4159009749999
mz_air_ppo,MZ Air,PPO,42,311,835968,-597.31149625,-601.0112436000001
mz_air_ppo,MZ Air,PPO,42,312,838656,-595.3612909999999,-600.5378626083334
mz_air_ppo,MZ Air,PPO,42,313,841344,-596.58528425,-600.19406985
mz_air_ppo,MZ Air,PPO,42,314,844032,-597.25381525,-600.039341575
mz_air_ppo,MZ Air,PPO,42,315,846720,-600.026755,-599.9809977083332
mz_air_ppo,MZ Air,PPO,42,316,849408,-594.787336,-599.9503140333333
mz_air_ppo,MZ Air,PPO,42,317,852096,-599.4964822499999,-600.1036231333334
mz_air_ppo,MZ Air,PPO,42,318,854784,-601.2068032499999,-599.9426599333333
mz_air_ppo,MZ Air,PPO,42,319,857472,-604.0675595,-600.1391524666666
mz_air_ppo,MZ Air,PPO,42,320,860160,-597.241179,-600.0038490166667
mz_air_ppo,MZ Air,PPO,42,321,862848,-594.1428812500001,-599.76198535
mz_air_ppo,MZ Air,PPO,42,322,865536,-596.723118,-599.6752017083334
mz_air_ppo,MZ Air,PPO,42,323,868224,-597.783944,-599.603726975
mz_air_ppo,MZ Air,PPO,42,324,870912,-592.59922125,-599.1786940333333
mz_air_ppo,MZ Air,PPO,42,325,873600,-591.28527175,-598.8571533916667
mz_air_ppo,MZ Air,PPO,42,326,876288,-596.9910305000001,-598.5971439583334
mz_air_ppo,MZ Air,PPO,42,327,878976,-592.1081655,-598.2738303916668
mz_air_ppo,MZ Air,PPO,42,328,881664,-596.52566875,-597.9915231666669
mz_air_ppo,MZ Air,PPO,42,329,884352,-600.16236925,-597.9927276083333
mz_air_ppo,MZ Air,PPO,42,330,887040,-598.1125940000001,-597.9759388083332
mz_air_ppo,MZ Air,PPO,42,331,889728,-592.3824885,-597.8644274083332
mz_air_ppo,MZ Air,PPO,42,332,892416,-591.75431475,-597.4732714916667
mz_air_ppo,MZ Air,PPO,42,333,895104,-594.5078912500001,-597.2761877
mz_air_ppo,MZ Air,PPO,42,334,897792,-594.19272375,-597.0927414499998
mz_air_ppo,MZ Air,PPO,42,335,900480,-595.5550782500001,-596.9371631749999
mz_air_ppo,MZ Air,PPO,42,336,903168,-598.3132802499999,-596.9721601416666
mz_air_ppo,MZ Air,PPO,42,337,905856,-593.05918375,-596.6623044
mz_air_ppo,MZ Air,PPO,42,338,908544,-601.0576482499999,-596.7418180999999
mz_air_ppo,MZ Air,PPO,42,339,911232,-593.831369,-596.550203625
mz_air_ppo,MZ Air,PPO,42,340,913920,-597.6072995,-596.4011181083333
mz_air_ppo,MZ Air,PPO,42,341,916608,-598.8068802500001,-596.4509642416666
mz_air_ppo,MZ Air,PPO,42,342,919296,-599.34308425,-596.5836906833332
mz_air_ppo,MZ Air,PPO,42,343,921984,-597.1126012499999,-596.6012679166665
mz_air_ppo,MZ Air,PPO,42,344,924672,-595.62034475,-596.5468189
mz_air_ppo,MZ Air,PPO,42,345,927360,-597.7973340000001,-596.4725048666667
mz_air_ppo,MZ Air,PPO,42,346,930048,-592.702837,-596.4030215666667
mz_air_ppo,MZ Air,PPO,42,347,932736,-595.4668750000001,-596.2687013249999
mz_air_ppo,MZ Air,PPO,42,348,935424,-595.1849945,-596.0679743666667
mz_air_ppo,MZ Air,PPO,42,349,938112,-591.3612155000001,-595.6444295666668
mz_air_ppo,MZ Air,PPO,42,350,940800,-587.43010925,-595.3173939083334
mz_air_ppo,MZ Air,PPO,42,351,943488,-591.8113215,-595.2396752500001
mz_air_ppo,MZ Air,PPO,42,352,946176,-592.92633975,-595.113115975
mz_air_ppo,MZ Air,PPO,42,353,948864,-595.35121625,-595.0320250500001
mz_air_ppo,MZ Air,PPO,42,354,951552,-597.4722245,-595.1944584916669
mz_air_ppo,MZ Air,PPO,42,355,954240,-591.6618475,-595.2070110166666
mz_air_ppo,MZ Air,PPO,42,356,956928,-593.536023,-595.0918441
mz_air_ppo,MZ Air,PPO,42,357,959616,-602.1013350000001,-595.42494975
mz_air_ppo,MZ Air,PPO,42,358,962304,-599.6163025,-595.5279708749999
mz_air_ppo,MZ Air,PPO,42,359,964992,-588.308319,-595.1328358666666
mz_air_ppo,MZ Air,PPO,42,360,967680,-594.44816225,-595.0106881416666
mz_air_ppo,MZ Air,PPO,42,361,970368,-592.884959,-595.0274371583333
mz_air_ppo,MZ Air,PPO,42,362,973056,-588.1793785,-594.9082726166666
mz_air_ppo,MZ Air,PPO,42,363,975744,-594.9068394999999,-594.9215708916668
mz_air_ppo,MZ Air,PPO,42,364,978432,-592.7237815000001,-594.87260615
mz_air_ppo,MZ Air,PPO,42,365,981120,-599.0511065000001,-594.989140425
mz_air_ppo,MZ Air,PPO,42,366,983808,-591.9281205,-594.7763017666667
mz_air_ppo,MZ Air,PPO,42,367,986496,-595.516427,-594.858209875
mz_air_ppo,MZ Air,PPO,42,368,989184,-603.66446175,-594.9451036583333
mz_air_ppo,MZ Air,PPO,42,369,991872,-598.49637475,-595.10060385
mz_air_ppo,MZ Air,PPO,42,370,994560,-592.0207115000001,-594.9143842500001
mz_air_ppo,MZ Air,PPO,42,371,997248,-600.53845575,-594.9721034333335
mz_air_ppo,MZ Air,PPO,42,372,999936,-598.08106075,-594.9300359833334
mz_air_ppo,MZ Air,PPO,42,373,1002624,-594.9948515,-594.859444325
mz_air_ppo,MZ Air,PPO,42,374,1005312,-594.8384515,-594.8333812166667
mz_air_ppo,MZ Air,PPO,42,375,1008000,-598.335158,-594.8513086833334
mz_air_ppo,MZ Air,PPO,1337,1,2688,-3691.00392775,-3691.00392775
mz_air_ppo,MZ Air,PPO,1337,2,5376,-3276.72407975,-3483.86400375
mz_air_ppo,MZ Air,PPO,1337,3,8064,-3208.196193,-3391.9747334999997
mz_air_ppo,MZ Air,PPO,1337,4,10752,-3070.2301955000003,-3311.538599
mz_air_ppo,MZ Air,PPO,1337,5,13440,-2676.815183,-3184.5939158
mz_air_ppo,MZ Air,PPO,1337,6,16128,-2449.8289035,-3062.133080416667
mz_air_ppo,MZ Air,PPO,1337,7,18816,-2413.57097175,-2969.481350607143
mz_air_ppo,MZ Air,PPO,1337,8,21504,-2101.48540675,-2860.981857625
mz_air_ppo,MZ Air,PPO,1337,9,24192,-2124.93498225,-2779.1988714722224
mz_air_ppo,MZ Air,PPO,1337,10,26880,-2000.6762855000002,-2701.346612875
mz_air_ppo,MZ Air,PPO,1337,11,29568,-1957.3721717500002,-2633.7125727727275
mz_air_ppo,MZ Air,PPO,1337,12,32256,-1884.44561325,-2571.2736594791672
mz_air_ppo,MZ Air,PPO,1337,13,34944,-1837.9497995,-2514.8641317884617
mz_air_ppo,MZ Air,PPO,1337,14,37632,-1967.502579,-2475.7668780178574
mz_air_ppo,MZ Air,PPO,1337,15,40320,-1955.83883325,-2441.1050083666673
mz_air_ppo,MZ Air,PPO,1337,16,43008,-1738.82587025,-2397.212562234375
mz_air_ppo,MZ Air,PPO,1337,17,45696,-1747.64954325,-2359.0029728823533
mz_air_ppo,MZ Air,PPO,1337,18,48384,-1836.6379822499998,-2329.9826956250004
mz_air_ppo,MZ Air,PPO,1337,19,51072,-1657.46914825,-2294.587245763158
mz_air_ppo,MZ Air,PPO,1337,20,53760,-1587.334429,-2259.224604925
mz_air_ppo,MZ Air,PPO,1337,21,56448,-1482.1943847500002,-2222.223165869048
mz_air_ppo,MZ Air,PPO,1337,22,59136,-1498.6537742500002,-2189.3336480681824
mz_air_ppo,MZ Air,PPO,1337,23,61824,-1386.0731162499999,-2154.4092771195656
mz_air_ppo,MZ Air,PPO,1337,24,64512,-1294.74687375,-2118.5900103125
mz_air_ppo,MZ Air,PPO,1337,25,67200,-1252.6154394999999,-2083.9510274799995
mz_air_ppo,MZ Air,PPO,1337,26,69888,-1171.2698349999998,-2048.8479046923076
mz_air_ppo,MZ Air,PPO,1337,27,72576,-1047.69420975,-2011.7681382129626
mz_air_ppo,MZ Air,PPO,1337,28,75264,-1058.0213454999998,-1977.7057527589282
mz_air_ppo,MZ Air,PPO,1337,29,77952,-977.0588867499999,-1943.2006884137927
mz_air_ppo,MZ Air,PPO,1337,30,80640,-960.9814175,-1910.4600460499996
mz_air_ppo,MZ Air,PPO,1337,31,83328,-931.822107,-1818.4873186916664
mz_air_ppo,MZ Air,PPO,1337,32,86016,-921.4359295,-1739.9777136833331
mz_air_ppo,MZ Air,PPO,1337,33,88704,-881.39017725,-1662.4175131583333
mz_air_ppo,MZ Air,PPO,1337,34,91392,-834.09519125,-1587.8796796833335
mz_air_ppo,MZ Air,PPO,1337,35,94080,-852.2573427500001,-1527.0610850083335
mz_air_ppo,MZ Air,PPO,1337,36,96768,-806.243236,-1472.2748960916672
mz_air_ppo,MZ Air,PPO,1337,37,99456,-771.21253975,-1417.5296150250003
mz_air_ppo,MZ Air,PPO,1337,38,102144,-755.1781082499999,-1372.6527050750005
mz_air_ppo,MZ Air,PPO,1337,39,104832,-755.4479759999999,-1327.0031382000004
mz_air_ppo,MZ Air,PPO,1337,40,107520,-723.835849,-1284.441790316667
mz_air_ppo,MZ Air,PPO,1337,41,110208,-755.0431732500001,-1244.3641570333336
mz_air_ppo,MZ Air,PPO,1337,42,112896,-753.4536922499999,-1206.6644263333335
mz_air_ppo,MZ Air,PPO,1337,43,115584,-756.5347515,-1170.6172580666666
mz_air_ppo,MZ Air,PPO,1337,44,118272,-747.5796692499999,-1129.9531610750003
mz_air_ppo,MZ Air,PPO,1337,45,120960,-796.47217325,-1091.3076057416665
mz_air_ppo,MZ Air,PPO,1337,46,123648,-760.7789037499999,-1058.7060401916667
mz_air_ppo,MZ Air,PPO,1337,47,126336,-769.6256665,-1026.1052442999999
mz_air_ppo,MZ Air,PPO,1337,48,129024,-770.2428277500001,-990.55873915
mz_air_ppo,MZ Air,PPO,1337,49,131712,-742.54175225,-960.0611592833333
mz_air_ppo,MZ Air,PPO,1337,50,134400,-739.276756,-931.7925701833334
mz_air_ppo,MZ Air,PPO,1337,51,137088,-718.70079775,-906.3427839499999
mz_air_ppo,MZ Air,PPO,1337,52,139776,-734.679875,-880.8769873083334
mz_air_ppo,MZ Air,PPO,1337,53,142464,-693.8081589999999,-857.8014887333333
mz_air_ppo,MZ Air,PPO,1337,54,145152,-700.7722717500001,-838.0023353333333
mz_air_ppo,MZ Air,PPO,1337,55,147840,-692.82680475,-819.342714175
mz_air_ppo,MZ Air,PPO,1337,56,150528,-693.0953662499999,-803.4035652166666
mz_air_ppo,MZ Air,PPO,1337,57,153216,-683.29226925,-791.2568338666666
mz_air_ppo,MZ Air,PPO,1337,58,155904,-668.8273642500001,-778.2837011583332
mz_air_ppo,MZ Air,PPO,1337,59,158592,-671.62331875,-768.1025155583333
mz_air_ppo,MZ Air,PPO,1337,60,161280,-663.11199975,-758.1735349666666
mz_air_ppo,MZ Air,PPO,1337,61,163968,-693.1241855,-750.2169375833332
mz_air_ppo,MZ Air,PPO,1337,62,166656,-698.224777,-742.7765658333333
mz_air_ppo,MZ Air,PPO,1337,63,169344,-669.849928,-735.7252241916666
mz_air_ppo,MZ Air,PPO,1337,64,172032,-674.2836070000001,-730.3981713833333
mz_air_ppo,MZ Air,PPO,1337,65,174720,-670.6484204999999,-724.3445406416668
mz_air_ppo,MZ Air,PPO,1337,66,177408,-672.53662675,-719.8876536666668
mz_air_ppo,MZ Air,PPO,1337,67,180096,-657.51201575,-716.0976362
mz_air_ppo,MZ Air,PPO,1337,68,182784,-654.97370875,-712.7574895500001
mz_air_ppo,MZ Air,PPO,1337,69,185472,-676.7384050000001,-710.1338371833334
mz_air_ppo,MZ Air,PPO,1337,70,188160,-656.21483125,-707.8798032583333
mz_air_ppo,MZ Air,PPO,1337,71,190848,-659.8592315000001,-704.7070051999999
mz_air_ppo,MZ Air,PPO,1337,72,193536,-671.17787075,-701.9644778166665
mz_air_ppo,MZ Air,PPO,1337,73,196224,-698.9253934999999,-700.0441658833334
mz_air_ppo,MZ Air,PPO,1337,74,198912,-665.51395425,-697.30864205
mz_air_ppo,MZ Air,PPO,1337,75,201600,-685.569836,-693.611897475
mz_air_ppo,MZ Air,PPO,1337,76,204288,-698.32273275,-691.5300251083333
mz_air_ppo,MZ Air,PPO,1337,77,206976,-693.1198485,-688.979831175
mz_air_ppo,MZ Air,PPO,1337,78,209664,-673.6260777499999,-685.7592728416665
mz_air_ppo,MZ Air,PPO,1337,79,212352,-679.9170755,-683.6717836166665
mz_air_ppo,MZ Air,PPO,1337,80,215040,-658.8931125,-680.9923288333333
mz_air_ppo,MZ Air,PPO,1337,81,217728,-702.4504392499999,-680.4506502166665
mz_air_ppo,MZ Air,PPO,1337,82,220416,-738.2492759999999,-680.5696302499999
mz_air_ppo,MZ Air,PPO,1337,83,223104,-710.2358095000001,-681.1172186000001
mz_air_ppo,MZ Air,PPO,1337,84,225792,-709.54715775,-681.4097148000001
mz_air_ppo,MZ Air,PPO,1337,85,228480,-679.9709232499999,-680.9811854166667
mz_air_ppo,MZ Air,PPO,1337,86,231168,-648.57931675,-679.4973171
mz_air_ppo,MZ Air,PPO,1337,87,233856,-644.350567,-678.1992603583334
mz_air_ppo,MZ Air,PPO,1337,88,236544,-653.23716425,-677.6795870250002
mz_air_ppo,MZ Air,PPO,1337,89,239232,-655.78434375,-677.1516211916668
mz_air_ppo,MZ Air,PPO,1337,90,241920,-630.547602,-676.0661412666668
mz_air_ppo,MZ Air,PPO,1337,91,244608,-634.50000825,-674.1120020250002
mz_air_ppo,MZ Air,PPO,1337,92,247296,-624.9660745,-671.670045275
mz_air_ppo,MZ Air,PPO,1337,93,249984,-635.9316122500001,-670.5394347499999
mz_air_ppo,MZ Air,PPO,1337,94,252672,-645.89129475,-669.5930243416666
mz_air_ppo,MZ Air,PPO,1337,95,255360,-650.179741,-668.910735025
mz_air_ppo,MZ Air,PPO,1337,96,258048,-665.82541525,-668.687027975
mz_air_ppo,MZ Air,PPO,1337,97,260736,-686.6365559999999,-669.6578459833332
mz_air_ppo,MZ Air,PPO,1337,98,263424,-655.615986,-669.6792552250001
mz_air_ppo,MZ Air,PPO,1337,99,266112,-654.7811125000001,-668.9473454750001
mz_air_ppo,MZ Air,PPO,1337,100,268800,-671.461707,-669.4555746666667
mz_air_ppo,MZ Air,PPO,1337,101,271488,-684.8538305,-670.2887279666668
mz_air_ppo,MZ Air,PPO,1337,102,274176,-656.699062,-669.8061010083334
mz_air_ppo,MZ Air,PPO,1337,103,276864,-650.159054,-668.1805563583333
mz_air_ppo,MZ Air,PPO,1337,104,279552,-649.2671177499999,-667.6389951416666
mz_air_ppo,MZ Air,PPO,1337,105,282240,-650.82465,-666.4808222749999
mz_air_ppo,MZ Air,PPO,1337,106,284928,-664.3173905,-665.3473108666666
mz_air_ppo,MZ Air,PPO,1337,107,287616,-645.124676,-663.7474717833334
mz_air_ppo,MZ Air,PPO,1337,108,290304,-649.1984265,-662.9332167416667
mz_air_ppo,MZ Air,PPO,1337,109,292992,-647.0843485,-661.8387925083333
mz_air_ppo,MZ Air,PPO,1337,110,295680,-640.1846545,-661.2151772416667
mz_air_ppo,MZ Air,PPO,1337,111,298368,-631.939135,-658.8648004333334
mz_air_ppo,MZ Air,PPO,1337,112,301056,-641.4594804999999,-655.6384739166667
mz_air_ppo,MZ Air,PPO,1337,113,303744,-633.3886954999999,-653.0769034500001
mz_air_ppo,MZ Air,PPO,1337,114,306432,-674.9366467499999,-651.9232197500002
mz_air_ppo,MZ Air,PPO,1337,115,309120,-648.86299775,-650.8862889000001
mz_air_ppo,MZ Air,PPO,1337,116,311808,-659.22992575,-651.2413092000002
mz_air_ppo,MZ Air,PPO,1337,117,314496,-657.7990725,-651.6895927166668
mz_air_ppo,MZ Air,PPO,1337,118,317184,-643.318839,-651.3589818749999
mz_air_ppo,MZ Air,PPO,1337,119,319872,-655.5965494999999,-651.3527220666666
mz_air_ppo,MZ Air,PPO,1337,120,322560,-655.93614525,-652.1990068416667
mz_air_ppo,MZ Air,PPO,1337,121,325248,-655.920235,-652.9130144
mz_air_ppo,MZ Air,PPO,1337,122,327936,-656.97297325,-653.979911025
mz_air_ppo,MZ Air,PPO,1337,123,330624,-667.19328525,-655.0219667916667
mz_air_ppo,MZ Air,PPO,1337,124,333312,-657.08097075,-655.3949559916668
mz_air_ppo,MZ Air,PPO,1337,125,336000,-656.8993805,-655.6189439749999
mz_air_ppo,MZ Air,PPO,1337,126,338688,-664.1407452499999,-655.5627883083332
mz_air_ppo,MZ Air,PPO,1337,127,341376,-666.0712954999999,-654.8772796249999
mz_air_ppo,MZ Air,PPO,1337,128,344064,-671.5417912500001,-655.4081397999998
mz_air_ppo,MZ Air,PPO,1337,129,346752,-654.8074382500001,-655.4090173250001
mz_air_ppo,MZ Air,PPO,1337,130,349440,-671.63050875,-655.4146440500001
mz_air_ppo,MZ Air,PPO,1337,131,352128,-654.99669625,-654.4194062416668
mz_air_ppo,MZ Air,PPO,1337,132,354816,-664.2151707500001,-654.6699432000001
mz_air_ppo,MZ Air,PPO,1337,133,357504,-656.16889475,-654.870271225
mz_air_ppo,MZ Air,PPO,1337,134,360192,-653.19129,-655.0010769666666
mz_air_ppo,MZ Air,PPO,1337,135,362880,-655.5525845,-655.1586747833334
mz_air_ppo,MZ Air,PPO,1337,136,365568,-647.52491225,-654.5989255083333
mz_air_ppo,MZ Air,PPO,1337,137,368256,-638.81023625,-654.3884441833331
mz_air_ppo,MZ Air,PPO,1337,138,370944,-649.601662,-654.4018853666665
mz_air_ppo,MZ Air,PPO,1337,139,373632,-645.1299295,-654.3367380666666
mz_air_ppo,MZ Air,PPO,1337,140,376320,-663.451379,-655.1122955499999
mz_air_ppo,MZ Air,PPO,1337,141,379008,-654.40493075,-655.8611554083332
mz_air_ppo,MZ Air,PPO,1337,142,381696,-647.70400725,-656.0693062999999
mz_air_ppo,MZ Air,PPO,1337,143,384384,-643.67675125,-656.4122414916666
mz_air_ppo,MZ Air,PPO,1337,144,387072,-655.1620559999999,-655.7530884666666
mz_air_ppo,MZ Air,PPO,1337,145,389760,-642.0230327499999,-655.5250896333332
mz_air_ppo,MZ Air,PPO,1337,146,392448,-638.1656535,-654.822947225
mz_air_ppo,MZ Air,PPO,1337,147,395136,-650.65472675,-654.5848023666666
mz_air_ppo,MZ Air,PPO,1337,148,397824,-646.6004754999999,-654.69419025
mz_air_ppo,MZ Air,PPO,1337,149,400512,-663.22578875,-654.9484982249999
mz_air_ppo,MZ Air,PPO,1337,150,403200,-646.21198275,-654.624359475
mz_air_ppo,MZ Air,PPO,1337,151,405888,-641.7454527499999,-654.1518667333332
mz_air_ppo,MZ Air,PPO,1337,152,408576,-637.9901815,-653.5191070083333
mz_air_ppo,MZ Air,PPO,1337,153,411264,-636.26928275,-652.4883069250001
mz_air_ppo,MZ Air,PPO,1337,154,413952,-641.11137375,-651.9559870250001
mz_air_ppo,MZ Air,PPO,1337,155,416640,-633.7122085,-651.1830812916667
mz_air_ppo,MZ Air,PPO,1337,156,419328,-628.832523,-650.00614055
mz_air_ppo,MZ Air,PPO,1337,157,422016,-643.48480975,-649.2532576916668
mz_air_ppo,MZ Air,PPO,1337,158,424704,-639.79968725,-648.1951875583335
mz_air_ppo,MZ Air,PPO,1337,159,427392,-634.8018267499999,-647.5283338416667
mz_air_ppo,MZ Air,PPO,1337,160,430080,-628.2984940000001,-646.08393335
mz_air_ppo,MZ Air,PPO,1337,161,432768,-641.3839105,-645.630173825
mz_air_ppo,MZ Air,PPO,1337,162,435456,-636.314091,-644.7001378333333
mz_air_ppo,MZ Air,PPO,1337,163,438144,-641.482033,-644.2105757749999
mz_air_ppo,MZ Air,PPO,1337,164,440832,-662.7907084999999,-644.5305563916667
mz_air_ppo,MZ Air,PPO,1337,165,443520,-644.5955045,-644.1653203916667
mz_air_ppo,MZ Air,PPO,1337,166,446208,-644.775216,-644.0736638500001
mz_air_ppo,MZ Air,PPO,1337,167,448896,-653.1401565,-644.5513278583335
mz_air_ppo,MZ Air,PPO,1337,168,451584,-651.05887775,-644.5999017166669
mz_air_ppo,MZ Air,PPO,1337,169,454272,-644.425616,-644.5764246
mz_air_ppo,MZ Air,PPO,1337,170,456960,-653.34889675,-644.2396751916668
mz_air_ppo,MZ Air,PPO,1337,171,459648,-661.8160202500001,-644.4867115083335
mz_air_ppo,MZ Air,PPO,1337,172,462336,-654.85340475,-644.7250247583335
mz_air_ppo,MZ Air,PPO,1337,173,465024,-660.62973125,-645.2901240916667
mz_air_ppo,MZ Air,PPO,1337,174,467712,-658.322432,-645.3954699583334
mz_air_ppo,MZ Air,PPO,1337,175,470400,-650.64760975,-645.6829558583333
mz_air_ppo,MZ Air,PPO,1337,176,473088,-656.37162475,-646.2898215666668
mz_air_ppo,MZ Air,PPO,1337,177,475776,-652.9903012499999,-646.3676740500001
mz_air_ppo,MZ Air,PPO,1337,178,478464,-644.4594315,-646.2963059166667
mz_air_ppo,MZ Air,PPO,1337,179,481152,-652.4582700000001,-645.937388625
mz_air_ppo,MZ Air,PPO,1337,180,483840,-650.26733175,-646.072566925
mz_air_ppo,MZ Air,PPO,1337,181,486528,-647.43489175,-646.2622148916666
mz_air_ppo,MZ Air,PPO,1337,182,489216,-647.0420027499999,-646.5639422666667
mz_air_ppo,MZ Air,PPO,1337,183,491904,-645.73179375,-646.8793592999999
mz_air_ppo,MZ Air,PPO,1337,184,494592,-645.885263,-647.0384889416667
mz_air_ppo,MZ Air,PPO,1337,185,497280,-649.50256825,-647.5648342666667
mz_air_ppo,MZ Air,PPO,1337,186,499968,-649.84284575,-648.2651783583333
mz_air_ppo,MZ Air,PPO,1337,187,502656,-648.5370925,-648.4335877833332
mz_air_ppo,MZ Air,PPO,1337,188,505344,-646.6874114999999,-648.6631785916666
mz_air_ppo,MZ Air,PPO,1337,189,508032,-648.630175,-649.1241235333333
mz_air_ppo,MZ Air,PPO,1337,190,510720,-644.2252895,-649.6550167166664
mz_air_ppo,MZ Air,PPO,1337,191,513408,-645.28485,-649.7850480333332
mz_air_ppo,MZ Air,PPO,1337,192,516096,-643.0505264999999,-650.0095958833333
mz_air_ppo,MZ Air,PPO,1337,193,518784,-642.10996725,-650.0305270249997
mz_air_ppo,MZ Air,PPO,1337,194,521472,-639.05648025,-649.2393860833332
mz_air_ppo,MZ Air,PPO,1337,195,524160,-633.806107,-648.8797394999999
mz_air_ppo,MZ Air,PPO,1337,196,526848,-634.2564255,-648.52911315
mz_air_ppo,MZ Air,PPO,1337,197,529536,-636.784494,-647.9839244
mz_air_ppo,MZ Air,PPO,1337,198,532224,-635.030586,-647.4496480083333
mz_air_ppo,MZ Air,PPO,1337,199,534912,-639.14886325,-647.27375625
mz_air_ppo,MZ Air,PPO,1337,200,537600,-638.61961775,-646.7827802833333
mz_air_ppo,MZ Air,PPO,1337,201,540288,-632.7804875,-645.8149291916667
mz_air_ppo,MZ Air,PPO,1337,202,542976,-644.2821757500001,-645.4625548916666
mz_air_ppo,MZ Air,PPO,1337,203,545664,-641.810418,-644.83524445
mz_air_ppo,MZ Air,PPO,1337,204,548352,-635.18315625,-644.0639352583333
mz_air_ppo,MZ Air,PPO,1337,205,551040,-636.0265755,-643.57656745
mz_air_ppo,MZ Air,PPO,1337,206,553728,-635.5061585,-642.8810519083333
mz_air_ppo,MZ Air,PPO,1337,207,556416,-637.95941425,-642.3800223416667
mz_air_ppo,MZ Air,PPO,1337,208,559104,-638.0514895,-642.166424275
mz_air_ppo,MZ Air,PPO,1337,209,561792,-644.1761630000001,-641.8903540416667
mz_air_ppo,MZ Air,PPO,1337,210,564480,-635.08104075,-641.3841443416666
mz_air_ppo,MZ Air,PPO,1337,211,567168,-633.08376025,-640.9057732916666
mz_air_ppo,MZ Air,PPO,1337,212,569856,-632.805779,-640.4312324999999
mz_air_ppo,MZ Air,PPO,1337,213,572544,-632.4791655,-639.9894782249999
mz_air_ppo,MZ Air,PPO,1337,214,575232,-632.307584,-639.536888925
mz_air_ppo,MZ Air,PPO,1337,215,577920,-627.4220300000001,-638.8008709833333
mz_air_ppo,MZ Air,PPO,1337,216,580608,-632.458427,-638.2213903583335
mz_air_ppo,MZ Air,PPO,1337,217,583296,-632.8016722499999,-637.69687635
mz_air_ppo,MZ Air,PPO,1337,218,585984,-632.474751,-637.2231210000002
mz_air_ppo,MZ Air,PPO,1337,219,588672,-633.5179459999999,-636.7193800333334
mz_air_ppo,MZ Air,PPO,1337,220,591360,-629.7899044999999,-636.2382005333334
mz_air_ppo,MZ Air,PPO,1337,221,594048,-635.944731,-635.9268632333334
mz_air_ppo,MZ Air,PPO,1337,222,596736,-638.15395575,-635.7636442083334
mz_air_ppo,MZ Air,PPO,1337,223,599424,-634.48346575,-635.5094274916667
mz_air_ppo,MZ Air,PPO,1337,224,602112,-627.6976999999999,-635.1308014833334
mz_air_ppo,MZ Air,PPO,1337,225,604800,-633.5777605,-635.1231899333333
mz_air_ppo,MZ Air,PPO,1337,226,607488,-627.1971592499999,-634.8878810583334
mz_air_ppo,MZ Air,PPO,1337,227,610176,-629.9382210000001,-634.6596719583334
mz_air_ppo,MZ Air,PPO,1337,228,612864,-627.24851075,-634.40026945
mz_air_ppo,MZ Air,PPO,1337,229,615552,-630.0454657500001,-634.0968228666667
mz_air_ppo,MZ Air,PPO,1337,230,618240,-624.5680115,-633.6284359916667
mz_air_ppo,MZ Air,PPO,1337,231,620928,-630.28163825,-633.5451410166665
mz_air_ppo,MZ Air,PPO,1337,232,623616,-629.69319675,-633.0588417166667
mz_air_ppo,MZ Air,PPO,1337,233,626304,-628.12603475,-632.6026956083332
mz_air_ppo,MZ Air,PPO,1337,234,628992,-623.4714605,-632.2123057499999
mz_air_ppo,MZ Air,PPO,1337,235,631680,-630.0897745,-632.0144123833333
mz_air_ppo,MZ Air,PPO,1337,236,634368,-628.2973205,-631.7741177833335
mz_air_ppo,MZ Air,PPO,1337,237,637056,-625.7660435,-631.3676720916668
mz_air_ppo,MZ Air,PPO,1337,238,639744,-624.323739,-630.9100804083333
mz_air_ppo,MZ Air,PPO,1337,239,642432,-627.897931,-630.367472675
mz_air_ppo,MZ Air,PPO,1337,240,645120,-626.7149845,-630.0886041333334
mz_air_ppo,MZ Air,PPO,1337,241,647808,-626.45658,-629.8676981249998
mz_air_ppo,MZ Air,PPO,1337,242,650496,-619.22907075,-629.4151411833334
mz_air_ppo,MZ Air,PPO,1337,243,653184,-622.06827075,-629.0681113583335
mz_air_ppo,MZ Air,PPO,1337,244,655872,-626.890542,-628.8875432916667
mz_air_ppo,MZ Air,PPO,1337,245,658560,-635.7019905000001,-629.163541975
mz_air_ppo,MZ Air,PPO,1337,246,661248,-628.0703965,-629.0172742916668
mz_air_ppo,MZ Air,PPO,1337,247,663936,-623.7883965,-628.7168317666667
mz_air_ppo,MZ Air,PPO,1337,248,666624,-625.4989197499999,-628.4843040583332
mz_air_ppo,MZ Air,PPO,1337,249,669312,-628.28830425,-628.3099826666665
mz_air_ppo,MZ Air,PPO,1337,250,672000,-628.47831625,-628.2662630583332
mz_air_ppo,MZ Air,PPO,1337,251,674688,-625.6536615,-627.9232274083333
mz_air_ppo,MZ Air,PPO,1337,252,677376,-627.1027195,-627.5548528666666
mz_air_ppo,MZ Air,PPO,1337,253,680064,-625.99674375,-627.2719621333332
mz_air_ppo,MZ Air,PPO,1337,254,682752,-620.8228624999999,-627.0428008833334
mz_air_ppo,MZ Air,PPO,1337,255,685440,-619.1317735,-626.5612679833336
mz_air_ppo,MZ Air,PPO,1337,256,688128,-626.175633,-626.5272171083335
mz_air_ppo,MZ Air,PPO,1337,257,690816,-618.96345975,-626.1613917333335
mz_air_ppo,MZ Air,PPO,1337,258,693504,-624.25980625,-626.06176825
mz_air_ppo,MZ Air,PPO,1337,259,696192,-626.12181575,-625.9309799166666
mz_air_ppo,MZ Air,PPO,1337,260,698880,-624.2235732500001,-625.9194986416667
mz_air_ppo,MZ Air,PPO,1337,261,701568,-621.4057135,-625.6236344833335
mz_air_ppo,MZ Air,PPO,1337,262,704256,-621.45878825,-625.3491542
mz_air_ppo,MZ Air,PPO,1337,263,706944,-623.6282655,-625.1992285583334
mz_air_ppo,MZ Air,PPO,1337,264,709632,-624.63229925,-625.2379231833332
mz_air_ppo,MZ Air,PPO,1337,265,712320,-620.79591125,-624.9281277416666
mz_air_ppo,MZ Air,PPO,1337,266,715008,-622.82630125,-624.7457604333333
mz_air_ppo,MZ Air,PPO,1337,267,717696,-625.9650975,-624.7523955666667
mz_air_ppo,MZ Air,PPO,1337,268,720384,-623.2903735,-624.71795005
mz_air_ppo,MZ Air,PPO,1337,269,723072,-628.76218225,-624.746758425
mz_air_ppo,MZ Air,PPO,1337,270,725760,-619.7185460000001,-624.5135438083332
mz_air_ppo,MZ Air,PPO,1337,271,728448,-623.4161405,-624.412195825
mz_air_ppo,MZ Air,PPO,1337,272,731136,-622.1855,-624.5107434666667
mz_air_ppo,MZ Air,PPO,1337,273,733824,-624.63496575,-624.5962999666667
mz_air_ppo,MZ Air,PPO,1337,274,736512,-623.53027375,-624.4842910250001
mz_air_ppo,MZ Air,PPO,1337,275,739200,-627.38228925,-624.2069676499999
mz_air_ppo,MZ Air,PPO,1337,276,741888,-624.140218,-624.0759617
mz_air_ppo,MZ Air,PPO,1337,277,744576,-633.7796885,-624.4090047666666
mz_air_ppo,MZ Air,PPO,1337,278,747264,-627.6458935,-624.4805705583333
mz_air_ppo,MZ Air,PPO,1337,279,749952,-632.35798725,-624.6162266583334
mz_air_ppo,MZ Air,PPO,1337,280,752640,-630.8059185,-624.6938134
mz_air_ppo,MZ Air,PPO,1337,281,755328,-627.167101,-624.7442613833333
mz_air_ppo,MZ Air,PPO,1337,282,758016,-632.039752,-624.9088291333334
mz_air_ppo,MZ Air,PPO,1337,283,760704,-629.1496480000001,-625.0139259416666
mz_air_ppo,MZ Air,PPO,1337,284,763392,-628.646425,-625.2747113583333
mz_air_ppo,MZ Air,PPO,1337,285,766080,-621.2240087499999,-625.3444525333332
mz_air_ppo,MZ Air,PPO,1337,286,768768,-627.2776212499999,-625.3811854749999
mz_air_ppo,MZ Air,PPO,1337,287,771456,-622.7291485,-625.5067084333333
mz_air_ppo,MZ Air,PPO,1337,288,774144,-621.892154,-625.4277866916667
mz_air_ppo,MZ Air,PPO,1337,289,776832,-619.0104255,-625.19074035
mz_air_ppo,MZ Air,PPO,1337,290,779520,-617.15644275,-624.9551693333334
mz_air_ppo,MZ Air,PPO,1337,291,782208,-619.551737,-624.8933701166667
mz_air_ppo,MZ Air,PPO,1337,292,784896,-622.60615575,-624.9316157000001
mz_air_ppo,MZ Air,PPO,1337,293,787584,-626.92705025,-625.0415751916667
mz_air_ppo,MZ Air,PPO,1337,294,790272,-621.6566197499999,-624.942385875
mz_air_ppo,MZ Air,PPO,1337,295,792960,-625.2335145,-625.0903059833332
mz_air_ppo,MZ Air,PPO,1337,296,795648,-625.888325,-625.1923734416666
mz_air_ppo,MZ Air,PPO,1337,297,798336,-619.9090122499999,-624.9905039333333
mz_air_ppo,MZ Air,PPO,1337,298,801024,-621.7418922500001,-624.9388878916666
mz_air_ppo,MZ Air,PPO,1337,299,803712,-623.0845037500001,-624.7496319416666
mz_air_ppo,MZ Air,PPO,1337,300,806400,-626.6549035,-624.9808438583333
mz_air_ppo,MZ Air,PPO,1337,301,809088,-618.956557,-624.832191075
mz_air_ppo,MZ Air,PPO,1337,302,811776,-623.78467325,-624.88549685
mz_air_ppo,MZ Air,PPO,1337,303,814464,-618.32394975,-624.67512965
mz_air_ppo,MZ Air,PPO,1337,304,817152,-618.5845722500001,-624.5102729333335
mz_air_ppo,MZ Air,PPO,1337,305,819840,-623.0524260000001,-624.3659441583333
mz_air_ppo,MZ Air,PPO,1337,306,822528,-622.79976425,-624.3212623666667
mz_air_ppo,MZ Air,PPO,1337,307,825216,-621.02295925,-623.8960380583334
mz_air_ppo,MZ Air,PPO,1337,308,827904,-621.7379505,-623.6991066249999
mz_air_ppo,MZ Air,PPO,1337,309,830592,-623.6234535,-623.4079555000001
mz_air_ppo,MZ Air,PPO,1337,310,833280,-626.98726275,-623.280666975
mz_air_ppo,MZ Air,PPO,1337,311,835968,-624.5025344999999,-623.1918480916667
mz_air_ppo,MZ Air,PPO,1337,312,838656,-620.7318345,-622.8149175083332
mz_air_ppo,MZ Air,PPO,1337,313,841344,-623.2262955,-622.617472425
mz_air_ppo,MZ Air,PPO,1337,314,844032,-620.5643249999999,-622.3480690916666
mz_air_ppo,MZ Air,PPO,1337,315,846720,-619.68192925,-622.2966664416666
mz_air_ppo,MZ Air,PPO,1337,316,849408,-618.91735675,-622.0179909583333
mz_air_ppo,MZ Air,PPO,1337,317,852096,-625.45107,-622.1087216750001
mz_air_ppo,MZ Air,PPO,1337,318,854784,-617.7193935,-621.9696296583332
mz_air_ppo,MZ Air,PPO,1337,319,857472,-616.6230625000001,-621.8900508916665
mz_air_ppo,MZ Air,PPO,1337,320,860160,-617.94201625,-621.9162366749999
mz_air_ppo,MZ Air,PPO,1337,321,862848,-620.44563575,-621.9460333
mz_air_ppo,MZ Air,PPO,1337,322,865536,-620.27664675,-621.8683829999999
mz_air_ppo,MZ Air,PPO,1337,323,868224,-618.6276015000001,-621.5917347083334
mz_air_ppo,MZ Air,PPO,1337,324,870912,-617.4604704999999,-621.4518630666666
mz_air_ppo,MZ Air,PPO,1337,325,873600,-618.9493955,-621.2423924333332
mz_air_ppo,MZ Air,PPO,1337,326,876288,-618.00909025,-620.979751275
mz_air_ppo,MZ Air,PPO,1337,327,878976,-618.1054839999999,-620.9196336666666
mz_air_ppo,MZ Air,PPO,1337,328,881664,-622.5070969999999,-620.9451404916668
mz_air_ppo,MZ Air,PPO,1337,329,884352,-617.4048660000001,-620.7558192333333
mz_air_ppo,MZ Air,PPO,1337,330,887040,-619.1689247500001,-620.5062866083334
mz_air_ppo,MZ Air,PPO,1337,331,889728,-620.7276965,-620.5653245916667
mz_air_ppo,MZ Air,PPO,1337,332,892416,-620.4116287500001,-620.4528897749999
mz_air_ppo,MZ Air,PPO,1337,333,895104,-620.90397575,-620.5388906416666
mz_air_ppo,MZ Air,PPO,1337,334,897792,-624.1424355,-620.7241527500001
mz_air_ppo,MZ Air,PPO,1337,335,900480,-619.77345125,-620.6148535916667
mz_air_ppo,MZ Air,PPO,1337,336,903168,-621.2129855000001,-620.5619609666667
mz_air_ppo,MZ Air,PPO,1337,337,905856,-618.66531175,-620.4833727166666
mz_air_ppo,MZ Air,PPO,1337,338,908544,-617.7833475,-620.3515526166666
mz_air_ppo,MZ Air,PPO,1337,339,911232,-614.5681075,-620.0497077499999
mz_air_ppo,MZ Air,PPO,1337,340,913920,-616.74466675,-619.7082878833334
mz_air_ppo,MZ Air,PPO,1337,341,916608,-617.19305325,-619.4646385083335
mz_air_ppo,MZ Air,PPO,1337,342,919296,-616.30131675,-619.3169545833334
mz_air_ppo,MZ Air,PPO,1337,343,921984,-615.8755875,-619.0719309833333
mz_air_ppo,MZ Air,PPO,1337,344,924672,-614.6758777499999,-618.8756494083333
mz_air_ppo,MZ Air,PPO,1337,345,927360,-617.7275795,-618.8105044166665
mz_air_ppo,MZ Air,PPO,1337,346,930048,-615.09358925,-618.6830454999998
mz_air_ppo,MZ Air,PPO,1337,347,932736,-615.238523,-618.3426272666665
mz_air_ppo,MZ Air,PPO,1337,348,935424,-615.70651,-618.27553115
mz_air_ppo,MZ Air,PPO,1337,349,938112,-612.6260645,-618.1422978833333
mz_air_ppo,MZ Air,PPO,1337,350,940800,-615.345536,-618.0557485416667
mz_air_ppo,MZ Air,PPO,1337,351,943488,-616.66369525,-617.9296838583334
mz_air_ppo,MZ Air,PPO,1337,352,946176,-612.412797,-617.6675555333334
mz_air_ppo,MZ Air,PPO,1337,353,948864,-615.7344302500001,-617.5711164916667
mz_air_ppo,MZ Air,PPO,1337,354,951552,-616.46995825,-617.5380994166667
mz_air_ppo,MZ Air,PPO,1337,355,954240,-614.037112,-617.3743566333334
mz_air_ppo,MZ Air,PPO,1337,356,956928,-610.79122725,-617.1337612
mz_air_ppo,MZ Air,PPO,1337,357,959616,-621.21308575,-617.2373479250002
mz_air_ppo,MZ Air,PPO,1337,358,962304,-618.408718,-617.1007352916666
mz_air_ppo,MZ Air,PPO,1337,359,964992,-616.6712385,-617.0762810416667
mz_air_ppo,MZ Air,PPO,1337,360,967680,-615.3545845,-616.9491363666665
mz_air_ppo,MZ Air,PPO,1337,361,970368,-619.29011975,-616.9012171416666
mz_air_ppo,MZ Air,PPO,1337,362,973056,-614.9514562500001,-616.7192113916667
mz_air_ppo,MZ Air,PPO,1337,363,975744,-616.0659919999999,-616.5579452666666
mz_air_ppo,MZ Air,PPO,1337,364,978432,-615.106207,-616.25673765
mz_air_ppo,MZ Air,PPO,1337,365,981120,-618.73780925,-616.2222162500001
mz_air_ppo,MZ Air,PPO,1337,366,983808,-615.14974075,-616.0201080916667
mz_air_ppo,MZ Air,PPO,1337,367,986496,-616.1733439999999,-615.9370425
mz_air_ppo,MZ Air,PPO,1337,368,989184,-618.86432875,-615.9730752083334
mz_air_ppo,MZ Air,PPO,1337,369,991872,-615.5403104999999,-616.0054819750001
mz_air_ppo,MZ Air,PPO,1337,370,994560,-613.73182025,-615.9050537583333
mz_air_ppo,MZ Air,PPO,1337,371,997248,-614.27632075,-615.8078293416667
mz_air_ppo,MZ Air,PPO,1337,372,999936,-613.53165825,-615.7155073916666
mz_air_ppo,MZ Air,PPO,1337,373,1002624,-616.118977,-615.7236203749999
mz_air_ppo,MZ Air,PPO,1337,374,1005312,-615.1331210000001,-615.7388618166665
mz_air_ppo,MZ Air,PPO,1337,375,1008000,-616.01996,-615.6819411666664
mz_air_ppo,MZ Air,PPO,1337,376,1010688,-615.914482,-615.7093042583332
mz_air_ppo,MZ Air,PPO,1337,377,1013376,-615.523347,-615.7187983916666
mz_air_ppo,MZ Air,PPO,1337,378,1016064,-616.22099525,-615.7359479
mz_air_ppo,MZ Air,PPO,1337,379,1018752,-611.1156075,-615.6855993333334
mz_air_ppo,MZ Air,PPO,1337,380,1021440,-614.9999774999999,-615.6740807166666
mz_air_ppo,MZ Air,PPO,1337,381,1024128,-615.3261067499999,-615.6294944333333
mz_air_ppo,MZ Air,PPO,1337,382,1026816,-616.0901025000001,-615.7520712833333
mz_air_ppo,MZ Air,PPO,1337,383,1029504,-616.59841125,-615.7808706499999
mz_air_ppo,MZ Air,PPO,1337,384,1032192,-613.70554925,-615.6887236833334
mz_air_ppo,MZ Air,PPO,1337,385,1034880,-615.211113,-615.7278570500001
mz_air_ppo,MZ Air,PPO,1337,386,1037568,-617.12564275,-615.9390042333335
mz_air_ppo,MZ Air,PPO,1337,387,1040256,-616.29532875,-615.7750790000001
mz_air_ppo,MZ Air,PPO,1337,388,1042944,-614.38544375,-615.6409698583334
mz_air_ppo,MZ Air,PPO,1337,389,1045632,-616.975133,-615.651099675
mz_air_ppo,MZ Air,PPO,1337,390,1048320,-618.69473425,-615.7624379999999
mz_air_ppo,MZ Air,PPO,1337,391,1051008,-619.252596,-615.7611872083332
mz_air_ppo,MZ Air,PPO,1337,392,1053696,-615.8313985,-615.7905186166665
mz_air_ppo,MZ Air,PPO,1337,393,1056384,-613.17503025,-615.6941532249999
mz_air_ppo,MZ Air,PPO,1337,394,1059072,-619.1716769999999,-615.8296688916666
mz_air_ppo,MZ Air,PPO,1337,395,1061760,-614.329603,-615.6827286833333
mz_air_ppo,MZ Air,PPO,1337,396,1064448,-621.2940322499999,-615.8875383999999
mz_air_ppo,MZ Air,PPO,1337,397,1067136,-616.15083325,-615.8867880416667
mz_air_ppo,MZ Air,PPO,1337,398,1069824,-616.3949279999999,-615.8044746833334
mz_air_ppo,MZ Air,PPO,1337,399,1072512,-612.45056325,-615.7014831083335
mz_air_ppo,MZ Air,PPO,1337,400,1075200,-613.2844847499999,-615.686571925
mz_air_ppo,MZ Air,PPO,1337,401,1077888,-614.1973145,-615.6839383833334
mz_air_ppo,MZ Air,PPO,1337,402,1080576,-609.9854385,-615.5657310583333
mz_air_ppo,MZ Air,PPO,1337,403,1083264,-611.83563025,-615.4229528333333
mz_air_ppo,MZ Air,PPO,1337,404,1085952,-613.30956125,-615.3621675083334
mz_air_ppo,MZ Air,PPO,1337,405,1088640,-608.44270175,-615.1095922333333
mz_air_ppo,MZ Air,PPO,1337,406,1091328,-605.808,-614.7727094999999
mz_air_ppo,MZ Air,PPO,1337,407,1094016,-608.1652007499999,-614.5274379583333
mz_air_ppo,MZ Air,PPO,1337,408,1096704,-607.45039775,-614.2350847083333
mz_air_ppo,MZ Air,PPO,1337,409,1099392,-610.474687,-614.2137206916667
mz_air_ppo,MZ Air,PPO,1337,410,1102080,-609.37831875,-614.0263320666668
mz_air_ppo,MZ Air,PPO,1337,411,1104768,-611.910591,-613.9124815416668
mz_air_ppo,MZ Air,PPO,1337,412,1107456,-608.44074,-613.6575027916667
mz_air_ppo,MZ Air,PPO,1337,413,1110144,-609.71650175,-613.4281058083335
mz_air_ppo,MZ Air,PPO,1337,414,1112832,-609.25380525,-613.2797143416667
mz_air_ppo,MZ Air,PPO,1337,415,1115520,-609.33028,-613.083686575
mz_air_ppo,MZ Air,PPO,1337,416,1118208,-611.82243275,-612.9069129083332
mz_air_ppo,MZ Air,PPO,1337,417,1120896,-614.6353134999999,-612.8515790666664
mz_air_ppo,MZ Air,PPO,1337,418,1123584,-612.9430877499999,-612.8035005333331
mz_air_ppo,MZ Air,PPO,1337,419,1126272,-608.42198925,-612.5183957416667
mz_air_ppo,MZ Air,PPO,1337,420,1128960,-615.75651325,-612.4204550416667
mz_air_ppo,MZ Air,PPO,1337,421,1131648,-613.3424827499999,-612.2234512666665
mz_air_ppo,MZ Air,PPO,1337,422,1134336,-612.9065879999999,-612.1259575833333
mz_air_ppo,MZ Air,PPO,1337,423,1137024,-612.7578095,-612.112050225
mz_air_ppo,MZ Air,PPO,1337,424,1139712,-615.1258027499999,-611.9771877500001
mz_air_ppo,MZ Air,PPO,1337,425,1142400,-613.58190675,-611.9522645416669
mz_air_ppo,MZ Air,PPO,2026,1,2688,-3713.698311,-3713.698311
mz_air_ppo,MZ Air,PPO,2026,2,5376,-3360.559701,-3537.129006
mz_air_ppo,MZ Air,PPO,2026,3,8064,-3453.01818125,-3509.0920644166667
mz_air_ppo,MZ Air,PPO,2026,4,10752,-2998.9436545,-3381.5549619374997
mz_air_ppo,MZ Air,PPO,2026,5,13440,-2827.82369375,-3270.8087083
mz_air_ppo,MZ Air,PPO,2026,6,16128,-2940.0900432500002,-3215.6889307916667
mz_air_ppo,MZ Air,PPO,2026,7,18816,-2570.181945,-3123.4736471071433
mz_air_ppo,MZ Air,PPO,2026,8,21504,-2213.89434025,-3009.77623375
mz_air_ppo,MZ Air,PPO,2026,9,24192,-1967.5890057499998,-2893.977652861111
mz_air_ppo,MZ Air,PPO,2026,10,26880,-1999.233679,-2804.503255475
mz_air_ppo,MZ Air,PPO,2026,11,29568,-1727.9800605,-2706.637510477273
mz_air_ppo,MZ Air,PPO,2026,12,32256,-1767.69744575,-2628.3925050833336
mz_air_ppo,MZ Air,PPO,2026,13,34944,-1795.80548975,-2564.3473500576924
mz_air_ppo,MZ Air,PPO,2026,14,37632,-1641.01018425,-2498.394695357143
mz_air_ppo,MZ Air,PPO,2026,15,40320,-2131.69752075,-2473.94821705
mz_air_ppo,MZ Air,PPO,2026,16,43008,-2262.66106975,-2460.7427703437497
mz_air_ppo,MZ Air,PPO,2026,17,45696,-2005.9182162500001,-2433.9883848088234
mz_air_ppo,MZ Air,PPO,2026,18,48384,-1458.33958475,-2379.785673694444
mz_air_ppo,MZ Air,PPO,2026,19,51072,-1575.8731257499999,-2337.474486960526
mz_air_ppo,MZ Air,PPO,2026,20,53760,-1367.76768675,-2288.9891469499994
mz_air_ppo,MZ Air,PPO,2026,21,56448,-1413.98644975,-2247.322351845238
mz_air_ppo,MZ Air,PPO,2026,22,59136,-1291.110687,-2203.8581852613634
mz_air_ppo,MZ Air,PPO,2026,23,61824,-1262.168103,-2162.915138206521
mz_air_ppo,MZ Air,PPO,2026,24,64512,-1159.4642622499998,-2121.1046850416665
mz_air_ppo,MZ Air,PPO,2026,25,67200,-1079.4542417500002,-2079.43866731
mz_air_ppo,MZ Air,PPO,2026,26,69888,-1006.8312942500002,-2038.1845375769228
mz_air_ppo,MZ Air,PPO,2026,27,72576,-972.0486565000001,-1998.698023462963
mz_air_ppo,MZ Air,PPO,2026,28,75264,-878.2268532500001,-1958.6811959553572
mz_air_ppo,MZ Air,PPO,2026,29,77952,-915.3385902499999,-1922.703864724138
mz_air_ppo,MZ Air,PPO,2026,30,80640,-896.6260267499999,-1888.501270125
mz_air_ppo,MZ Air,PPO,2026,31,83328,-851.2952539999999,-1793.0878348916667
mz_air_ppo,MZ Air,PPO,2026,32,86016,-791.7221287500001,-1707.4599158166668
mz_air_ppo,MZ Air,PPO,2026,33,88704,-757.9359835,-1617.623842558333
mz_air_ppo,MZ Air,PPO,2026,34,91392,-759.1498392499999,-1542.9640487166664
mz_air_ppo,MZ Air,PPO,2026,35,94080,-741.76609375,-1473.428795383333
mz_air_ppo,MZ Air,PPO,2026,36,96768,-747.53625225,-1400.3436690166666
mz_air_ppo,MZ Air,PPO,2026,37,99456,-739.24220375,-1339.312344308333
mz_air_ppo,MZ Air,PPO,2026,38,102144,-730.8739882499999,-1289.878332575
mz_air_ppo,MZ Air,PPO,2026,39,104832,-709.0478067500001,-1247.9269592749997
mz_air_ppo,MZ Air,PPO,2026,40,107520,-718.81718,-1205.2464093083333
mz_air_ppo,MZ Air,PPO,2026,41,110208,-719.9541744999999,-1171.6455464416665
mz_air_ppo,MZ Air,PPO,2026,42,112896,-698.56720475,-1136.0078717416666
mz_air_ppo,MZ Air,PPO,2026,43,115584,-693.41165725,-1099.2614106583335
mz_air_ppo,MZ Air,PPO,2026,44,118272,-699.2087165,-1067.8680284
mz_air_ppo,MZ Air,PPO,2026,45,120960,-690.8272467500001,-1019.8390192666665
mz_air_ppo,MZ Air,PPO,2026,46,123648,-723.513467,-968.534099175
mz_air_ppo,MZ Air,PPO,2026,47,126336,-688.4325484999999,-924.6179102500001
mz_air_ppo,MZ Air,PPO,2026,48,129024,-696.0665972499999,-899.2088106666666
mz_air_ppo,MZ Air,PPO,2026,49,131712,-665.9350357500001,-868.877541
mz_air_ppo,MZ Air,PPO,2026,50,134400,-678.307422,-845.8955321750001
mz_air_ppo,MZ Air,PPO,2026,51,137088,-664.56958925,-820.9149701583335
mz_air_ppo,MZ Air,PPO,2026,52,139776,-683.4161595,-800.6584859083334
mz_air_ppo,MZ Air,PPO,2026,53,142464,-671.0775685,-780.9554680916668
mz_air_ppo,MZ Air,PPO,2026,54,145152,-694.0817902499999,-765.4427190250001
mz_air_ppo,MZ Air,PPO,2026,55,147840,-662.9789734999999,-751.5602100833335
mz_air_ppo,MZ Air,PPO,2026,56,150528,-663.354471,-740.1109826416667
mz_air_ppo,MZ Air,PPO,2026,57,153216,-656.568612,-729.5949811583333
mz_air_ppo,MZ Air,PPO,2026,58,155904,-658.6019195,-722.2741500333333
mz_air_ppo,MZ Air,PPO,2026,59,158592,-683.70571325,-714.5530541333334
mz_air_ppo,MZ Air,PPO,2026,60,161280,-669.99534,-706.9986979083334
mz_air_ppo,MZ Air,PPO,2026,61,163968,-671.4211707500001,-701.0028951333333
mz_air_ppo,MZ Air,PPO,2026,62,166656,-696.3960327499999,-697.8253586
mz_air_ppo,MZ Air,PPO,2026,63,169344,-661.4139150000001,-694.6079563166667
mz_air_ppo,MZ Air,PPO,2026,64,172032,-660.2189265,-691.3102592250001
mz_air_ppo,MZ Air,PPO,2026,65,174720,-681.10158,-689.2881087666666
mz_air_ppo,MZ Air,PPO,2026,66,177408,-675.2954705,-686.8800827083334
mz_air_ppo,MZ Air,PPO,2026,67,180096,-680.85268475,-684.9337654083333
mz_air_ppo,MZ Air,PPO,2026,68,182784,-662.118095,-682.6419023000001
mz_air_ppo,MZ Air,PPO,2026,69,185472,-677.0141199999999,-681.5741127416667
mz_air_ppo,MZ Air,PPO,2026,70,188160,-661.48150775,-679.6629236666666
mz_air_ppo,MZ Air,PPO,2026,71,190848,-651.1191777500001,-677.368423775
mz_air_ppo,MZ Air,PPO,2026,72,193536,-660.41661275,-676.0967373749999
mz_air_ppo,MZ Air,PPO,2026,73,196224,-663.35364325,-675.094803575
mz_air_ppo,MZ Air,PPO,2026,74,198912,-643.04706725,-673.2227485999999
mz_air_ppo,MZ Air,PPO,2026,75,201600,-673.2282387500001,-672.636115
mz_air_ppo,MZ Air,PPO,2026,76,204288,-654.230763,-670.3266915333334
mz_air_ppo,MZ Air,PPO,2026,77,206976,-660.0352725,-669.3801156666668
mz_air_ppo,MZ Air,PPO,2026,78,209664,-658.47264725,-668.1269840000001
mz_air_ppo,MZ Air,PPO,2026,79,212352,-656.23491625,-667.8036466833335
mz_air_ppo,MZ Air,PPO,2026,80,215040,-651.43977375,-666.9080584083334
mz_air_ppo,MZ Air,PPO,2026,81,217728,-680.74956225,-667.4473908416668
mz_air_ppo,MZ Air,PPO,2026,82,220416,-670.4895457499999,-667.0165037166666
mz_air_ppo,MZ Air,PPO,2026,83,223104,-654.6328425,-666.4683461833333
mz_air_ppo,MZ Air,PPO,2026,84,225792,-658.62391125,-665.2864168833333
mz_air_ppo,MZ Air,PPO,2026,85,228480,-659.80407075,-665.1805867916667
mz_air_ppo,MZ Air,PPO,2026,86,231168,-680.6188492499999,-665.7560660666666
mz_air_ppo,MZ Air,PPO,2026,87,233856,-661.80818575,-665.930718525
mz_air_ppo,MZ Air,PPO,2026,88,236544,-663.1781535,-666.0832596583334
mz_air_ppo,MZ Air,PPO,2026,89,239232,-656.4054715,-665.1732516
mz_air_ppo,MZ Air,PPO,2026,90,241920,-639.04292575,-664.1415044583333
mz_air_ppo,MZ Air,PPO,2026,91,244608,-650.4999535,-663.44413055
mz_air_ppo,MZ Air,PPO,2026,92,247296,-634.3199875,-661.3749290416666
mz_air_ppo,MZ Air,PPO,2026,93,249984,-631.1529895,-660.3662315249999
mz_air_ppo,MZ Air,PPO,2026,94,252672,-645.7891279999999,-659.8852382416666
mz_air_ppo,MZ Air,PPO,2026,95,255360,-640.8150555000001,-658.5423540916667
mz_air_ppo,MZ Air,PPO,2026,96,258048,-660.6733025,-658.0549484916666
mz_air_ppo,MZ Air,PPO,2026,97,260736,-661.043306,-657.3946358666666
mz_air_ppo,MZ Air,PPO,2026,98,263424,-647.4666092499999,-656.9062530083334
mz_air_ppo,MZ Air,PPO,2026,99,266112,-691.26226475,-657.3811911666667
mz_air_ppo,MZ Air,PPO,2026,100,268800,-661.4262535,-657.3793493583333
mz_air_ppo,MZ Air,PPO,2026,101,271488,-651.4856542499999,-657.3915652416667
mz_air_ppo,MZ Air,PPO,2026,102,274176,-651.621754,-657.0984032833333
mz_air_ppo,MZ Air,PPO,2026,103,276864,-645.3576195,-656.498535825
mz_air_ppo,MZ Air,PPO,2026,104,279552,-635.5589962500001,-656.2489334583333
mz_air_ppo,MZ Air,PPO,2026,105,282240,-619.5240335,-654.4587932833333
mz_air_ppo,MZ Air,PPO,2026,106,284928,-623.04848625,-653.4193840583334
mz_air_ppo,MZ Air,PPO,2026,107,287616,-625.2308842499999,-652.2592377833334
mz_air_ppo,MZ Air,PPO,2026,108,290304,-632.4237842499999,-651.3909423500002
mz_air_ppo,MZ Air,PPO,2026,109,292992,-647.5455607499999,-651.1012971666668
mz_air_ppo,MZ Air,PPO,2026,110,295680,-661.44769,-651.434894375
mz_air_ppo,MZ Air,PPO,2026,111,298368,-653.86906575,-650.5388778250001
mz_air_ppo,MZ Air,PPO,2026,112,301056,-651.41225475,-649.902968125
mz_air_ppo,MZ Air,PPO,2026,113,303744,-651.2587025,-649.7904967916668
mz_air_ppo,MZ Air,PPO,2026,114,306432,-656.6315175,-649.7240836666666
mz_air_ppo,MZ Air,PPO,2026,115,309120,-686.47407125,-650.6130836833333
mz_air_ppo,MZ Air,PPO,2026,116,311808,-666.19590875,-650.1323189999998
mz_air_ppo,MZ Air,PPO,2026,117,314496,-679.70976025,-650.7290381500001
mz_air_ppo,MZ Air,PPO,2026,118,317184,-652.847758,-650.3846916333332
mz_air_ppo,MZ Air,PPO,2026,119,319872,-650.9459525,-650.2027076666666
mz_air_ppo,MZ Air,PPO,2026,120,322560,-662.91763825,-650.9985314166667
mz_air_ppo,MZ Air,PPO,2026,121,325248,-663.3167665,-651.4257585166666
mz_air_ppo,MZ Air,PPO,2026,122,327936,-650.43117375,-651.9627980583333
mz_air_ppo,MZ Air,PPO,2026,123,330624,-663.0928712499999,-653.0274607833333
mz_air_ppo,MZ Air,PPO,2026,124,333312,-660.13983975,-653.5058178416667
mz_air_ppo,MZ Air,PPO,2026,125,336000,-660.51359525,-654.1624358333333
mz_air_ppo,MZ Air,PPO,2026,126,338688,-652.8362974999999,-653.9012023333332
mz_air_ppo,MZ Air,PPO,2026,127,341376,-659.0015525,-653.8331438833334
mz_air_ppo,MZ Air,PPO,2026,128,344064,-650.6881422499999,-653.9405283166667
mz_air_ppo,MZ Air,PPO,2026,129,346752,-651.10975325,-652.6021112666666
mz_air_ppo,MZ Air,PPO,2026,130,349440,-652.4255115,-652.3020865333334
mz_air_ppo,MZ Air,PPO,2026,131,352128,-647.7301592499999,-652.1769033666667
mz_air_ppo,MZ Air,PPO,2026,132,354816,-648.460415,-652.0715254
mz_air_ppo,MZ Air,PPO,2026,133,357504,-653.910112,-652.3566084833334
mz_air_ppo,MZ Air,PPO,2026,134,360192,-645.1092160000001,-652.6749491416668
mz_air_ppo,MZ Air,PPO,2026,135,362880,-653.92570725,-653.8216716000001
mz_air_ppo,MZ Air,PPO,2026,136,365568,-649.57972375,-654.7060461833335
mz_air_ppo,MZ Air,PPO,2026,137,368256,-652.4718660000001,-655.6140789083335
mz_air_ppo,MZ Air,PPO,2026,138,370944,-648.16978825,-656.1389457083335
mz_air_ppo,MZ Air,PPO,2026,139,373632,-645.012822,-656.0545210833334
mz_air_ppo,MZ Air,PPO,2026,140,376320,-638.8963825,-655.3028108333333
mz_air_ppo,MZ Air,PPO,2026,141,379008,-642.7032305,-654.9306163250001
mz_air_ppo,MZ Air,PPO,2026,142,381696,-647.10489575,-654.7870376916667
mz_air_ppo,MZ Air,PPO,2026,143,384384,-639.150261,-654.3834229749999
mz_air_ppo,MZ Air,PPO,2026,144,387072,-641.01088425,-653.8627352
mz_air_ppo,MZ Air,PPO,2026,145,389760,-639.683338,-652.3030440916665
mz_air_ppo,MZ Air,PPO,2026,146,392448,-645.3146805,-651.60700315
mz_air_ppo,MZ Air,PPO,2026,147,395136,-649.99732525,-650.6165886499999
mz_air_ppo,MZ Air,PPO,2026,148,397824,-646.90823425,-650.418604525
mz_air_ppo,MZ Air,PPO,2026,149,400512,-644.05079375,-650.1887658999999
mz_air_ppo,MZ Air,PPO,2026,150,403200,-645.64541525,-649.6130251333333
mz_air_ppo,MZ Air,PPO,2026,151,405888,-648.7085020000001,-649.1260829833334
mz_air_ppo,MZ Air,PPO,2026,152,408576,-641.213,-648.818810525
mz_air_ppo,MZ Air,PPO,2026,153,411264,-636.59602425,-647.9355822916667
mz_air_ppo,MZ Air,PPO,2026,154,413952,-637.46514275,-647.1797590583334
mz_air_ppo,MZ Air,PPO,2026,155,416640,-647.0155865,-646.7298254333334
mz_air_ppo,MZ Air,PPO,2026,156,419328,-644.74773375,-646.4602066416667
mz_air_ppo,MZ Air,PPO,2026,157,422016,-641.94144775,-645.8915364833333
mz_air_ppo,MZ Air,PPO,2026,158,424704,-645.45372275,-645.7170558333333
mz_air_ppo,MZ Air,PPO,2026,159,427392,-646.7472455,-645.5716389083333
mz_air_ppo,MZ Air,PPO,2026,160,430080,-647.8302242499999,-645.4184626666666
mz_air_ppo,MZ Air,PPO,2026,161,432768,-644.517077,-645.3113599249999
mz_air_ppo,MZ Air,PPO,2026,162,435456,-640.9288019999999,-645.0603061583332
mz_air_ppo,MZ Air,PPO,2026,163,438144,-633.4256969999999,-644.3774923249999
mz_air_ppo,MZ Air,PPO,2026,164,440832,-644.58674,-644.3600764583333
mz_air_ppo,MZ Air,PPO,2026,165,443520,-651.46331625,-644.2779967583332
mz_air_ppo,MZ Air,PPO,2026,166,446208,-651.99902875,-644.3586402583333
mz_air_ppo,MZ Air,PPO,2026,167,448896,-656.50241325,-644.4929918333332
mz_air_ppo,MZ Air,PPO,2026,168,451584,-656.33078425,-644.7650250333334
mz_air_ppo,MZ Air,PPO,2026,169,454272,-651.436414,-644.9791447666668
mz_air_ppo,MZ Air,PPO,2026,170,456960,-654.643921,-645.5040627166667
mz_air_ppo,MZ Air,PPO,2026,171,459648,-648.782237,-645.7066962666667
mz_air_ppo,MZ Air,PPO,2026,172,462336,-651.859502,-645.8651831416666
mz_air_ppo,MZ Air,PPO,2026,173,465024,-642.3828685,-645.972936725
mz_air_ppo,MZ Air,PPO,2026,174,467712,-652.85168525,-646.3676300916667
mz_air_ppo,MZ Air,PPO,2026,175,470400,-652.5944145,-646.7979993083334
mz_air_ppo,MZ Air,PPO,2026,176,473088,-651.8960402499999,-647.0173779666668
mz_air_ppo,MZ Air,PPO,2026,177,475776,-648.8495505000001,-646.9791188083333
mz_air_ppo,MZ Air,PPO,2026,178,478464,-642.2465565,-646.82372955
mz_air_ppo,MZ Air,PPO,2026,179,481152,-644.4193027499999,-646.8360131833332
mz_air_ppo,MZ Air,PPO,2026,180,483840,-647.17649125,-646.8870490499999
mz_air_ppo,MZ Air,PPO,2026,181,486528,-641.29515375,-646.6399374416667
mz_air_ppo,MZ Air,PPO,2026,182,489216,-641.2958395,-646.6426987583332
mz_air_ppo,MZ Air,PPO,2026,183,491904,-632.47166925,-646.5052202583333
mz_air_ppo,MZ Air,PPO,2026,184,494592,-648.83724025,-646.8842901749999
mz_air_ppo,MZ Air,PPO,2026,185,497280,-639.6794560000001,-646.6397524916666
mz_air_ppo,MZ Air,PPO,2026,186,499968,-646.0046110000001,-646.6816484
mz_air_ppo,MZ Air,PPO,2026,187,502656,-651.87047125,-647.0126158500001
mz_air_ppo,MZ Air,PPO,2026,188,505344,-657.49596825,-647.4140240333334
mz_air_ppo,MZ Air,PPO,2026,189,508032,-644.9600125,-647.3544496000001
mz_air_ppo,MZ Air,PPO,2026,190,510720,-651.2105795,-647.4671281083333
mz_air_ppo,MZ Air,PPO,2026,191,513408,-654.9498495,-647.8148871916667
mz_air_ppo,MZ Air,PPO,2026,192,516096,-650.8468155,-648.1454876416667
mz_air_ppo,MZ Air,PPO,2026,193,518784,-650.44852975,-648.7129154
mz_air_ppo,MZ Air,PPO,2026,194,521472,-671.882141,-649.6227621
mz_air_ppo,MZ Air,PPO,2026,195,524160,-649.88167075,-649.5700405833334
mz_air_ppo,MZ Air,PPO,2026,196,526848,-654.53145475,-649.6544547833333
mz_air_ppo,MZ Air,PPO,2026,197,529536,-637.88533725,-649.0338855833332
mz_air_ppo,MZ Air,PPO,2026,198,532224,-650.15772425,-648.8281169166665
mz_air_ppo,MZ Air,PPO,2026,199,534912,-647.7397605,-648.7048951333333
mz_air_ppo,MZ Air,PPO,2026,200,537600,-650.88620375,-648.5796378916667
mz_air_ppo,MZ Air,PPO,2026,201,540288,-643.6250249999999,-648.407730825
mz_air_ppo,MZ Air,PPO,2026,202,542976,-642.96963475,-648.1114019166668
mz_air_ppo,MZ Air,PPO,2026,203,545664,-647.23429575,-648.2731161583334
mz_air_ppo,MZ Air,PPO,2026,204,548352,-640.4066562500001,-647.8582818583334
mz_air_ppo,MZ Air,PPO,2026,205,551040,-632.166358,-647.1773466416668
mz_air_ppo,MZ Air,PPO,2026,206,553728,-634.2294035,-646.5884587500001
mz_air_ppo,MZ Air,PPO,2026,207,556416,-635.83216125,-646.154545775
mz_air_ppo,MZ Air,PPO,2026,208,559104,-637.52720475,-645.9972340500001
mz_air_ppo,MZ Air,PPO,2026,209,561792,-638.8572485,-645.8118322416667
mz_air_ppo,MZ Air,PPO,2026,210,564480,-642.99127325,-645.672324975
mz_air_ppo,MZ Air,PPO,2026,211,567168,-645.8076860000001,-645.8227427166668
mz_air_ppo,MZ Air,PPO,2026,212,569856,-637.7303742500001,-645.7038938750001
mz_air_ppo,MZ Air,PPO,2026,213,572544,-634.5144767500001,-645.7719874583333
mz_air_ppo,MZ Air,PPO,2026,214,575232,-641.39841125,-645.5240264916667
mz_air_ppo,MZ Air,PPO,2026,215,577920,-631.80002975,-645.26137895
mz_air_ppo,MZ Air,PPO,2026,216,580608,-631.44512925,-644.7760628916668
mz_air_ppo,MZ Air,PPO,2026,217,583296,-637.1738582500001,-644.2861757916668
mz_air_ppo,MZ Air,PPO,2026,218,585984,-631.8125095,-643.4300605000001
mz_air_ppo,MZ Air,PPO,2026,219,588672,-635.3438152499999,-643.1095205916666
mz_air_ppo,MZ Air,PPO,2026,220,591360,-636.37158725,-642.6148875166667
mz_air_ppo,MZ Air,PPO,2026,221,594048,-635.1440630000001,-641.9546946333332
mz_air_ppo,MZ Air,PPO,2026,222,596736,-630.41694475,-641.2736989416666
mz_air_ppo,MZ Air,PPO,2026,223,599424,-625.7448385,-640.4502425666666
mz_air_ppo,MZ Air,PPO,2026,224,602112,-634.10674425,-639.1910626749999
mz_air_ppo,MZ Air,PPO,2026,225,604800,-631.2657012499999,-638.5705303583331
mz_air_ppo,MZ Air,PPO,2026,226,607488,-632.26610825,-637.8283521416666
mz_air_ppo,MZ Air,PPO,2026,227,610176,-630.90021375,-637.5955146916666
mz_air_ppo,MZ Air,PPO,2026,228,612864,-632.05481,-636.9920842166667
mz_air_ppo,MZ Air,PPO,2026,229,615552,-635.6530497499999,-636.5891938583334
mz_air_ppo,MZ Air,PPO,2026,230,618240,-633.917645,-636.0235752333334
mz_air_ppo,MZ Air,PPO,2026,231,620928,-636.7127137499999,-635.7931648583333
mz_air_ppo,MZ Air,PPO,2026,232,623616,-631.95214775,-635.4259152916667
mz_air_ppo,MZ Air,PPO,2026,233,626304,-633.09269425,-634.9545285749999
mz_air_ppo,MZ Air,PPO,2026,234,628992,-634.9510055,-634.7726735499999
mz_air_ppo,MZ Air,PPO,2026,235,631680,-639.818252,-635.0277366833333
mz_air_ppo,MZ Air,PPO,2026,236,634368,-640.49348225,-635.2365393083332
mz_air_ppo,MZ Air,PPO,2026,237,637056,-640.1564452499999,-635.3806821083333
mz_air_ppo,MZ Air,PPO,2026,238,639744,-641.98508525,-635.5292781249999
mz_air_ppo,MZ Air,PPO,2026,239,642432,-636.64905,-635.4556715083332
mz_air_ppo,MZ Air,PPO,2026,240,645120,-634.69297,-635.1790613999999
mz_air_ppo,MZ Air,PPO,2026,241,647808,-640.2810567500001,-634.994840425
mz_air_ppo,MZ Air,PPO,2026,242,650496,-637.703855,-634.9939564499999
mz_air_ppo,MZ Air,PPO,2026,243,653184,-637.106734,-635.0803650250001
mz_air_ppo,MZ Air,PPO,2026,244,655872,-631.13735575,-634.7383298416667
mz_air_ppo,MZ Air,PPO,2026,245,658560,-637.39412925,-634.924799825
mz_air_ppo,MZ Air,PPO,2026,246,661248,-637.22230225,-635.1173722583334
mz_air_ppo,MZ Air,PPO,2026,247,663936,-634.9019615,-635.0416423666666
mz_air_ppo,MZ Air,PPO,2026,248,666624,-638.34783425,-635.2594865249999
mz_air_ppo,MZ Air,PPO,2026,249,669312,-641.5044337500001,-635.464840475
mz_air_ppo,MZ Air,PPO,2026,250,672000,-638.4669267500001,-635.5346851249999
mz_air_ppo,MZ Air,PPO,2026,251,674688,-630.08525725,-635.3660582666666
mz_air_ppo,MZ Air,PPO,2026,252,677376,-633.89061325,-635.4818472166667
mz_air_ppo,MZ Air,PPO,2026,253,680064,-627.9927485000001,-635.5567775500001
mz_air_ppo,MZ Air,PPO,2026,254,682752,-632.32001825,-635.4972200166668
mz_air_ppo,MZ Air,PPO,2026,255,685440,-628.8865635,-635.417915425
mz_air_ppo,MZ Air,PPO,2026,256,688128,-628.0158895,-635.2762414666666
mz_air_ppo,MZ Air,PPO,2026,257,690816,-629.4138705,-635.2266966916666
mz_air_ppo,MZ Air,PPO,2026,258,693504,-631.40585325,-635.2050648
mz_air_ppo,MZ Air,PPO,2026,259,696192,-630.01772625,-635.0172206833333
mz_air_ppo,MZ Air,PPO,2026,260,698880,-629.8672295,-634.8822068333333
mz_air_ppo,MZ Air,PPO,2026,261,701568,-635.13338175,-634.8295624333333
mz_air_ppo,MZ Air,PPO,2026,262,704256,-636.2781265,-634.973761725
mz_air_ppo,MZ Air,PPO,2026,263,706944,-637.97946625,-635.1366541250001
mz_air_ppo,MZ Air,PPO,2026,264,709632,-632.97426875,-635.0707629000001
mz_air_ppo,MZ Air,PPO,2026,265,712320,-633.3933247499999,-634.8565986583333
mz_air_ppo,MZ Air,PPO,2026,266,715008,-628.15383475,-634.4452770749999
mz_air_ppo,MZ Air,PPO,2026,267,717696,-626.98909925,-634.0063655416666
mz_air_ppo,MZ Air,PPO,2026,268,720384,-630.42882675,-633.621156925
mz_air_ppo,MZ Air,PPO,2026,269,723072,-626.358399,-633.278135225
mz_air_ppo,MZ Air,PPO,2026,270,725760,-625.7771825,-632.9809423083333
mz_air_ppo,MZ Air,PPO,2026,271,728448,-625.26423825,-632.4803816916667
mz_air_ppo,MZ Air,PPO,2026,272,731136,-630.95047075,-632.2552688833333
mz_air_ppo,MZ Air,PPO,2026,273,733824,-622.43428275,-631.766187175
mz_air_ppo,MZ Air,PPO,2026,274,736512,-622.805752,-631.48846705
mz_air_ppo,MZ Air,PPO,2026,275,739200,-626.211681,-631.115718775
mz_air_ppo,MZ Air,PPO,2026,276,741888,-624.202503,-630.6817254666668
mz_air_ppo,MZ Air,PPO,2026,277,744576,-624.67519625,-630.3408332916666
mz_air_ppo,MZ Air,PPO,2026,278,747264,-623.17314275,-629.8350102416667
mz_air_ppo,MZ Air,PPO,2026,279,749952,-624.0317650000001,-629.25258795
mz_air_ppo,MZ Air,PPO,2026,280,752640,-625.605434,-628.8238715250001
mz_air_ppo,MZ Air,PPO,2026,281,755328,-623.003767,-628.58782185
mz_air_ppo,MZ Air,PPO,2026,282,758016,-630.5417292499999,-628.4761923833333
mz_air_ppo,MZ Air,PPO,2026,283,760704,-626.10111525,-628.4131379416665
mz_air_ppo,MZ Air,PPO,2026,284,763392,-627.98709725,-628.2687072416666
mz_air_ppo,MZ Air,PPO,2026,285,766080,-627.1266860000001,-628.2100446583332
mz_air_ppo,MZ Air,PPO,2026,286,768768,-630.5315627499999,-628.2939004333332
mz_air_ppo,MZ Air,PPO,2026,287,771456,-630.8229435,-628.3408695333333
mz_air_ppo,MZ Air,PPO,2026,288,774144,-624.0654784999999,-628.0961903749999
mz_air_ppo,MZ Air,PPO,2026,289,776832,-625.45046775,-627.9439484249999
mz_air_ppo,MZ Air,PPO,2026,290,779520,-622.235271,-627.6895498083335
mz_air_ppo,MZ Air,PPO,2026,291,782208,-621.5806297500001,-627.2377914083334
mz_air_ppo,MZ Air,PPO,2026,292,784896,-617.30327625,-626.6052963999999
mz_air_ppo,MZ Air,PPO,2026,293,787584,-623.12710525,-626.1102177
mz_air_ppo,MZ Air,PPO,2026,294,790272,-617.4377985,-625.5923353583333
mz_air_ppo,MZ Air,PPO,2026,295,792960,-620.99461075,-625.1790448916668
mz_air_ppo,MZ Air,PPO,2026,296,795648,-622.4042472499999,-624.987391975
mz_air_ppo,MZ Air,PPO,2026,297,798336,-617.83533175,-624.6822663916666
mz_air_ppo,MZ Air,PPO,2026,298,801024,-617.51674075,-624.2518635250001
mz_air_ppo,MZ Air,PPO,2026,299,803712,-619.62874475,-624.0275417166667
mz_air_ppo,MZ Air,PPO,2026,300,806400,-619.5740940000001,-623.8207721
mz_air_ppo,MZ Air,PPO,2026,301,809088,-621.50390125,-623.6954275333334
mz_air_ppo,MZ Air,PPO,2026,302,811776,-617.92779775,-623.2613384333332
mz_air_ppo,MZ Air,PPO,2026,303,814464,-617.1665282499999,-623.0857466166666
mz_air_ppo,MZ Air,PPO,2026,304,817152,-612.63037975,-622.7465675416665
mz_air_ppo,MZ Air,PPO,2026,305,819840,-615.726158,-622.3970501083334
mz_air_ppo,MZ Air,PPO,2026,306,822528,-615.99993825,-622.1236312833335
mz_air_ppo,MZ Air,PPO,2026,307,825216,-615.083419,-621.803905375
mz_air_ppo,MZ Air,PPO,2026,308,827904,-614.2274992499999,-621.5057172583332
mz_air_ppo,MZ Air,PPO,2026,309,830592,-614.2715364999999,-621.1803763083333
mz_air_ppo,MZ Air,PPO,2026,310,833280,-619.8346255,-620.9880160249999
mz_air_ppo,MZ Air,PPO,2026,311,835968,-616.263771,-620.7633494916668
mz_air_ppo,MZ Air,PPO,2026,312,838656,-615.3028965,-620.2553884000001
mz_air_ppo,MZ Air,PPO,2026,313,841344,-613.629462,-619.8396666250003
mz_air_ppo,MZ Air,PPO,2026,314,844032,-615.8762445,-619.4359715333335
mz_air_ppo,MZ Air,PPO,2026,315,846720,-609.71781925,-618.855675975
mz_air_ppo,MZ Air,PPO,2026,316,849408,-613.657178,-618.2931964833333
mz_air_ppo,MZ Air,PPO,2026,317,852096,-618.1333542499999,-617.8702101750001
mz_air_ppo,MZ Air,PPO,2026,318,854784,-612.9065395,-617.4982455416667
mz_air_ppo,MZ Air,PPO,2026,319,857472,-613.754512,-617.10838035
mz_air_ppo,MZ Air,PPO,2026,320,860160,-622.53276275,-617.1182967416667
mz_air_ppo,MZ Air,PPO,2026,321,862848,-618.35019175,-617.010615475
mz_air_ppo,MZ Air,PPO,2026,322,865536,-625.3331545000001,-617.2782780833334
mz_air_ppo,MZ Air,PPO,2026,323,868224,-624.95304675,-617.3391428
mz_air_ppo,MZ Air,PPO,2026,324,870912,-621.0188870000001,-617.4585124166666
mz_air_ppo,MZ Air,PPO,2026,325,873600,-625.1636042499999,-617.5974788666665
mz_air_ppo,MZ Air,PPO,2026,326,876288,-619.4979042499999,-617.5006007666666
mz_air_ppo,MZ Air,PPO,2026,327,878976,-616.7849892500001,-617.46558935
mz_air_ppo,MZ Air,PPO,2026,328,881664,-618.1267495000001,-617.485922975
mz_air_ppo,MZ Air,PPO,2026,329,884352,-616.8386977499999,-617.3929214083333
mz_air_ppo,MZ Air,PPO,2026,330,887040,-622.94761225,-617.5053720166667
mz_air_ppo,MZ Air,PPO,2026,331,889728,-614.6093324999999,-617.2755530583333
mz_air_ppo,MZ Air,PPO,2026,332,892416,-616.0777569999999,-617.2138850333333
mz_air_ppo,MZ Air,PPO,2026,333,895104,-617.13723025,-617.2129084333333
mz_air_ppo,MZ Air,PPO,2026,334,897792,-617.6604235,-617.3805765583332
mz_air_ppo,MZ Air,PPO,2026,335,900480,-622.99918125,-617.6230106666667
mz_air_ppo,MZ Air,PPO,2026,336,903168,-619.3799815,-617.735678775
mz_air_ppo,MZ Air,PPO,2026,337,905856,-616.882068,-617.7956337416666
mz_air_ppo,MZ Air,PPO,2026,338,908544,-616.17966675,-617.8607059916666
mz_air_ppo,MZ Air,PPO,2026,339,911232,-614.87685775,-617.8808833666666
mz_air_ppo,MZ Air,PPO,2026,340,913920,-613.83333725,-617.6808404249999
mz_air_ppo,MZ Air,PPO,2026,341,916608,-616.05411625,-617.6738519333334
mz_air_ppo,MZ Air,PPO,2026,342,919296,-616.1649207500001,-617.7025860750001
mz_air_ppo,MZ Air,PPO,2026,343,921984,-618.0289994999999,-617.849237325
mz_air_ppo,MZ Air,PPO,2026,344,924672,-619.11345725,-617.9571444166668
mz_air_ppo,MZ Air,PPO,2026,345,927360,-615.469465,-618.1488659416666
mz_air_ppo,MZ Air,PPO,2026,346,930048,-611.2446565,-618.0684485583332
mz_air_ppo,MZ Air,PPO,2026,347,932736,-604.9991602499999,-617.6306420916666
mz_air_ppo,MZ Air,PPO,2026,348,935424,-613.9845565,-617.6665759916666
mz_air_ppo,MZ Air,PPO,2026,349,938112,-610.5373030000001,-617.5593356916667
mz_air_ppo,MZ Air,PPO,2026,350,940800,-610.2854385,-617.15109155
mz_air_ppo,MZ Air,PPO,2026,351,943488,-616.435876,-617.087281025
mz_air_ppo,MZ Air,PPO,2026,352,946176,-612.921593,-616.6735623083332
mz_air_ppo,MZ Air,PPO,2026,353,948864,-614.66272325,-616.3305515249998
mz_air_ppo,MZ Air,PPO,2026,354,951552,-615.4061745,-616.1434611083332
mz_air_ppo,MZ Air,PPO,2026,355,954240,-617.2808427499999,-615.8807023916665
mz_air_ppo,MZ Air,PPO,2026,356,956928,-614.910568,-615.7277911833332
mz_air_ppo,MZ Air,PPO,2026,357,959616,-608.8278035,-615.4625516583333
mz_air_ppo,MZ Air,PPO,2026,358,962304,-611.77378675,-615.2507862333332
mz_air_ppo,MZ Air,PPO,2026,359,964992,-614.1933674999999,-615.1626085583334
mz_air_ppo,MZ Air,PPO,2026,360,967680,-611.2207922499999,-614.7717145583332
mz_air_ppo,MZ Air,PPO,2026,361,970368,-613.3247347500001,-614.7288946333333
mz_air_ppo,MZ Air,PPO,2026,362,973056,-609.56143,-614.5116837333334
mz_air_ppo,MZ Air,PPO,2026,363,975744,-612.38407725,-614.3532453000001
mz_air_ppo,MZ Air,PPO,2026,364,978432,-610.96798575,-614.1301640416667
mz_air_ppo,MZ Air,PPO,2026,365,981120,-610.5081295,-613.71379565
mz_air_ppo,MZ Air,PPO,2026,366,983808,-608.2257515,-613.3419879833332
mz_air_ppo,MZ Air,PPO,2026,367,986496,-612.6124100000001,-613.19966605
mz_air_ppo,MZ Air,PPO,2026,368,989184,-607.8879545,-612.9232756416667
mz_air_ppo,MZ Air,PPO,2026,369,991872,-608.6479444999999,-612.7156452
mz_air_ppo,MZ Air,PPO,2026,370,994560,-615.0468335,-612.7560950750001
mz_air_ppo,MZ Air,PPO,2026,371,997248,-611.7903605,-612.6139698833334
mz_air_ppo,MZ Air,PPO,2026,372,999936,-604.927042,-612.239373925
mz_air_ppo,MZ Air,PPO,2026,373,1002624,-606.84968125,-611.8667299833334
mz_air_ppo,MZ Air,PPO,2026,374,1005312,-612.9489299999999,-611.6612457416667
mz_air_ppo,MZ Air,PPO,2026,375,1008000,-607.06812475,-611.3812010666666
mz_air_ppo,MZ Air,PPO,2026,376,1010688,-604.7443119999999,-611.1645229166666
mz_air_ppo,MZ Air,PPO,2026,377,1013376,-603.19811075,-611.1044879333332
mz_air_ppo,MZ Air,PPO,2026,378,1016064,-600.04973025,-610.6399937250001
mz_air_ppo,MZ Air,PPO,2026,379,1018752,-602.1973505,-610.3619953083333
mz_air_ppo,MZ Air,PPO,2026,380,1021440,-599.1562505,-609.991022375
mz_air_ppo,MZ Air,PPO,2026,381,1024128,-595.3819257499999,-609.2892240333333
mz_air_ppo,MZ Air,PPO,2026,382,1026816,-596.5023825000001,-608.7419170166667
mz_air_ppo,MZ Air,PPO,2026,383,1029504,-594.3844162500001,-608.06597345
mz_air_ppo,MZ Air,PPO,2026,384,1032192,-602.6694545,-607.6414161166666
mz_air_ppo,MZ Air,PPO,2026,385,1034880,-600.44653275,-607.08027245
mz_air_ppo,MZ Air,PPO,2026,386,1037568,-601.9464005,-606.6481335333334
mz_air_ppo,MZ Air,PPO,2026,387,1040256,-602.6952465,-606.4437149666667
mz_air_ppo,MZ Air,PPO,2026,388,1042944,-606.9287365,-606.2822132916667
mz_air_ppo,MZ Air,PPO,2026,389,1045632,-601.37016425,-605.8547731833334
mz_air_ppo,MZ Air,PPO,2026,390,1048320,-597.5913645,-605.4004589250002
mz_air_ppo,MZ Air,PPO,2026,391,1051008,-596.68591025,-604.8458314416665
mz_air_ppo,MZ Air,PPO,2026,392,1053696,-598.42762425,-604.4747045833334
mz_air_ppo,MZ Air,PPO,2026,393,1056384,-602.4983095,-604.1451789916665
mz_air_ppo,MZ Air,PPO,2026,394,1059072,-603.9154595,-603.9100947833334
mz_air_ppo,MZ Air,PPO,2026,395,1061760,-603.4974385,-603.6764050833333
mz_air_ppo,MZ Air,PPO,2026,396,1064448,-601.1294775,-603.4398626166666
mz_air_ppo,MZ Air,PPO,2026,397,1067136,-599.5746770000001,-603.0052715166665
mz_air_ppo,MZ Air,PPO,2026,398,1069824,-601.8774985,-602.8049229833334
mz_air_ppo,MZ Air,PPO,2026,399,1072512,-597.3578935,-602.4285879500001
mz_air_ppo,MZ Air,PPO,2026,400,1075200,-599.5489924999999,-601.91199325
mz_air_ppo,MZ Air,PPO,2026,401,1077888,-600.27628125,-601.5281906083334
mz_air_ppo,MZ Air,PPO,2026,402,1080576,-601.6350705,-601.418458225
mz_air_ppo,MZ Air,PPO,2026,403,1083264,-605.3377680000001,-601.3680611166668
mz_air_ppo,MZ Air,PPO,2026,404,1085952,-599.4156255,-600.9169509666667
mz_air_ppo,MZ Air,PPO,2026,405,1088640,-601.277043,-600.7239149083335
mz_air_ppo,MZ Air,PPO,2026,406,1091328,-598.22904175,-600.5067392333334
mz_air_ppo,MZ Air,PPO,2026,407,1094016,-604.8355345,-600.5613200249999
mz_air_ppo,MZ Air,PPO,2026,408,1096704,-600.16911525,-600.5652995249999
mz_air_ppo,MZ Air,PPO,2026,409,1099392,-604.2085247499999,-600.6323386666666
mz_air_ppo,MZ Air,PPO,2026,410,1102080,-599.49239475,-600.643543475
mz_air_ppo,MZ Air,PPO,2026,411,1104768,-599.027512,-600.7650630166667
mz_air_ppo,MZ Air,PPO,2026,412,1107456,-597.481931,-600.7977146333334
mz_air_ppo,MZ Air,PPO,2026,413,1110144,-595.13314625,-600.8226722999999
mz_air_ppo,MZ Air,PPO,2026,414,1112832,-597.54983125,-600.6520181916665
mz_air_ppo,MZ Air,PPO,2026,415,1115520,-589.60562225,-600.2906545083333
mz_air_ppo,MZ Air,PPO,2026,416,1118208,-590.37767525,-599.9050303333335
mz_air_ppo,MZ Air,PPO,2026,417,1120896,-591.228455,-599.52280395
mz_air_ppo,MZ Air,PPO,2026,418,1123584,-594.7561820000001,-599.1170521333333
mz_air_ppo,MZ Air,PPO,2026,419,1126272,-596.8081627500001,-598.9649854166667
mz_air_ppo,MZ Air,PPO,2026,420,1128960,-595.52375275,-598.8960650249999
mz_air_ppo,MZ Air,PPO,2026,421,1131648,-590.7066965,-598.6967579
mz_air_ppo,MZ Air,PPO,2026,422,1134336,-590.0148455,-598.4163319416668
mz_air_ppo,MZ Air,PPO,2026,423,1137024,-592.4867399999999,-598.0826129583334
mz_air_ppo,MZ Air,PPO,2026,424,1139712,-589.14845175,-597.5903793666665
mz_air_ppo,MZ Air,PPO,2026,425,1142400,-595.11099025,-597.3108310916666
mz_air_ppo,MZ Air,PPO,2026,426,1145088,-588.0044665,-596.873330725
mz_air_ppo,MZ Air,PPO,2026,427,1147776,-593.18197225,-596.6602405666666
mz_air_ppo,MZ Air,PPO,2026,428,1150464,-595.1818222500001,-596.4370513583333
mz_air_ppo,MZ Air,PPO,2026,429,1153152,-598.1240465,-596.4625897916667
mz_air_ppo,MZ Air,PPO,2026,430,1155840,-590.74662325,-596.1691774833333
mz_air_ppo,MZ Air,PPO,2026,431,1158528,-599.2601605,-596.1353067916667
mz_air_ppo,MZ Air,PPO,2026,432,1161216,-592.4406035000001,-595.8288245583334
mz_air_ppo,MZ Air,PPO,2026,433,1163904,-604.5650895,-595.8030686083332
mz_air_ppo,MZ Air,PPO,2026,434,1166592,-599.83607825,-595.8170836999999
mz_air_ppo,MZ Air,PPO,2026,435,1169280,-593.5456815,-595.55937165
mz_air_ppo,MZ Air,PPO,2026,436,1171968,-592.858387,-595.380349825
mz_air_ppo,MZ Air,PPO,2026,437,1174656,-592.45996025,-594.9678306833333
mz_air_ppo,MZ Air,PPO,2026,438,1177344,-597.6968730000001,-594.8854226083333
mz_air_ppo,MZ Air,PPO,2026,439,1180032,-592.7054095,-594.5019854333333
mz_air_ppo,MZ Air,PPO,2026,440,1182720,-594.99019425,-594.3519120833333
mz_air_ppo,MZ Air,PPO,2026,441,1185408,-589.378753,-594.0302867833333
mz_air_ppo,MZ Air,PPO,2026,442,1188096,-593.05235975,-593.8826344083334
mz_air_ppo,MZ Air,PPO,2026,443,1190784,-595.13762275,-593.882783625
mz_air_ppo,MZ Air,PPO,2026,444,1193472,-601.63555575,-594.0189744416667
mz_air_ppo,MZ Air,PPO,2026,445,1196160,-596.7592795,-594.2574296833334
mz_air_ppo,MZ Air,PPO,2026,446,1198848,-586.696694,-594.1347303083331
mz_air_ppo,MZ Air,PPO,2026,447,1201536,-586.64321075,-593.9818888333333
mz_air_ppo,MZ Air,PPO,2026,448,1204224,-592.4483969999999,-593.9049626666667
mz_air_ppo,MZ Air,PPO,2026,449,1206912,-598.83653325,-593.9725750166666
mz_air_ppo,MZ Air,PPO,2026,450,1209600,-594.542924,-593.939880725
mz_air_ppo,MZ Air,PPO,2026,451,1212288,-601.93014175,-594.3139955666667
mz_air_ppo,MZ Air,PPO,2026,452,1214976,-603.5535397499999,-594.765285375
mz_air_ppo,MZ Air,PPO,2026,453,1217664,-600.392057,-595.0287959416667
mz_air_ppo,MZ Air,PPO,2026,454,1220352,-602.260722,-595.4658716166666
mz_air_ppo,MZ Air,PPO,2026,455,1223040,-599.3288835000001,-595.6064680583332
mz_air_ppo,MZ Air,PPO,2026,456,1225728,-593.77319975,-595.7987591666665
mz_air_ppo,MZ Air,PPO,2026,457,1228416,-595.6060257500001,-595.8795609499999
mz_air_ppo,MZ Air,PPO,2026,458,1231104,-592.164174,-595.778972675
mz_air_ppo,MZ Air,PPO,2026,459,1233792,-599.1799515,-595.8141695083333
mz_air_ppo,MZ Air,PPO,2026,460,1236480,-595.1578185000001,-595.96120935
mz_air_ppo,MZ Air,PPO,2026,461,1239168,-591.7118875000001,-595.70960025
mz_air_ppo,MZ Air,PPO,2026,462,1241856,-594.17386525,-595.7673756416666
mz_air_ppo,MZ Air,PPO,2026,463,1244544,-594.67898575,-595.43783885
mz_air_ppo,MZ Air,PPO,2026,464,1247232,-597.356293,-595.3551793416666
mz_air_ppo,MZ Air,PPO,2026,465,1249920,-589.614815,-595.2241504583334
mz_air_ppo,MZ Air,PPO,2026,466,1252608,-592.21624325,-595.2027456666668
mz_air_ppo,MZ Air,PPO,2026,467,1255296,-601.1340275,-595.4918812416668
mz_air_ppo,MZ Air,PPO,2026,468,1257984,-596.0265702500001,-595.4362044833334
mz_air_ppo,MZ Air,PPO,2026,469,1260672,-586.26129125,-595.2214005416668
mz_air_ppo,MZ Air,PPO,2026,470,1263360,-594.0333734999999,-595.1895065166667
mz_air_ppo,MZ Air,PPO,2026,471,1266048,-589.2362895,-595.1847577333334
mz_air_ppo,MZ Air,PPO,2026,472,1268736,-588.90159125,-595.0463987833334
mz_air_ppo,MZ Air,PPO,2026,473,1271424,-587.654423,-594.7969587916667
mz_air_ppo,MZ Air,PPO,2026,474,1274112,-588.50856,-594.3593922666666
mz_air_ppo,MZ Air,PPO,2026,475,1276800,-591.9849815,-594.200249
mz_air_ppo,MZ Air,PPO,2026,476,1279488,-590.59831575,-594.3303030583335
mz_air_ppo,MZ Air,PPO,2026,477,1282176,-591.96252075,-594.5076133916667
mz_air_ppo,MZ Air,PPO,2026,478,1284864,-600.14648675,-594.7642163833333
mz_air_ppo,MZ Air,PPO,2026,479,1287552,-590.67521825,-594.49217255
mz_air_ppo,MZ Air,PPO,2026,480,1290240,-587.80143775,-594.2674563416666
mz_air_ppo,MZ Air,PPO,2026,481,1292928,-590.5845055,-593.8892684666666
mz_air_ppo,MZ Air,PPO,2026,482,1295616,-589.9231992499999,-593.4349237833333
mz_air_ppo,MZ Air,PPO,2026,483,1298304,-592.1490085,-593.1601555
mz_air_ppo,MZ Air,PPO,2026,484,1300992,-594.0283589999999,-592.8857434
mz_air_ppo,MZ Air,PPO,2026,485,1303680,-589.3258585000001,-592.5523092333333
mz_air_ppo,MZ Air,PPO,2026,486,1306368,-588.5419365,-592.3779337916668
mz_air_ppo,MZ Air,PPO,2026,487,1309056,-584.6997895000001,-592.0143925833333
mz_air_ppo,MZ Air,PPO,2026,488,1311744,-587.575342,-591.8614315166667
mz_air_ppo,MZ Air,PPO,2026,489,1314432,-588.489579,-591.5050857666666
mz_air_ppo,MZ Air,PPO,2026,490,1317120,-585.69515275,-591.1896635749999
mz_air_ppo,MZ Air,PPO,2026,491,1319808,-591.56669875,-591.18482395
mz_air_ppo,MZ Air,PPO,2026,492,1322496,-594.62335175,-591.1998068333334
mz_air_ppo,MZ Air,PPO,2026,493,1325184,-597.4812755,-591.2932164916666
mz_air_ppo,MZ Air,PPO,2026,494,1327872,-599.50040475,-591.3646868833333
mz_air_ppo,MZ Air,PPO,2026,495,1330560,-595.23977425,-591.5521855250001
mz_air_ppo,MZ Air,PPO,2026,496,1333248,-589.4586445,-591.4602655666665
mz_air_ppo,MZ Air,PPO,2026,497,1335936,-590.6569207499999,-591.1110286750001
mz_air_ppo,MZ Air,PPO,2026,498,1338624,-588.3510817499999,-590.8551790583333
mz_air_ppo,MZ Air,PPO,2026,499,1341312,-588.167015,-590.9187031833334
mz_air_ppo,MZ Air,PPO,2026,500,1344000,-591.8235882500001,-590.845043675
mz_hydro_mappo,MZ Hydro,MAPPO,42,1,1920,-643.3003941754423,-643.3003941754423
mz_hydro_mappo,MZ Hydro,MAPPO,42,2,3840,-701.7788650331947,-672.5396296043185
mz_hydro_mappo,MZ Hydro,MAPPO,42,3,5760,-738.6381067996354,-694.5724553360909
mz_hydro_mappo,MZ Hydro,MAPPO,42,4,7680,-705.6721158558776,-697.3473704660375
mz_hydro_mappo,MZ Hydro,MAPPO,42,5,9600,-667.4632122232942,-691.3705388174889
mz_hydro_mappo,MZ Hydro,MAPPO,42,6,11520,-693.3209983822908,-691.6956154116225
mz_hydro_mappo,MZ Hydro,MAPPO,42,7,13440,-654.1008481567587,-686.3249343752134
mz_hydro_mappo,MZ Hydro,MAPPO,42,8,15360,-649.0819446895111,-681.6695606645006
mz_hydro_mappo,MZ Hydro,MAPPO,42,9,17280,-634.3144721872795,-676.4078841670316
mz_hydro_mappo,MZ Hydro,MAPPO,42,10,19200,-627.8172517519101,-671.5488209255194
mz_hydro_mappo,MZ Hydro,MAPPO,42,11,21120,-646.9470091733715,-669.312292584415
mz_hydro_mappo,MZ Hydro,MAPPO,42,12,23040,-639.8231051481289,-666.8548602980578
mz_hydro_mappo,MZ Hydro,MAPPO,42,13,24960,-605.7493265625881,-662.1544346260987
mz_hydro_mappo,MZ Hydro,MAPPO,42,14,26880,-601.362360196581,-657.8121435954189
mz_hydro_mappo,MZ Hydro,MAPPO,42,15,28800,-612.1313253887147,-654.766755714972
mz_hydro_mappo,MZ Hydro,MAPPO,42,16,30720,-628.9761686351285,-653.1548440224817
mz_hydro_mappo,MZ Hydro,MAPPO,42,17,32640,-623.3075360391849,-651.3991200234642
mz_hydro_mappo,MZ Hydro,MAPPO,42,18,34560,-603.1128467809103,-648.7165492877668
mz_hydro_mappo,MZ Hydro,MAPPO,42,19,36480,-621.0220726678235,-647.2589452551382
mz_hydro_mappo,MZ Hydro,MAPPO,42,20,38400,-592.6493357710897,-644.5284647809358
mz_hydro_mappo,MZ Hydro,MAPPO,42,21,40320,-600.9472132712763,-642.4531670899996
mz_hydro_mappo,MZ Hydro,MAPPO,42,22,42240,-609.4793205313567,-640.9543558827886
mz_hydro_mappo,MZ Hydro,MAPPO,42,23,44160,-608.7072460714953,-639.5523076301237
mz_hydro_mappo,MZ Hydro,MAPPO,42,24,46080,-594.9853359422232,-637.6953504764612
mz_hydro_mappo,MZ Hydro,MAPPO,42,25,48000,-603.8438001389452,-636.3412884629605
mz_hydro_mappo,MZ Hydro,MAPPO,42,26,49920,-599.2323264347506,-634.9140206926447
mz_hydro_mappo,MZ Hydro,MAPPO,42,27,51840,-605.4217599144104,-633.8217147378954
mz_hydro_mappo,MZ Hydro,MAPPO,42,28,53760,-601.3027834585955,-632.6603243350631
mz_hydro_mappo,MZ Hydro,MAPPO,42,29,55680,-603.4366250986313,-631.6526105682897
mz_hydro_mappo,MZ Hydro,MAPPO,42,30,57600,-603.2431022033725,-630.7056269561258
mz_hydro_mappo,MZ Hydro,MAPPO,42,31,59520,-596.4531887144649,-629.1440534407599
mz_hydro_mappo,MZ Hydro,MAPPO,42,32,61440,-590.7705679960345,-625.4437768728546
mz_hydro_mappo,MZ Hydro,MAPPO,42,33,63360,-601.0269648020876,-620.8567388062695
mz_hydro_mappo,MZ Hydro,MAPPO,42,34,65280,-589.1274855009619,-616.971917794439
mz_hydro_mappo,MZ Hydro,MAPPO,42,35,67200,-585.414254631728,-614.2369525413868
mz_hydro_mappo,MZ Hydro,MAPPO,42,36,69120,-586.4485690545298,-610.6745382304615
mz_hydro_mappo,MZ Hydro,MAPPO,42,37,71040,-592.7378179285624,-608.6291038895215
mz_hydro_mappo,MZ Hydro,MAPPO,42,38,72960,-592.8687199345804,-606.755329731024
mz_hydro_mappo,MZ Hydro,MAPPO,42,39,74880,-588.4376898368555,-605.2261036526763
mz_hydro_mappo,MZ Hydro,MAPPO,42,40,76800,-590.8109607796632,-603.9925606202684
mz_hydro_mappo,MZ Hydro,MAPPO,42,41,78720,-592.0069408712734,-602.1612250101983
mz_hydro_mappo,MZ Hydro,MAPPO,42,42,80640,-591.8309988374458,-600.5614881331754
mz_hydro_mappo,MZ Hydro,MAPPO,42,43,82560,-586.8981241396468,-599.9331147190775
mz_hydro_mappo,MZ Hydro,MAPPO,42,44,84480,-588.3967355709246,-599.5009272315557
mz_hydro_mappo,MZ Hydro,MAPPO,42,45,86400,-593.0642510668331,-598.8653580874928
mz_hydro_mappo,MZ Hydro,MAPPO,42,46,88320,-593.1351806090261,-597.6706584866229
mz_hydro_mappo,MZ Hydro,MAPPO,42,47,90240,-596.4499494549,-596.77540560048
mz_hydro_mappo,MZ Hydro,MAPPO,42,48,92160,-597.0476031481849,-596.5732308127225
mz_hydro_mappo,MZ Hydro,MAPPO,42,49,94080,-600.4844059984971,-595.8886419237449
mz_hydro_mappo,MZ Hydro,MAPPO,42,50,96000,-616.7334069754397,-596.6914442972233
mz_hydro_mappo,MZ Hydro,MAPPO,42,51,97920,-595.1642487136955,-596.4986788119706
mz_hydro_mappo,MZ Hydro,MAPPO,42,52,99840,-606.3831263457487,-596.395472339117
mz_hydro_mappo,MZ Hydro,MAPPO,42,53,101760,-597.1063161435395,-596.0087746748517
mz_hydro_mappo,MZ Hydro,MAPPO,42,54,103680,-597.5113138637889,-596.092973938904
mz_hydro_mappo,MZ Hydro,MAPPO,42,55,105600,-598.1385816461643,-595.9027999891446
mz_hydro_mappo,MZ Hydro,MAPPO,42,56,107520,-600.5478398197665,-595.9466504353118
mz_hydro_mappo,MZ Hydro,MAPPO,42,57,109440,-593.2826193490355,-595.542012416466
mz_hydro_mappo,MZ Hydro,MAPPO,42,58,111360,-605.2662574755996,-595.6741282170328
mz_hydro_mappo,MZ Hydro,MAPPO,42,59,113280,-588.7685916697174,-595.1851937694022
mz_hydro_mappo,MZ Hydro,MAPPO,42,60,115200,-589.5410652498294,-594.728459204284
mz_hydro_mappo,MZ Hydro,MAPPO,42,61,117120,-583.609739299367,-594.3003442237808
mz_hydro_mappo,MZ Hydro,MAPPO,42,62,119040,-579.4324877575048,-593.9224082158299
mz_hydro_mappo,MZ Hydro,MAPPO,42,63,120960,-571.8250164954925,-592.9490099389435
mz_hydro_mappo,MZ Hydro,MAPPO,42,64,122880,-572.4860523778661,-592.3942955015068
mz_hydro_mappo,MZ Hydro,MAPPO,42,65,124800,-571.2535432051245,-591.9222717872867
mz_hydro_mappo,MZ Hydro,MAPPO,42,66,126720,-574.7441864538532,-591.5321257005976
mz_hydro_mappo,MZ Hydro,MAPPO,42,67,128640,-565.4257719279215,-590.6217241672427
mz_hydro_mappo,MZ Hydro,MAPPO,42,68,130560,-564.4473382207935,-589.6743447767834
mz_hydro_mappo,MZ Hydro,MAPPO,42,69,132480,-576.2701262799271,-589.2687593248858
mz_hydro_mappo,MZ Hydro,MAPPO,42,70,134400,-568.9151363624081,-588.5388985109771
mz_hydro_mappo,MZ Hydro,MAPPO,42,71,136320,-573.4843248248417,-587.9214779760961
mz_hydro_mappo,MZ Hydro,MAPPO,42,72,138240,-598.2101656564405,-588.1341168700627
mz_hydro_mappo,MZ Hydro,MAPPO,42,73,140160,-594.098114544805,-588.3741165502346
mz_hydro_mappo,MZ Hydro,MAPPO,42,74,142080,-575.1788784441305,-587.9335213126747
mz_hydro_mappo,MZ Hydro,MAPPO,42,75,144000,-571.4684024368472,-587.2136596916752
mz_hydro_mappo,MZ Hydro,MAPPO,42,76,145920,-564.4489217741077,-586.2574510638445
mz_hydro_mappo,MZ Hydro,MAPPO,42,77,147840,-565.7298142832096,-585.2334465581215
mz_hydro_mappo,MZ Hydro,MAPPO,42,78,149760,-563.6500752827997,-584.1201956292753
mz_hydro_mappo,MZ Hydro,MAPPO,42,79,151680,-562.405254817259,-582.8508905899009
mz_hydro_mappo,MZ Hydro,MAPPO,42,80,153600,-568.5773498505678,-581.2456886857384
mz_hydro_mappo,MZ Hydro,MAPPO,42,81,155520,-585.2025452302951,-580.9136319029585
mz_hydro_mappo,MZ Hydro,MAPPO,42,82,157440,-569.6315764132339,-579.6885802385411
mz_hydro_mappo,MZ Hydro,MAPPO,42,83,159360,-576.7111340885942,-579.0087408367095
mz_hydro_mappo,MZ Hydro,MAPPO,42,84,161280,-563.9313393144519,-577.8894083517318
mz_hydro_mappo,MZ Hydro,MAPPO,42,85,163200,-555.7406487338453,-576.4761439213212
mz_hydro_mappo,MZ Hydro,MAPPO,42,86,165120,-559.5642858481551,-575.1100254556009
mz_hydro_mappo,MZ Hydro,MAPPO,42,87,167040,-559.173784446366,-573.9730642921784
mz_hydro_mappo,MZ Hydro,MAPPO,42,88,168960,-568.1025531977357,-572.734274149583
mz_hydro_mappo,MZ Hydro,MAPPO,42,89,170880,-566.007051511222,-571.9755561443
mz_hydro_mappo,MZ Hydro,MAPPO,42,90,172800,-555.6838598118284,-570.8469826296998
mz_hydro_mappo,MZ Hydro,MAPPO,42,91,174720,-557.4973891220698,-569.9765709571233
mz_hydro_mappo,MZ Hydro,MAPPO,42,92,176640,-563.0806001599699,-569.4315080372055
mz_hydro_mappo,MZ Hydro,MAPPO,42,93,178560,-566.8641490041363,-569.2661457874935
mz_hydro_mappo,MZ Hydro,MAPPO,42,94,180480,-561.5157876040194,-568.900470295032
mz_hydro_mappo,MZ Hydro,MAPPO,42,95,182400,-563.4643822603193,-568.6408315968719
mz_hydro_mappo,MZ Hydro,MAPPO,42,96,184320,-560.7692523491332,-568.1750004600478
mz_hydro_mappo,MZ Hydro,MAPPO,42,97,186240,-565.0646286397662,-568.1629623504426
mz_hydro_mappo,MZ Hydro,MAPPO,42,98,188160,-564.1066288401171,-568.1516053710868
mz_hydro_mappo,MZ Hydro,MAPPO,42,99,190080,-567.7553658027037,-567.867780021846
mz_hydro_mappo,MZ Hydro,MAPPO,42,100,192000,-574.9734158148367,-568.0697226702601
mz_hydro_mappo,MZ Hydro,MAPPO,42,101,193920,-569.2890808275042,-567.9298812036824
mz_hydro_mappo,MZ Hydro,MAPPO,42,102,195840,-569.0664917111535,-566.9584254055062
mz_hydro_mappo,MZ Hydro,MAPPO,42,103,197760,-574.4723802173667,-566.3042342612581
mz_hydro_mappo,MZ Hydro,MAPPO,42,104,199680,-570.7311688407899,-566.1559772744803
mz_hydro_mappo,MZ Hydro,MAPPO,42,105,201600,-563.8467052968256,-565.9019207031462
mz_hydro_mappo,MZ Hydro,MAPPO,42,106,203520,-556.6010980124993,-565.6403265777591
mz_hydro_mappo,MZ Hydro,MAPPO,42,107,205440,-568.2950249702808,-565.7258336006615
mz_hydro_mappo,MZ Hydro,MAPPO,42,108,207360,-560.4496370377037,-565.619152325825
mz_hydro_mappo,MZ Hydro,MAPPO,42,109,209280,-560.8180963504692,-565.5662470435988
mz_hydro_mappo,MZ Hydro,MAPPO,42,110,211200,-559.4365271148527,-565.2615529524082
mz_hydro_mappo,MZ Hydro,MAPPO,42,111,213120,-552.4290239099719,-564.1691022417307
mz_hydro_mappo,MZ Hydro,MAPPO,42,112,215040,-553.396235169861,-563.627924200285
mz_hydro_mappo,MZ Hydro,MAPPO,42,113,216960,-556.2938805518133,-562.9473490823923
mz_hydro_mappo,MZ Hydro,MAPPO,42,114,218880,-561.1393119263573,-562.854281502789
mz_hydro_mappo,MZ Hydro,MAPPO,42,115,220800,-549.8359230480492,-562.6574573132626
mz_hydro_mappo,MZ Hydro,MAPPO,42,116,222720,-551.8958558883928,-562.4018429812705
mz_hydro_mappo,MZ Hydro,MAPPO,42,117,224640,-557.9611083880081,-562.3614204459918
mz_hydro_mappo,MZ Hydro,MAPPO,42,118,226560,-552.288929209236,-561.8342996463751
mz_hydro_mappo,MZ Hydro,MAPPO,42,119,228480,-559.6271785383052,-561.6216372139447
mz_hydro_mappo,MZ Hydro,MAPPO,42,120,230400,-556.6256492467091,-561.6530301951074
mz_hydro_mappo,MZ Hydro,MAPPO,42,121,232320,-553.3587179714004,-561.5150744900851
mz_hydro_mappo,MZ Hydro,MAPPO,42,122,234240,-559.7044535996818,-561.4025362714088
mz_hydro_mappo,MZ Hydro,MAPPO,42,123,236160,-558.5261915529363,-561.1246043563689
mz_hydro_mappo,MZ Hydro,MAPPO,42,124,238080,-560.1962274577763,-561.0806190181606
mz_hydro_mappo,MZ Hydro,MAPPO,42,125,240000,-552.6024033340618,-560.718553053952
mz_hydro_mappo,MZ Hydro,MAPPO,42,126,241920,-559.2655960818411,-560.6684311783756
mz_hydro_mappo,MZ Hydro,MAPPO,42,127,243840,-553.2431112450872,-560.2743805985531
mz_hydro_mappo,MZ Hydro,MAPPO,42,128,245760,-547.2261823603797,-559.7116990492285
mz_hydro_mappo,MZ Hydro,MAPPO,42,129,247680,-551.805761564799,-559.1800455746317
mz_hydro_mappo,MZ Hydro,MAPPO,42,130,249600,-554.7430783874169,-558.5057009937176
mz_hydro_mappo,MZ Hydro,MAPPO,42,131,251520,-554.5847604217238,-558.0155569801917
mz_hydro_mappo,MZ Hydro,MAPPO,42,132,253440,-548.3009478984411,-557.3233721864345
mz_hydro_mappo,MZ Hydro,MAPPO,42,133,255360,-552.9927957604643,-556.6073860378712
mz_hydro_mappo,MZ Hydro,MAPPO,42,134,257280,-554.2597352920026,-556.0583382529117
mz_hydro_mappo,MZ Hydro,MAPPO,42,135,259200,-550.3308770253116,-555.6078106438612
mz_hydro_mappo,MZ Hydro,MAPPO,42,136,261120,-551.7764404168934,-555.4469887240076
mz_hydro_mappo,MZ Hydro,MAPPO,42,137,263040,-551.3884220387406,-554.8834352929563
mz_hydro_mappo,MZ Hydro,MAPPO,42,138,264960,-553.8322331381219,-554.6628551629702
mz_hydro_mappo,MZ Hydro,MAPPO,42,139,266880,-552.2471495403497,-554.3771569359662
mz_hydro_mappo,MZ Hydro,MAPPO,42,140,268800,-551.0843314527319,-554.0987504138956
mz_hydro_mappo,MZ Hydro,MAPPO,42,141,270720,-549.3132080589812,-553.9948898855292
mz_hydro_mappo,MZ Hydro,MAPPO,42,142,272640,-549.1418484102414,-553.8530769935419
mz_hydro_mappo,MZ Hydro,MAPPO,42,143,274560,-552.3372586541104,-553.7211895969517
mz_hydro_mappo,MZ Hydro,MAPPO,42,144,276480,-552.1473185278023,-553.4214564836665
mz_hydro_mappo,MZ Hydro,MAPPO,42,145,278400,-551.8479043773477,-553.4885225279766
mz_hydro_mappo,MZ Hydro,MAPPO,42,146,280320,-552.3304584106709,-553.5030092787191
mz_hydro_mappo,MZ Hydro,MAPPO,42,147,282240,-561.3139493741842,-553.614770644925
mz_hydro_mappo,MZ Hydro,MAPPO,42,148,284160,-560.3257295665644,-553.8826639901692
mz_hydro_mappo,MZ Hydro,MAPPO,42,149,286080,-551.7037426346618,-553.6185494600478
mz_hydro_mappo,MZ Hydro,MAPPO,42,150,288000,-554.7403507433555,-553.5557061766027
mz_hydro_mappo,MZ Hydro,MAPPO,42,151,289920,-552.362726892947,-553.5225064739876
mz_hydro_mappo,MZ Hydro,MAPPO,42,152,291840,-552.5309845296188,-553.2833908383187
mz_hydro_mappo,MZ Hydro,MAPPO,42,153,293760,-553.8178323393058,-553.1264455311978
mz_hydro_mappo,MZ Hydro,MAPPO,42,154,295680,-554.1022921464605,-552.9233143541538
mz_hydro_mappo,MZ Hydro,MAPPO,42,155,297600,-553.187849968821,-552.9428292419793
mz_hydro_mappo,MZ Hydro,MAPPO,42,156,299520,-546.7889553535065,-552.5269412177015
mz_hydro_mappo,MZ Hydro,MAPPO,42,157,301440,-548.15504051691,-552.3573388600955
mz_hydro_mappo,MZ Hydro,MAPPO,42,158,303360,-548.627476931099,-552.4040486791196
mz_hydro_mappo,MZ Hydro,MAPPO,42,159,305280,-549.1579517203809,-552.3157883509722
mz_hydro_mappo,MZ Hydro,MAPPO,42,160,307200,-545.8333745924255,-552.0187982244726
mz_hydro_mappo,MZ Hydro,MAPPO,42,161,309120,-548.9555552358865,-551.8311580516112
mz_hydro_mappo,MZ Hydro,MAPPO,42,162,311040,-546.9189687708822,-551.7850920806927
mz_hydro_mappo,MZ Hydro,MAPPO,42,163,312960,-554.0260459267506,-551.8195337529021
mz_hydro_mappo,MZ Hydro,MAPPO,42,164,314880,-549.0215554804731,-551.6449277591845
mz_hydro_mappo,MZ Hydro,MAPPO,42,165,316800,-546.954629705544,-551.5323861818589
mz_hydro_mappo,MZ Hydro,MAPPO,42,166,318720,-546.6601233540514,-551.3618422797642
mz_hydro_mappo,MZ Hydro,MAPPO,42,167,320640,-551.7723262183845,-551.3746390857523
mz_hydro_mappo,MZ Hydro,MAPPO,42,168,322560,-556.5696349163536,-551.4658858116934
mz_hydro_mappo,MZ Hydro,MAPPO,42,169,324480,-551.2558582151923,-551.4328427675214
mz_hydro_mappo,MZ Hydro,MAPPO,42,170,326400,-563.9955098737264,-551.8632153815546
mz_hydro_mappo,MZ Hydro,MAPPO,42,171,328320,-553.3383322313248,-551.9973861872994
mz_hydro_mappo,MZ Hydro,MAPPO,42,172,330240,-553.7691805090353,-552.1516305905926
mz_hydro_mappo,MZ Hydro,MAPPO,42,173,332160,-550.3040904400477,-552.0838583167905
mz_hydro_mappo,MZ Hydro,MAPPO,42,174,334080,-551.2897913922216,-552.0552740789377
mz_hydro_mappo,MZ Hydro,MAPPO,42,175,336000,-557.7754212312193,-552.2528579740668
mz_hydro_mappo,MZ Hydro,MAPPO,42,176,337920,-550.810080221805,-552.2021787011047
mz_hydro_mappo,MZ Hydro,MAPPO,42,177,339840,-566.634125936283,-552.3795179198412
mz_hydro_mappo,MZ Hydro,MAPPO,42,178,341760,-551.0171862604382,-552.0692331429705
mz_hydro_mappo,MZ Hydro,MAPPO,42,179,343680,-548.4644296216993,-551.9612560425383
mz_hydro_mappo,MZ Hydro,MAPPO,42,180,345600,-556.6226013754914,-552.0239977302762
mz_hydro_mappo,MZ Hydro,MAPPO,42,181,347520,-547.5725554720325,-551.8643253495791
mz_hydro_mappo,MZ Hydro,MAPPO,42,182,349440,-547.675562184487,-551.7024779380747
mz_hydro_mappo,MZ Hydro,MAPPO,42,183,351360,-543.8946289015238,-551.3717044901485
mz_hydro_mappo,MZ Hydro,MAPPO,42,184,353280,-548.0807842412432,-551.1709875599747
mz_hydro_mappo,MZ Hydro,MAPPO,42,185,355200,-552.068923932422,-551.133690025428
mz_hydro_mappo,MZ Hydro,MAPPO,42,186,357120,-548.4758940929823,-551.1899213167438
mz_hydro_mappo,MZ Hydro,MAPPO,42,187,359040,-551.5817140376334,-551.3041437674347
mz_hydro_mappo,MZ Hydro,MAPPO,42,188,360960,-547.6979853445464,-551.2731607145496
mz_hydro_mappo,MZ Hydro,MAPPO,42,189,362880,-542.9222406557165,-551.0653036790607
mz_hydro_mappo,MZ Hydro,MAPPO,42,190,364800,-551.3473540515183,-551.2491029943637
mz_hydro_mappo,MZ Hydro,MAPPO,42,191,366720,-552.6955805313892,-551.3737705042139
mz_hydro_mappo,MZ Hydro,MAPPO,42,192,368640,-547.3010230097888,-551.3865056455109
mz_hydro_mappo,MZ Hydro,MAPPO,42,193,370560,-561.5107219092006,-551.6359948449258
mz_hydro_mappo,MZ Hydro,MAPPO,42,194,372480,-545.5281474422595,-551.5195479103187
mz_hydro_mappo,MZ Hydro,MAPPO,42,195,374400,-544.1988242895131,-551.4276877297842
mz_hydro_mappo,MZ Hydro,MAPPO,42,196,376320,-551.9994014187796,-551.6056636652752
mz_hydro_mappo,MZ Hydro,MAPPO,42,197,378240,-553.4059152334154,-551.660116632443
mz_hydro_mappo,MZ Hydro,MAPPO,42,198,380160,-553.5440611200106,-551.5592641725649
mz_hydro_mappo,MZ Hydro,MAPPO,42,199,382080,-546.0078649355746,-551.3843310632442
mz_hydro_mappo,MZ Hydro,MAPPO,42,200,384000,-546.0917348399744,-550.7875385621192
mz_hydro_mappo,MZ Hydro,MAPPO,42,201,385920,-545.5671380269632,-550.5284987553072
mz_hydro_mappo,MZ Hydro,MAPPO,42,202,387840,-538.552321077,-550.0212701075726
mz_hydro_mappo,MZ Hydro,MAPPO,42,203,389760,-546.4125596865169,-549.8915524157884
mz_hydro_mappo,MZ Hydro,MAPPO,42,204,391680,-547.3219740003678,-549.7592918360599
mz_hydro_mappo,MZ Hydro,MAPPO,42,205,393600,-545.5793800632316,-549.3527571304603
mz_hydro_mappo,MZ Hydro,MAPPO,42,206,395520,-547.9951736400708,-549.258926911069
mz_hydro_mappo,MZ Hydro,MAPPO,42,207,397440,-552.0060541803159,-548.7713245192036
mz_hydro_mappo,MZ Hydro,MAPPO,42,208,399360,-546.2267263859775,-548.6116425233882
mz_hydro_mappo,MZ Hydro,MAPPO,42,209,401280,-547.3129608779218,-548.573260231929
mz_hydro_mappo,MZ Hydro,MAPPO,42,210,403200,-554.6670049492113,-548.5080736843862
mz_hydro_mappo,MZ Hydro,MAPPO,42,211,405120,-556.2921041989915,-548.7987253086181
mz_hydro_mappo,MZ Hydro,MAPPO,42,212,407040,-553.4911385644073,-548.9925778546155
mz_hydro_mappo,MZ Hydro,MAPPO,42,213,408960,-549.1343055988127,-549.1672337445253
mz_hydro_mappo,MZ Hydro,MAPPO,42,214,410880,-557.8148803204622,-549.4917036138326
mz_hydro_mappo,MZ Hydro,MAPPO,42,215,412800,-557.7167395856068,-549.6799641356054
mz_hydro_mappo,MZ Hydro,MAPPO,42,216,414720,-552.9964239852198,-549.8306484653466
mz_hydro_mappo,MZ Hydro,MAPPO,42,217,416640,-552.6500318583385,-549.8662590593701
mz_hydro_mappo,MZ Hydro,MAPPO,42,218,418560,-547.4900382370633,-549.8593274891207
mz_hydro_mappo,MZ Hydro,MAPPO,42,219,420480,-547.57021246355,-550.0142598827151
mz_hydro_mappo,MZ Hydro,MAPPO,42,220,422400,-560.0146679348563,-550.303170345493
mz_hydro_mappo,MZ Hydro,MAPPO,42,221,424320,-551.0509658701762,-550.2483498567859
mz_hydro_mappo,MZ Hydro,MAPPO,42,222,426240,-558.5651105797424,-550.6238194424511
mz_hydro_mappo,MZ Hydro,MAPPO,42,223,428160,-549.2522951861065,-550.2152052183479
mz_hydro_mappo,MZ Hydro,MAPPO,42,224,430080,-555.0116568640497,-550.5313221990742
mz_hydro_mappo,MZ Hydro,MAPPO,42,225,432000,-548.5974002030362,-550.6779413961917
mz_hydro_mappo,MZ Hydro,MAPPO,42,226,433920,-550.1840503588228,-550.6174296941931
mz_hydro_mappo,MZ Hydro,MAPPO,42,227,435840,-542.69569869115,-550.2604224761177
mz_hydro_mappo,MZ Hydro,MAPPO,42,228,437760,-546.2195817988668,-550.0162731654128
mz_hydro_mappo,MZ Hydro,MAPPO,42,229,439680,-548.433038988712,-550.0971123005173
mz_hydro_mappo,MZ Hydro,MAPPO,42,230,441600,-539.1887444915701,-549.8670126222372
mz_hydro_mappo,MZ Hydro,MAPPO,42,231,443520,-539.2434743149579,-549.6562238318371
mz_hydro_mappo,MZ Hydro,MAPPO,42,232,445440,-546.8227488352088,-549.9319047571108
mz_hydro_mappo,MZ Hydro,MAPPO,42,233,447360,-545.2452927001259,-549.8929958575644
mz_hydro_mappo,MZ Hydro,MAPPO,42,234,449280,-539.9690709908605,-549.6478990905808
mz_hydro_mappo,MZ Hydro,MAPPO,42,235,451200,-544.2396455955641,-549.6032412749919
mz_hydro_mappo,MZ Hydro,MAPPO,42,236,453120,-545.3783591838201,-549.51601412645
mz_hydro_mappo,MZ Hydro,MAPPO,42,237,455040,-542.9122812832311,-549.212888363214
mz_hydro_mappo,MZ Hydro,MAPPO,42,238,456960,-553.7307215385214,-549.4630215349655
mz_hydro_mappo,MZ Hydro,MAPPO,42,239,458880,-546.4909791515776,-549.4356221440872
mz_hydro_mappo,MZ Hydro,MAPPO,42,240,460800,-548.9003141814173,-549.243399118494
mz_hydro_mappo,MZ Hydro,MAPPO,42,241,462720,-551.9756657290272,-549.099517836162
mz_hydro_mappo,MZ Hydro,MAPPO,42,242,464640,-542.260942257989,-548.7251779592814
mz_hydro_mappo,MZ Hydro,MAPPO,42,243,466560,-547.9819840055125,-548.6867672395049
mz_hydro_mappo,MZ Hydro,MAPPO,42,244,468480,-541.9761115415881,-548.158808280209
mz_hydro_mappo,MZ Hydro,MAPPO,42,245,470400,-546.7309700665273,-547.7926159629063
mz_hydro_mappo,MZ Hydro,MAPPO,42,246,472320,-544.9568526458452,-547.5246302515937
mz_hydro_mappo,MZ Hydro,MAPPO,42,247,474240,-541.9533694470629,-547.1680748378845
mz_hydro_mappo,MZ Hydro,MAPPO,42,248,476160,-543.8872615030177,-547.0479822800831
mz_hydro_mappo,MZ Hydro,MAPPO,42,249,478080,-543.3496218884331,-546.9072959275793
mz_hydro_mappo,MZ Hydro,MAPPO,42,250,480000,-547.891267083412,-546.5031825658644
mz_hydro_mappo,MZ Hydro,MAPPO,1337,1,1920,-678.2760799821699,-678.2760799821699
mz_hydro_mappo,MZ Hydro,MAPPO,1337,2,3840,-631.7115191619359,-654.9937995720529
mz_hydro_mappo,MZ Hydro,MAPPO,1337,3,5760,-635.4356230757105,-648.4744074066055
mz_hydro_mappo,MZ Hydro,MAPPO,1337,4,7680,-649.9781222701222,-648.8503361224846
mz_hydro_mappo,MZ Hydro,MAPPO,1337,5,9600,-649.6708243433677,-649.0144337666612
mz_hydro_mappo,MZ Hydro,MAPPO,1337,6,11520,-645.9920850661783,-648.5107089832474
mz_hydro_mappo,MZ Hydro,MAPPO,1337,7,13440,-636.3605412976565,-646.7749707424488
mz_hydro_mappo,MZ Hydro,MAPPO,1337,8,15360,-616.9081808020737,-643.0416219999018
mz_hydro_mappo,MZ Hydro,MAPPO,1337,9,17280,-607.7296354859736,-639.1180679427987
mz_hydro_mappo,MZ Hydro,MAPPO,1337,10,19200,-631.54020961489,-638.3602821100078
mz_hydro_mappo,MZ Hydro,MAPPO,1337,11,21120,-593.861043757508,-634.3148968052351
mz_hydro_mappo,MZ Hydro,MAPPO,1337,12,23040,-589.196635931582,-630.5550417324307
mz_hydro_mappo,MZ Hydro,MAPPO,1337,13,24960,-591.3078080278628,-627.5360237551563
mz_hydro_mappo,MZ Hydro,MAPPO,1337,14,26880,-605.0057219696646,-625.926716484764
mz_hydro_mappo,MZ Hydro,MAPPO,1337,15,28800,-619.1369942476549,-625.4740683356234
mz_hydro_mappo,MZ Hydro,MAPPO,1337,16,30720,-610.1944033231985,-624.5190892723468
mz_hydro_mappo,MZ Hydro,MAPPO,1337,17,32640,-603.3527715493929,-623.2740117592319
mz_hydro_mappo,MZ Hydro,MAPPO,1337,18,34560,-608.0545732952373,-622.4284874001211
mz_hydro_mappo,MZ Hydro,MAPPO,1337,19,36480,-613.7854370202467,-621.9735900117067
mz_hydro_mappo,MZ Hydro,MAPPO,1337,20,38400,-607.7191354189758,-621.2608672820702
mz_hydro_mappo,MZ Hydro,MAPPO,1337,21,40320,-586.659636685127,-619.6131896345967
mz_hydro_mappo,MZ Hydro,MAPPO,1337,22,42240,-600.1294171154332,-618.7275636109983
mz_hydro_mappo,MZ Hydro,MAPPO,1337,23,44160,-607.8490161259724,-618.2545832855624
mz_hydro_mappo,MZ Hydro,MAPPO,1337,24,46080,-594.02124204555,-617.2448607338952
mz_hydro_mappo,MZ Hydro,MAPPO,1337,25,48000,-597.133469310198,-616.4404050769473
mz_hydro_mappo,MZ Hydro,MAPPO,1337,26,49920,-592.8122925295793,-615.5316315174331
mz_hydro_mappo,MZ Hydro,MAPPO,1337,27,51840,-594.3221978243164,-614.7460969362065
mz_hydro_mappo,MZ Hydro,MAPPO,1337,28,53760,-594.8389310769035,-614.0351267269458
mz_hydro_mappo,MZ Hydro,MAPPO,1337,29,55680,-594.861998097238,-613.373984360404
mz_hydro_mappo,MZ Hydro,MAPPO,1337,30,57600,-586.6785059451358,-612.484135079895
mz_hydro_mappo,MZ Hydro,MAPPO,1337,31,59520,-599.6166080831731,-609.8621526832618
mz_hydro_mappo,MZ Hydro,MAPPO,1337,32,61440,-621.1916476956999,-609.5114903010542
mz_hydro_mappo,MZ Hydro,MAPPO,1337,33,63360,-601.5478236626859,-608.3818969872865
mz_hydro_mappo,MZ Hydro,MAPPO,1337,34,65280,-609.104956795727,-607.0194581381401
mz_hydro_mappo,MZ Hydro,MAPPO,1337,35,67200,-605.7015877592894,-605.5538169186708
mz_hydro_mappo,MZ Hydro,MAPPO,1337,36,69120,-605.5545464861043,-604.2058989660017
mz_hydro_mappo,MZ Hydro,MAPPO,1337,37,71040,-636.8680882158717,-604.222817196609
mz_hydro_mappo,MZ Hydro,MAPPO,1337,38,72960,-619.4582460576967,-604.3078193717963
mz_hydro_mappo,MZ Hydro,MAPPO,1337,39,74880,-594.3305409866734,-603.8611828884863
mz_hydro_mappo,MZ Hydro,MAPPO,1337,40,76800,-597.8599388470338,-602.7385071962245
mz_hydro_mappo,MZ Hydro,MAPPO,1337,41,78720,-592.7756566535245,-602.7023276260916
mz_hydro_mappo,MZ Hydro,MAPPO,1337,42,80640,-594.8448930334866,-602.8906028628218
mz_hydro_mappo,MZ Hydro,MAPPO,1337,43,82560,-596.0052111526729,-603.0471829669822
mz_hydro_mappo,MZ Hydro,MAPPO,1337,44,84480,-595.9739548872021,-602.7461240642333
mz_hydro_mappo,MZ Hydro,MAPPO,1337,45,86400,-599.6985728591499,-602.0981766846165
mz_hydro_mappo,MZ Hydro,MAPPO,1337,46,88320,-598.2569889523911,-601.7002628722563
mz_hydro_mappo,MZ Hydro,MAPPO,1337,47,90240,-594.580200517499,-601.4078438378599
mz_hydro_mappo,MZ Hydro,MAPPO,1337,48,92160,-601.0739107783447,-601.1751550872967
mz_hydro_mappo,MZ Hydro,MAPPO,1337,49,94080,-634.492573652853,-601.8653929750503
mz_hydro_mappo,MZ Hydro,MAPPO,1337,50,96000,-631.9490669936295,-602.6730573608722
mz_hydro_mappo,MZ Hydro,MAPPO,1337,51,97920,-589.4704576512177,-602.7667513930751
mz_hydro_mappo,MZ Hydro,MAPPO,1337,52,99840,-604.9449555543636,-602.9272693410396
mz_hydro_mappo,MZ Hydro,MAPPO,1337,53,101760,-589.8957964887583,-602.3288286864657
mz_hydro_mappo,MZ Hydro,MAPPO,1337,54,103680,-595.4795480860666,-602.3774388878162
mz_hydro_mappo,MZ Hydro,MAPPO,1337,55,105600,-574.8883160960308,-601.6359337806773
mz_hydro_mappo,MZ Hydro,MAPPO,1337,56,107520,-593.6235936581352,-601.6629771516292
mz_hydro_mappo,MZ Hydro,MAPPO,1337,57,109440,-597.3019965861981,-601.7623037770252
mz_hydro_mappo,MZ Hydro,MAPPO,1337,58,111360,-598.0934800840348,-601.8707887439294
mz_hydro_mappo,MZ Hydro,MAPPO,1337,59,113280,-589.6407537480575,-601.6967472656235
mz_hydro_mappo,MZ Hydro,MAPPO,1337,60,115200,-584.3271136181393,-601.6183675213904
mz_hydro_mappo,MZ Hydro,MAPPO,1337,61,117120,-586.2803529934852,-601.1738256850675
mz_hydro_mappo,MZ Hydro,MAPPO,1337,62,119040,-590.0495331338852,-600.1357551996737
mz_hydro_mappo,MZ Hydro,MAPPO,1337,63,120960,-589.8133042717,-599.7446045533075
mz_hydro_mappo,MZ Hydro,MAPPO,1337,64,122880,-587.8955923805613,-599.0376257394686
mz_hydro_mappo,MZ Hydro,MAPPO,1337,65,124800,-578.0923046180792,-598.1173163014281
mz_hydro_mappo,MZ Hydro,MAPPO,1337,66,126720,-582.1189040006848,-597.3361282185809
mz_hydro_mappo,MZ Hydro,MAPPO,1337,67,128640,-578.5931680145834,-595.3936308785379
mz_hydro_mappo,MZ Hydro,MAPPO,1337,68,130560,-582.8306641841682,-594.1727114827537
mz_hydro_mappo,MZ Hydro,MAPPO,1337,69,132480,-576.4070205600794,-593.5752608018672
mz_hydro_mappo,MZ Hydro,MAPPO,1337,70,134400,-565.9987536556616,-592.5132212954883
mz_hydro_mappo,MZ Hydro,MAPPO,1337,71,136320,-574.6603924526503,-591.909379155459
mz_hydro_mappo,MZ Hydro,MAPPO,1337,72,138240,-573.6711953476406,-591.2035892325973
mz_hydro_mappo,MZ Hydro,MAPPO,1337,73,140160,-572.3662279206037,-590.4156231248618
mz_hydro_mappo,MZ Hydro,MAPPO,1337,74,142080,-571.04045222283,-589.5845063693828
mz_hydro_mappo,MZ Hydro,MAPPO,1337,75,144000,-571.9444748541373,-588.6593697692156
mz_hydro_mappo,MZ Hydro,MAPPO,1337,76,145920,-569.6329351739932,-587.705234643269
mz_hydro_mappo,MZ Hydro,MAPPO,1337,77,147840,-570.7720523551773,-586.911629704525
mz_hydro_mappo,MZ Hydro,MAPPO,1337,78,149760,-574.8175903586482,-586.0364190238685
mz_hydro_mappo,MZ Hydro,MAPPO,1337,79,151680,-567.5118785479717,-583.803729187039
mz_hydro_mappo,MZ Hydro,MAPPO,1337,80,153600,-564.931742435173,-581.569818368424
mz_hydro_mappo,MZ Hydro,MAPPO,1337,81,155520,-568.8871896683795,-580.8837094356626
mz_hydro_mappo,MZ Hydro,MAPPO,1337,82,157440,-568.6602166328148,-579.6742181382778
mz_hydro_mappo,MZ Hydro,MAPPO,1337,83,159360,-562.8512426217021,-578.7727330093757
mz_hydro_mappo,MZ Hydro,MAPPO,1337,84,161280,-565.3871360904222,-577.7696526095209
mz_hydro_mappo,MZ Hydro,MAPPO,1337,85,163200,-575.7697450428695,-577.7990335744156
mz_hydro_mappo,MZ Hydro,MAPPO,1337,86,165120,-569.6341192491667,-576.99938442745
mz_hydro_mappo,MZ Hydro,MAPPO,1337,87,167040,-574.481200646007,-576.2386912294436
mz_hydro_mappo,MZ Hydro,MAPPO,1337,88,168960,-564.493746345302,-575.1187001048191
mz_hydro_mappo,MZ Hydro,MAPPO,1337,89,170880,-578.669274572439,-574.7529841322986
mz_hydro_mappo,MZ Hydro,MAPPO,1337,90,172800,-572.7577263701733,-574.3673378906996
mz_hydro_mappo,MZ Hydro,MAPPO,1337,91,174720,-561.2980514262833,-573.5345945051263
mz_hydro_mappo,MZ Hydro,MAPPO,1337,92,176640,-563.3755163525238,-572.6454606124141
mz_hydro_mappo,MZ Hydro,MAPPO,1337,93,178560,-570.3746179350564,-571.9975044011928
mz_hydro_mappo,MZ Hydro,MAPPO,1337,94,180480,-555.9412098461307,-570.9323583167119
mz_hydro_mappo,MZ Hydro,MAPPO,1337,95,182400,-559.5219834993304,-570.3133476127534
mz_hydro_mappo,MZ Hydro,MAPPO,1337,96,184320,-567.0766528145323,-569.8119392398817
mz_hydro_mappo,MZ Hydro,MAPPO,1337,97,186240,-564.2947489719973,-569.3353252717956
mz_hydro_mappo,MZ Hydro,MAPPO,1337,98,188160,-558.6897321892502,-568.5306275386316
mz_hydro_mappo,MZ Hydro,MAPPO,1337,99,190080,-555.6118093105433,-567.8374538303138
mz_hydro_mappo,MZ Hydro,MAPPO,1337,100,192000,-563.3178540593235,-567.7480905104355
mz_hydro_mappo,MZ Hydro,MAPPO,1337,101,193920,-553.3582399111333,-567.038018759052
mz_hydro_mappo,MZ Hydro,MAPPO,1337,102,195840,-560.5738344607289,-566.6014400628216
mz_hydro_mappo,MZ Hydro,MAPPO,1337,103,197760,-563.9354224113804,-566.320413212514
mz_hydro_mappo,MZ Hydro,MAPPO,1337,104,199680,-557.4263007766726,-565.8666081643088
mz_hydro_mappo,MZ Hydro,MAPPO,1337,105,201600,-556.4419471765113,-565.3498572417212
mz_hydro_mappo,MZ Hydro,MAPPO,1337,106,203520,-565.146754182455,-565.2003178753366
mz_hydro_mappo,MZ Hydro,MAPPO,1337,107,205440,-554.0036790292961,-564.6413720978072
mz_hydro_mappo,MZ Hydro,MAPPO,1337,108,207360,-557.2723718481611,-564.0565314807911
mz_hydro_mappo,MZ Hydro,MAPPO,1337,109,209280,-556.8458615530467,-563.7009975809602
mz_hydro_mappo,MZ Hydro,MAPPO,1337,110,211200,-558.904625033759,-563.5000936675798
mz_hydro_mappo,MZ Hydro,MAPPO,1337,111,213120,-559.3078436156484,-563.1807821324888
mz_hydro_mappo,MZ Hydro,MAPPO,1337,112,215040,-558.1337716991475,-562.8299006346999
mz_hydro_mappo,MZ Hydro,MAPPO,1337,113,216960,-553.5051538060652,-562.5183643408452
mz_hydro_mappo,MZ Hydro,MAPPO,1337,114,218880,-560.1661910713633,-562.34433284021
mz_hydro_mappo,MZ Hydro,MAPPO,1337,115,220800,-563.8895416325977,-561.9483260598677
mz_hydro_mappo,MZ Hydro,MAPPO,1337,116,222720,-558.7351724255932,-561.5850278324152
mz_hydro_mappo,MZ Hydro,MAPPO,1337,117,224640,-556.18587147377,-560.975183526674
mz_hydro_mappo,MZ Hydro,MAPPO,1337,118,226560,-560.4883947525118,-560.8416718069142
mz_hydro_mappo,MZ Hydro,MAPPO,1337,119,228480,-559.1607611199288,-560.1913880251639
mz_hydro_mappo,MZ Hydro,MAPPO,1337,120,230400,-567.6318620315851,-560.0205258805443
mz_hydro_mappo,MZ Hydro,MAPPO,1337,121,232320,-559.0756524455306,-559.9464459145191
mz_hydro_mappo,MZ Hydro,MAPPO,1337,122,234240,-556.4487919752846,-559.7155551019445
mz_hydro_mappo,MZ Hydro,MAPPO,1337,123,236160,-554.0620371702644,-559.1718024097847
mz_hydro_mappo,MZ Hydro,MAPPO,1337,124,238080,-557.5150601443149,-559.2242640863909
mz_hydro_mappo,MZ Hydro,MAPPO,1337,125,240000,-557.7999556098148,-559.1668631567404
mz_hydro_mappo,MZ Hydro,MAPPO,1337,126,241920,-564.1348495838515,-559.068803049051
mz_hydro_mappo,MZ Hydro,MAPPO,1337,127,243840,-556.5900010174737,-558.8119781172335
mz_hydro_mappo,MZ Hydro,MAPPO,1337,128,245760,-559.6685766621467,-558.8446062663301
mz_hydro_mappo,MZ Hydro,MAPPO,1337,129,247680,-556.6550747081519,-558.8793817795837
mz_hydro_mappo,MZ Hydro,MAPPO,1337,130,249600,-552.5906967766527,-558.5218098701614
mz_hydro_mappo,MZ Hydro,MAPPO,1337,131,251520,-552.4930004124672,-558.4929685535392
mz_hydro_mappo,MZ Hydro,MAPPO,1337,132,253440,-551.642168996678,-558.1952463714042
mz_hydro_mappo,MZ Hydro,MAPPO,1337,133,255360,-557.9566209433933,-557.9959529891379
mz_hydro_mappo,MZ Hydro,MAPPO,1337,134,257280,-549.9224788449233,-557.745825591413
mz_hydro_mappo,MZ Hydro,MAPPO,1337,135,259200,-552.0086539837221,-557.5980491516533
mz_hydro_mappo,MZ Hydro,MAPPO,1337,136,261120,-553.260731419213,-557.2018483928786
mz_hydro_mappo,MZ Hydro,MAPPO,1337,137,263040,-547.7854240020533,-556.9945732253038
mz_hydro_mappo,MZ Hydro,MAPPO,1337,138,264960,-549.6272088050755,-556.739734457201
mz_hydro_mappo,MZ Hydro,MAPPO,1337,139,266880,-547.4276320131812,-556.4257934725388
mz_hydro_mappo,MZ Hydro,MAPPO,1337,140,268800,-550.4457857042562,-556.1438321615553
mz_hydro_mappo,MZ Hydro,MAPPO,1337,141,270720,-547.7212942502556,-555.7576138493755
mz_hydro_mappo,MZ Hydro,MAPPO,1337,142,272640,-552.3931709129174,-555.5662604898346
mz_hydro_mappo,MZ Hydro,MAPPO,1337,143,274560,-555.0868939626489,-555.6189851617207
mz_hydro_mappo,MZ Hydro,MAPPO,1337,144,276480,-551.7208170620415,-555.3374726947434
mz_hydro_mappo,MZ Hydro,MAPPO,1337,145,278400,-559.6490602174808,-555.1961233142393
mz_hydro_mappo,MZ Hydro,MAPPO,1337,146,280320,-548.3289185160102,-554.8492481839199
mz_hydro_mappo,MZ Hydro,MAPPO,1337,147,282240,-553.7175046495108,-554.766969289778
mz_hydro_mappo,MZ Hydro,MAPPO,1337,148,284160,-549.0199894298826,-554.384689112357
mz_hydro_mappo,MZ Hydro,MAPPO,1337,149,286080,-549.5793351047396,-554.065308245184
mz_hydro_mappo,MZ Hydro,MAPPO,1337,150,288000,-553.1650056067726,-553.5830796976903
mz_hydro_mappo,MZ Hydro,MAPPO,1337,151,289920,-550.803216485434,-553.3073318323537
mz_hydro_mappo,MZ Hydro,MAPPO,1337,152,291840,-553.4487158888815,-553.2073292961402
mz_hydro_mappo,MZ Hydro,MAPPO,1337,153,293760,-556.3244533452635,-553.2827431686402
mz_hydro_mappo,MZ Hydro,MAPPO,1337,154,295680,-552.3049063508543,-553.109071375525
mz_hydro_mappo,MZ Hydro,MAPPO,1337,155,297600,-551.260770922635,-552.8910985526189
mz_hydro_mappo,MZ Hydro,MAPPO,1337,156,299520,-555.2386835964348,-552.5945596863718
mz_hydro_mappo,MZ Hydro,MAPPO,1337,157,301440,-555.6730225301196,-552.5639937367931
mz_hydro_mappo,MZ Hydro,MAPPO,1337,158,303360,-555.6779800505228,-552.4309738497392
mz_hydro_mappo,MZ Hydro,MAPPO,1337,159,305280,-548.939199380241,-552.1737780054755
mz_hydro_mappo,MZ Hydro,MAPPO,1337,160,307200,-553.4559092781165,-552.2026184221909
mz_hydro_mappo,MZ Hydro,MAPPO,1337,161,309120,-548.406669342203,-552.0664073865154
mz_hydro_mappo,MZ Hydro,MAPPO,1337,162,311040,-553.8376900593976,-552.1395914219394
mz_hydro_mappo,MZ Hydro,MAPPO,1337,163,312960,-554.5483063911224,-552.0259809368637
mz_hydro_mappo,MZ Hydro,MAPPO,1337,164,314880,-555.2893865636015,-552.2048778608197
mz_hydro_mappo,MZ Hydro,MAPPO,1337,165,316800,-555.1593063211822,-552.3098996054016
mz_hydro_mappo,MZ Hydro,MAPPO,1337,166,318720,-567.6541956704355,-552.789681747109
mz_hydro_mappo,MZ Hydro,MAPPO,1337,167,320640,-573.5792953936204,-553.6494774601613
mz_hydro_mappo,MZ Hydro,MAPPO,1337,168,322560,-572.3260779698849,-554.4061064323215
mz_hydro_mappo,MZ Hydro,MAPPO,1337,169,324480,-557.5515674812586,-554.7435709479242
mz_hydro_mappo,MZ Hydro,MAPPO,1337,170,326400,-561.2633974587675,-555.1041580064078
mz_hydro_mappo,MZ Hydro,MAPPO,1337,171,328320,-560.4195765397938,-555.5274340827258
mz_hydro_mappo,MZ Hydro,MAPPO,1337,172,330240,-567.946790393948,-556.0458880654268
mz_hydro_mappo,MZ Hydro,MAPPO,1337,173,332160,-552.9403198077165,-555.9743355935957
mz_hydro_mappo,MZ Hydro,MAPPO,1337,174,334080,-548.7392977072195,-555.8749516151017
mz_hydro_mappo,MZ Hydro,MAPPO,1337,175,336000,-559.346534548923,-555.8648674261498
mz_hydro_mappo,MZ Hydro,MAPPO,1337,176,337920,-558.2860715399565,-556.1967725269479
mz_hydro_mappo,MZ Hydro,MAPPO,1337,177,339840,-567.3453595502651,-556.6510343569731
mz_hydro_mappo,MZ Hydro,MAPPO,1337,178,341760,-559.756188157764,-557.0089076479027
mz_hydro_mappo,MZ Hydro,MAPPO,1337,179,343680,-560.112024591012,-557.3599972974449
mz_hydro_mappo,MZ Hydro,MAPPO,1337,180,345600,-555.8675849332403,-557.4500832749939
mz_hydro_mappo,MZ Hydro,MAPPO,1337,181,347520,-548.1832128954829,-557.3627498219954
mz_hydro_mappo,MZ Hydro,MAPPO,1337,182,349440,-552.0826876355686,-557.3172155468851
mz_hydro_mappo,MZ Hydro,MAPPO,1337,183,351360,-549.0803585232027,-557.075745719483
mz_hydro_mappo,MZ Hydro,MAPPO,1337,184,353280,-548.321886509274,-556.9429783914304
mz_hydro_mappo,MZ Hydro,MAPPO,1337,185,355200,-547.3728056281689,-556.8133795482814
mz_hydro_mappo,MZ Hydro,MAPPO,1337,186,357120,-547.2835310145692,-556.5482077955528
mz_hydro_mappo,MZ Hydro,MAPPO,1337,187,359040,-550.7907554110091,-556.3854655582489
mz_hydro_mappo,MZ Hydro,MAPPO,1337,188,360960,-546.0595229610662,-556.0648503219338
mz_hydro_mappo,MZ Hydro,MAPPO,1337,189,362880,-547.7495093432353,-556.025193987367
mz_hydro_mappo,MZ Hydro,MAPPO,1337,190,364800,-551.2189911053702,-555.9506300482753
mz_hydro_mappo,MZ Hydro,MAPPO,1337,191,366720,-546.2490912738856,-555.8787107793315
mz_hydro_mappo,MZ Hydro,MAPPO,1337,192,368640,-552.2194737327554,-555.8247702351099
mz_hydro_mappo,MZ Hydro,MAPPO,1337,193,370560,-545.7228113024757,-555.5305870654884
mz_hydro_mappo,MZ Hydro,MAPPO,1337,194,372480,-549.4185951400159,-555.3348940180355
mz_hydro_mappo,MZ Hydro,MAPPO,1337,195,374400,-544.1530055521707,-554.9680173257351
mz_hydro_mappo,MZ Hydro,MAPPO,1337,196,376320,-547.7328429243003,-554.3039722341974
mz_hydro_mappo,MZ Hydro,MAPPO,1337,197,378240,-554.0233013231118,-553.6521057651805
mz_hydro_mappo,MZ Hydro,MAPPO,1337,198,380160,-553.9051330329667,-553.038074267283
mz_hydro_mappo,MZ Hydro,MAPPO,1337,199,382080,-547.7326134151772,-552.7107757984138
mz_hydro_mappo,MZ Hydro,MAPPO,1337,200,384000,-551.479528216727,-552.3846468236792
mz_hydro_mappo,MZ Hydro,MAPPO,1337,201,385920,-546.0626808913803,-551.9060836353987
mz_hydro_mappo,MZ Hydro,MAPPO,1337,202,387840,-551.1325074678789,-551.3456075378631
mz_hydro_mappo,MZ Hydro,MAPPO,1337,203,389760,-550.4436880866167,-551.2623864804931
mz_hydro_mappo,MZ Hydro,MAPPO,1337,204,391680,-548.7793514173554,-551.2637216041642
mz_hydro_mappo,MZ Hydro,MAPPO,1337,205,393600,-547.5585706797231,-550.8707894751909
mz_hydro_mappo,MZ Hydro,MAPPO,1337,206,395520,-552.3024191862278,-550.6713343967332
mz_hydro_mappo,MZ Hydro,MAPPO,1337,207,397440,-549.2215247666954,-550.0672065706143
mz_hydro_mappo,MZ Hydro,MAPPO,1337,208,399360,-556.5916351885862,-549.9617214716416
mz_hydro_mappo,MZ Hydro,MAPPO,1337,209,401280,-548.2044906242543,-549.5648036727497
mz_hydro_mappo,MZ Hydro,MAPPO,1337,210,403200,-549.1693984442873,-549.3415307897847
mz_hydro_mappo,MZ Hydro,MAPPO,1337,211,405120,-550.5451874447635,-549.4202632747606
mz_hydro_mappo,MZ Hydro,MAPPO,1337,212,407040,-546.6225136053199,-549.2382574737524
mz_hydro_mappo,MZ Hydro,MAPPO,1337,213,408960,-546.0571404097282,-549.1374835366366
mz_hydro_mappo,MZ Hydro,MAPPO,1337,214,410880,-544.8145892335324,-549.0205736274452
mz_hydro_mappo,MZ Hydro,MAPPO,1337,215,412800,-550.7639275555829,-549.1336110250255
mz_hydro_mappo,MZ Hydro,MAPPO,1337,216,414720,-545.6088688550608,-549.077788953042
mz_hydro_mappo,MZ Hydro,MAPPO,1337,217,416640,-545.371452272575,-548.8971455150943
mz_hydro_mappo,MZ Hydro,MAPPO,1337,218,418560,-542.7677050091424,-548.7874182500301
mz_hydro_mappo,MZ Hydro,MAPPO,1337,219,420480,-549.4366379529456,-548.8436558703538
mz_hydro_mappo,MZ Hydro,MAPPO,1337,220,422400,-549.6211728183644,-548.7903952607869
mz_hydro_mappo,MZ Hydro,MAPPO,1337,221,424320,-546.780183974086,-548.8080983507937
mz_hydro_mappo,MZ Hydro,MAPPO,1337,222,426240,-545.5193850045364,-548.5847620598529
mz_hydro_mappo,MZ Hydro,MAPPO,1337,223,428160,-551.4738736170493,-548.7764641370054
mz_hydro_mappo,MZ Hydro,MAPPO,1337,224,430080,-545.9831807338996,-548.6619503234682
mz_hydro_mappo,MZ Hydro,MAPPO,1337,225,432000,-548.7925195803546,-548.8166007910744
mz_hydro_mappo,MZ Hydro,MAPPO,1337,226,433920,-547.6771564633837,-548.8147445757105
mz_hydro_mappo,MZ Hydro,MAPPO,1337,227,435840,-552.4952773459918,-548.7638104431397
mz_hydro_mappo,MZ Hydro,MAPPO,1337,228,437760,-552.6949523107887,-548.7234710857338
mz_hydro_mappo,MZ Hydro,MAPPO,1337,229,439680,-551.7820113328253,-548.8584510163221
mz_hydro_mappo,MZ Hydro,MAPPO,1337,230,441600,-559.8721806486028,-549.1382060973847
mz_hydro_mappo,MZ Hydro,MAPPO,1337,231,443520,-547.0723815451056,-549.1718627858422
mz_hydro_mappo,MZ Hydro,MAPPO,1337,232,445440,-550.5972930996359,-549.1540223069006
mz_hydro_mappo,MZ Hydro,MAPPO,1337,233,447360,-549.0305782097603,-549.1069186443387
mz_hydro_mappo,MZ Hydro,MAPPO,1337,234,449280,-553.2901709725429,-549.2572792961784
mz_hydro_mappo,MZ Hydro,MAPPO,1337,235,451200,-545.7031639419856,-549.1954324049204
mz_hydro_mappo,MZ Hydro,MAPPO,1337,236,453120,-545.5458711508163,-548.9702141370733
mz_hydro_mappo,MZ Hydro,MAPPO,1337,237,455040,-549.557430127863,-548.9814109824457
mz_hydro_mappo,MZ Hydro,MAPPO,1337,238,456960,-547.0453240586139,-548.6632006114467
mz_hydro_mappo,MZ Hydro,MAPPO,1337,239,458880,-551.0494494951854,-548.758032573811
mz_hydro_mappo,MZ Hydro,MAPPO,1337,240,460800,-545.379679521573,-548.6317086097205
mz_hydro_mappo,MZ Hydro,MAPPO,1337,241,462720,-549.0443043620708,-548.5816791736307
mz_hydro_mappo,MZ Hydro,MAPPO,1337,242,464640,-551.5587710730142,-548.7462210892205
mz_hydro_mappo,MZ Hydro,MAPPO,1337,243,466560,-553.3405226672621,-548.9890004978049
mz_hydro_mappo,MZ Hydro,MAPPO,1337,244,468480,-546.5272114137388,-549.046087903812
mz_hydro_mappo,MZ Hydro,MAPPO,1337,245,470400,-547.9536145972797,-548.9524108052018
mz_hydro_mappo,MZ Hydro,MAPPO,1337,246,472320,-550.4932326828512,-549.1152229327948
mz_hydro_mappo,MZ Hydro,MAPPO,1337,247,474240,-547.103394405688,-549.1729543372319
mz_hydro_mappo,MZ Hydro,MAPPO,1337,248,476160,-557.222279847696,-549.6547734985169
mz_hydro_mappo,MZ Hydro,MAPPO,1337,249,478080,-547.0080952813532,-549.5738220761306
mz_hydro_mappo,MZ Hydro,MAPPO,1337,250,480000,-550.8358071229759,-549.6143098862844
mz_hydro_mappo,MZ Hydro,MAPPO,1337,251,481920,-544.2088368010754,-549.5285983138507
mz_hydro_mappo,MZ Hydro,MAPPO,1337,252,483840,-546.8993214015663,-549.5745961937517
mz_hydro_mappo,MZ Hydro,MAPPO,1337,253,485760,-548.3135990102392,-549.469253706858
mz_hydro_mappo,MZ Hydro,MAPPO,1337,254,487680,-553.1895558443277,-549.709466210539
mz_hydro_mappo,MZ Hydro,MAPPO,1337,255,489600,-553.64528809277,-549.8712251609528
mz_hydro_mappo,MZ Hydro,MAPPO,1337,256,491520,-549.050525028506,-549.9170041131234
mz_hydro_mappo,MZ Hydro,MAPPO,1337,257,493440,-549.2730728831648,-549.809597297696
mz_hydro_mappo,MZ Hydro,MAPPO,1337,258,495360,-544.519344255933,-549.5370770292008
mz_hydro_mappo,MZ Hydro,MAPPO,1337,259,497280,-546.5414381969531,-549.362391258005
mz_hydro_mappo,MZ Hydro,MAPPO,1337,260,499200,-549.1747692582503,-549.0058108783265
mz_hydro_mappo,MZ Hydro,MAPPO,1337,261,501120,-548.1803712444707,-549.0427438683055
mz_hydro_mappo,MZ Hydro,MAPPO,1337,262,503040,-545.6103941211404,-548.8765139023557
mz_hydro_mappo,MZ Hydro,MAPPO,1337,263,504960,-543.385188024602,-548.688334229517
mz_hydro_mappo,MZ Hydro,MAPPO,1337,264,506880,-542.375854697626,-548.3245236870197
mz_hydro_mappo,MZ Hydro,MAPPO,1337,265,508800,-545.5827784812282,-548.3205108383278
mz_hydro_mappo,MZ Hydro,MAPPO,1337,266,510720,-547.8127581610624,-548.3960737386694
mz_hydro_mappo,MZ Hydro,MAPPO,1337,267,512640,-543.0570703783942,-548.1793950803536
mz_hydro_mappo,MZ Hydro,MAPPO,1337,268,514560,-545.1272847693199,-548.1154604373772
mz_hydro_mappo,MZ Hydro,MAPPO,1337,269,516480,-545.6385770341076,-547.935098022008
mz_hydro_mappo,MZ Hydro,MAPPO,1337,270,518400,-542.624128821486,-547.8432463320052
mz_hydro_mappo,MZ Hydro,MAPPO,1337,271,520320,-543.6041973924184,-547.6619094330167
mz_hydro_mappo,MZ Hydro,MAPPO,1337,272,522240,-547.5797486523388,-547.5292753523275
mz_hydro_mappo,MZ Hydro,MAPPO,1337,273,524160,-550.9057500541076,-547.4481162652223
mz_hydro_mappo,MZ Hydro,MAPPO,1337,274,526080,-543.3221786435643,-547.3412818395499
mz_hydro_mappo,MZ Hydro,MAPPO,1337,275,528000,-549.5152761228073,-547.3933372237341
mz_hydro_mappo,MZ Hydro,MAPPO,2026,1,1920,-655.9383895003575,-655.9383895003575
mz_hydro_mappo,MZ Hydro,MAPPO,2026,2,3840,-618.1903552867661,-637.0643723935618
mz_hydro_mappo,MZ Hydro,MAPPO,2026,3,5760,-681.506226719699,-651.8783238356076
mz_hydro_mappo,MZ Hydro,MAPPO,2026,4,7680,-722.3861425363557,-669.5052785107946
mz_hydro_mappo,MZ Hydro,MAPPO,2026,5,9600,-655.5577779761684,-666.7157784038693
mz_hydro_mappo,MZ Hydro,MAPPO,2026,6,11520,-652.4688504556325,-664.3412904124965
mz_hydro_mappo,MZ Hydro,MAPPO,2026,7,13440,-658.3558292838316,-663.4862245369729
mz_hydro_mappo,MZ Hydro,MAPPO,2026,8,15360,-653.6636458993635,-662.2584022072717
mz_hydro_mappo,MZ Hydro,MAPPO,2026,9,17280,-662.535592822127,-662.2892011644778
mz_hydro_mappo,MZ Hydro,MAPPO,2026,10,19200,-723.8783110995901,-668.448112157989
mz_hydro_mappo,MZ Hydro,MAPPO,2026,11,21120,-671.6957621243912,-668.7433530640257
mz_hydro_mappo,MZ Hydro,MAPPO,2026,12,23040,-675.797817723309,-669.3312251189659
mz_hydro_mappo,MZ Hydro,MAPPO,2026,13,24960,-634.7964730013555,-666.6747057253035
mz_hydro_mappo,MZ Hydro,MAPPO,2026,14,26880,-618.6110775923844,-663.241589430095
mz_hydro_mappo,MZ Hydro,MAPPO,2026,15,28800,-630.5642560413287,-661.0631005375106
mz_hydro_mappo,MZ Hydro,MAPPO,2026,16,30720,-626.2608547420277,-658.887960175293
mz_hydro_mappo,MZ Hydro,MAPPO,2026,17,32640,-620.4430681548811,-656.6264959387981
mz_hydro_mappo,MZ Hydro,MAPPO,2026,18,34560,-609.9027517336508,-654.0307323718456
mz_hydro_mappo,MZ Hydro,MAPPO,2026,19,36480,-637.2802560411164,-653.1491283544387
mz_hydro_mappo,MZ Hydro,MAPPO,2026,20,38400,-631.3365449982721,-652.0584991866305
mz_hydro_mappo,MZ Hydro,MAPPO,2026,21,40320,-631.3496866997775,-651.0723652586851
mz_hydro_mappo,MZ Hydro,MAPPO,2026,22,42240,-611.452471725957,-649.2714610071974
mz_hydro_mappo,MZ Hydro,MAPPO,2026,23,44160,-606.4089831983074,-647.4078750155065
mz_hydro_mappo,MZ Hydro,MAPPO,2026,24,46080,-607.7608442039254,-645.7559153983574
mz_hydro_mappo,MZ Hydro,MAPPO,2026,25,48000,-597.0778813866618,-643.8087940378896
mz_hydro_mappo,MZ Hydro,MAPPO,2026,26,49920,-595.7334551542317,-641.9597425423642
mz_hydro_mappo,MZ Hydro,MAPPO,2026,27,51840,-595.5550042946761,-640.2410485331906
mz_hydro_mappo,MZ Hydro,MAPPO,2026,28,53760,-598.4400255769451,-638.7481548561817
mz_hydro_mappo,MZ Hydro,MAPPO,2026,29,55680,-617.6760940194308,-638.0215320687074
mz_hydro_mappo,MZ Hydro,MAPPO,2026,30,57600,-596.8458659577627,-636.6490098650094
mz_hydro_mappo,MZ Hydro,MAPPO,2026,31,59520,-610.3728121498964,-635.1301572866607
mz_hydro_mappo,MZ Hydro,MAPPO,2026,32,61440,-611.5661999891563,-634.9093521100737
mz_hydro_mappo,MZ Hydro,MAPPO,2026,33,63360,-623.155671687,-632.9643336089838
mz_hydro_mappo,MZ Hydro,MAPPO,2026,34,65280,-610.718214169287,-629.2420693300814
mz_hydro_mappo,MZ Hydro,MAPPO,2026,35,67200,-617.6870352696001,-627.9797112398626
mz_hydro_mappo,MZ Hydro,MAPPO,2026,36,69120,-598.3980830160272,-626.1773523252091
mz_hydro_mappo,MZ Hydro,MAPPO,2026,37,71040,-600.6150190979529,-624.2526586523464
mz_hydro_mappo,MZ Hydro,MAPPO,2026,38,72960,-599.6603795116866,-622.452549772757
mz_hydro_mappo,MZ Hydro,MAPPO,2026,39,74880,-612.6901412464158,-620.7910347202335
mz_hydro_mappo,MZ Hydro,MAPPO,2026,40,76800,-594.7066953009071,-616.4853141936107
mz_hydro_mappo,MZ Hydro,MAPPO,2026,41,78720,-590.0518211910421,-613.7638494958323
mz_hydro_mappo,MZ Hydro,MAPPO,2026,42,80640,-583.9750180161427,-610.7030895055935
mz_hydro_mappo,MZ Hydro,MAPPO,2026,43,82560,-581.4431551566477,-608.9246455774366
mz_hydro_mappo,MZ Hydro,MAPPO,2026,44,84480,-580.1494793973559,-607.642592304269
mz_hydro_mappo,MZ Hydro,MAPPO,2026,45,86400,-581.7252961445429,-606.0146269743763
mz_hydro_mappo,MZ Hydro,MAPPO,2026,46,88320,-582.0377534041945,-604.5405235964483
mz_hydro_mappo,MZ Hydro,MAPPO,2026,47,90240,-589.9814025619544,-603.5251347433509
mz_hydro_mappo,MZ Hydro,MAPPO,2026,48,92160,-575.9207771331203,-602.3924022566665
mz_hydro_mappo,MZ Hydro,MAPPO,2026,49,94080,-592.2472738621618,-600.8913028507012
mz_hydro_mappo,MZ Hydro,MAPPO,2026,50,96000,-593.7118010654376,-599.6371447196068
mz_hydro_mappo,MZ Hydro,MAPPO,2026,51,97920,-583.5175099537901,-598.0427388280739
mz_hydro_mappo,MZ Hydro,MAPPO,2026,52,99840,-580.7181060170769,-597.0182599711113
mz_hydro_mappo,MZ Hydro,MAPPO,2026,53,101760,-578.7684008875804,-596.0969072274204
mz_hydro_mappo,MZ Hydro,MAPPO,2026,54,103680,-593.5319156764745,-595.6226096098386
mz_hydro_mappo,MZ Hydro,MAPPO,2026,55,105600,-592.2052171955402,-595.4601874701345
mz_hydro_mappo,MZ Hydro,MAPPO,2026,56,107520,-597.4373697926558,-595.5169846247487
mz_hydro_mappo,MZ Hydro,MAPPO,2026,57,109440,-584.0955873346174,-595.1350040594135
mz_hydro_mappo,MZ Hydro,MAPPO,2026,58,111360,-578.5847710104163,-594.4731622405292
mz_hydro_mappo,MZ Hydro,MAPPO,2026,59,113280,-572.4300401910223,-592.9649604462488
mz_hydro_mappo,MZ Hydro,MAPPO,2026,60,115200,-585.5925313199077,-592.5898492916536
mz_hydro_mappo,MZ Hydro,MAPPO,2026,61,117120,-576.656255447635,-591.4659640682452
mz_hydro_mappo,MZ Hydro,MAPPO,2026,62,119040,-589.71664031605,-590.7376454124749
mz_hydro_mappo,MZ Hydro,MAPPO,2026,63,120960,-578.4884357869178,-589.2487375491386
mz_hydro_mappo,MZ Hydro,MAPPO,2026,64,122880,-572.5245692704484,-587.9756160525108
mz_hydro_mappo,MZ Hydro,MAPPO,2026,65,124800,-569.079385631127,-586.3553610645617
mz_hydro_mappo,MZ Hydro,MAPPO,2026,66,126720,-570.2476737878751,-585.41701409029
mz_hydro_mappo,MZ Hydro,MAPPO,2026,67,128640,-574.9178105231549,-584.56044047113
mz_hydro_mappo,MZ Hydro,MAPPO,2026,68,130560,-575.6232035662233,-583.7592012729478
mz_hydro_mappo,MZ Hydro,MAPPO,2026,69,132480,-585.0900464164515,-582.839198111949
mz_hydro_mappo,MZ Hydro,MAPPO,2026,70,134400,-572.4307930042851,-582.096668035395
mz_hydro_mappo,MZ Hydro,MAPPO,2026,71,136320,-579.6981555527691,-581.7515458474525
mz_hydro_mappo,MZ Hydro,MAPPO,2026,72,138240,-580.1674183492341,-581.6246258585556
mz_hydro_mappo,MZ Hydro,MAPPO,2026,73,140160,-581.7574896915812,-581.6351036763866
mz_hydro_mappo,MZ Hydro,MAPPO,2026,74,142080,-579.7096937849997,-581.6204441559748
mz_hydro_mappo,MZ Hydro,MAPPO,2026,75,144000,-581.1785454514477,-581.6022191328716
mz_hydro_mappo,MZ Hydro,MAPPO,2026,76,145920,-585.0073908520467,-581.7012070478
mz_hydro_mappo,MZ Hydro,MAPPO,2026,77,147840,-584.5555686864936,-581.5203459186181
mz_hydro_mappo,MZ Hydro,MAPPO,2026,78,149760,-590.7963548120715,-582.0161985079164
mz_hydro_mappo,MZ Hydro,MAPPO,2026,79,151680,-580.2618189424255,-581.6166833439253
mz_hydro_mappo,MZ Hydro,MAPPO,2026,80,153600,-593.775233539312,-581.6187977597211
mz_hydro_mappo,MZ Hydro,MAPPO,2026,81,155520,-578.3667399774531,-581.4471054271764
mz_hydro_mappo,MZ Hydro,MAPPO,2026,82,157440,-571.7749246533195,-581.1489993817179
mz_hydro_mappo,MZ Hydro,MAPPO,2026,83,159360,-585.0517318788493,-581.3584437480935
mz_hydro_mappo,MZ Hydro,MAPPO,2026,84,161280,-571.8767066910441,-580.6366034485792
mz_hydro_mappo,MZ Hydro,MAPPO,2026,85,163200,-575.8694036164679,-580.0920763292768
mz_hydro_mappo,MZ Hydro,MAPPO,2026,86,165120,-568.7166868802506,-579.1347202321965
mz_hydro_mappo,MZ Hydro,MAPPO,2026,87,167040,-572.9241358289037,-578.7623385153395
mz_hydro_mappo,MZ Hydro,MAPPO,2026,88,168960,-573.7034212873023,-578.5996268579023
mz_hydro_mappo,MZ Hydro,MAPPO,2026,89,170880,-574.2539923596178,-578.6604252635223
mz_hydro_mappo,MZ Hydro,MAPPO,2026,90,172800,-571.3662605875488,-578.1862162391102
mz_hydro_mappo,MZ Hydro,MAPPO,2026,91,174720,-568.1885290043683,-577.9039586910013
mz_hydro_mappo,MZ Hydro,MAPPO,2026,92,176640,-571.1325867566811,-577.2844902390224
mz_hydro_mappo,MZ Hydro,MAPPO,2026,93,178560,-570.7037843952844,-577.0250018593014
mz_hydro_mappo,MZ Hydro,MAPPO,2026,94,180480,-568.1204746115926,-576.878198704006
mz_hydro_mappo,MZ Hydro,MAPPO,2026,95,182400,-567.777541091561,-576.8348038860204
mz_hydro_mappo,MZ Hydro,MAPPO,2026,96,184320,-567.7968189840303,-576.7531087258923
mz_hydro_mappo,MZ Hydro,MAPPO,2026,97,186240,-580.4623718687042,-576.9379274374106
mz_hydro_mappo,MZ Hydro,MAPPO,2026,98,188160,-578.9803773344593,-577.0498332296852
mz_hydro_mappo,MZ Hydro,MAPPO,2026,99,190080,-565.6212800368276,-576.4008743503643
mz_hydro_mappo,MZ Hydro,MAPPO,2026,100,192000,-566.7336501536465,-576.2109695886763
mz_hydro_mappo,MZ Hydro,MAPPO,2026,101,193920,-572.6652801049258,-575.9765404070818
mz_hydro_mappo,MZ Hydro,MAPPO,2026,102,195840,-566.4138178028325,-575.5180870555349
mz_hydro_mappo,MZ Hydro,MAPPO,2026,103,197760,-563.5171158652871,-574.9100745946586
mz_hydro_mappo,MZ Hydro,MAPPO,2026,104,199680,-571.4732432899245,-574.6355262448228
mz_hydro_mappo,MZ Hydro,MAPPO,2026,105,201600,-571.3928441616708,-574.30933620183
mz_hydro_mappo,MZ Hydro,MAPPO,2026,106,203520,-582.2425313068115,-574.2171742169888
mz_hydro_mappo,MZ Hydro,MAPPO,2026,107,205440,-574.6634881984664,-573.8874382007212
mz_hydro_mappo,MZ Hydro,MAPPO,2026,108,207360,-568.1543174421804,-573.132703621725
mz_hydro_mappo,MZ Hydro,MAPPO,2026,109,209280,-567.7104353895006,-572.7143241699608
mz_hydro_mappo,MZ Hydro,MAPPO,2026,110,211200,-567.4409553541549,-571.8365148971222
mz_hydro_mappo,MZ Hydro,MAPPO,2026,111,213120,-577.3632070291351,-571.8030637988451
mz_hydro_mappo,MZ Hydro,MAPPO,2026,112,215040,-572.8942056482942,-571.8403731653442
mz_hydro_mappo,MZ Hydro,MAPPO,2026,113,216960,-565.5890467204263,-571.1916169933968
mz_hydro_mappo,MZ Hydro,MAPPO,2026,114,218880,-571.2108398430457,-571.1694214317969
mz_hydro_mappo,MZ Hydro,MAPPO,2026,115,220800,-570.0099269488419,-570.9741055428759
mz_hydro_mappo,MZ Hydro,MAPPO,2026,116,222720,-573.3277289955913,-571.1278069467206
mz_hydro_mappo,MZ Hydro,MAPPO,2026,117,224640,-578.5951172584296,-571.316839661038
mz_hydro_mappo,MZ Hydro,MAPPO,2026,118,226560,-566.4042067516166,-571.0735325098486
mz_hydro_mappo,MZ Hydro,MAPPO,2026,119,228480,-572.4753001379422,-571.0142427691261
mz_hydro_mappo,MZ Hydro,MAPPO,2026,120,230400,-567.8417171641631,-570.8967579883465
mz_hydro_mappo,MZ Hydro,MAPPO,2026,121,232320,-572.3626337675144,-571.0358948137848
mz_hydro_mappo,MZ Hydro,MAPPO,2026,122,234240,-567.9416188735577,-570.9295292176806
mz_hydro_mappo,MZ Hydro,MAPPO,2026,123,236160,-583.479795316785,-571.3553962483973
mz_hydro_mappo,MZ Hydro,MAPPO,2026,124,238080,-566.8771588138575,-571.3139523884728
mz_hydro_mappo,MZ Hydro,MAPPO,2026,125,240000,-565.0681022805966,-571.2236377614407
mz_hydro_mappo,MZ Hydro,MAPPO,2026,126,241920,-567.0310905783936,-571.1981134812527
mz_hydro_mappo,MZ Hydro,MAPPO,2026,127,243840,-562.3715094621323,-570.5950847343671
mz_hydro_mappo,MZ Hydro,MAPPO,2026,128,245760,-564.6979855854279,-570.1190050093993
mz_hydro_mappo,MZ Hydro,MAPPO,2026,129,247680,-578.6513684509639,-570.5533412898706
mz_hydro_mappo,MZ Hydro,MAPPO,2026,130,249600,-568.6230206538912,-570.6163203065454
mz_hydro_mappo,MZ Hydro,MAPPO,2026,131,251520,-567.9296214415931,-570.4584650177676
mz_hydro_mappo,MZ Hydro,MAPPO,2026,132,253440,-570.1287598251304,-570.5822964185107
mz_hydro_mappo,MZ Hydro,MAPPO,2026,133,255360,-569.6502225382828,-570.7867333076107
mz_hydro_mappo,MZ Hydro,MAPPO,2026,134,257280,-568.5882206326205,-570.6905658857007
mz_hydro_mappo,MZ Hydro,MAPPO,2026,135,259200,-572.0178990117865,-570.711401047371
mz_hydro_mappo,MZ Hydro,MAPPO,2026,136,261120,-563.7307513278665,-570.0943417147396
mz_hydro_mappo,MZ Hydro,MAPPO,2026,137,263040,-568.6090743183554,-569.8925279187359
mz_hydro_mappo,MZ Hydro,MAPPO,2026,138,264960,-572.3682859514738,-570.0329935357124
mz_hydro_mappo,MZ Hydro,MAPPO,2026,139,266880,-570.1588496516388,-570.1146073444503
mz_hydro_mappo,MZ Hydro,MAPPO,2026,140,268800,-567.0935228416693,-570.1030262607009
mz_hydro_mappo,MZ Hydro,MAPPO,2026,141,270720,-568.2949042823104,-569.8007495024732
mz_hydro_mappo,MZ Hydro,MAPPO,2026,142,272640,-569.1762636387093,-569.6768181021539
mz_hydro_mappo,MZ Hydro,MAPPO,2026,143,274560,-563.1205734744908,-569.5945356606226
mz_hydro_mappo,MZ Hydro,MAPPO,2026,144,276480,-570.5919268795951,-569.5739052285077
mz_hydro_mappo,MZ Hydro,MAPPO,2026,145,278400,-566.4886714949498,-569.4565300467112
mz_hydro_mappo,MZ Hydro,MAPPO,2026,146,280320,-564.4362278349248,-569.1601466746889
mz_hydro_mappo,MZ Hydro,MAPPO,2026,147,282240,-565.0863816780857,-568.7098554886776
mz_hydro_mappo,MZ Hydro,MAPPO,2026,148,284160,-563.0185290565978,-568.5969995655101
mz_hydro_mappo,MZ Hydro,MAPPO,2026,149,286080,-565.0881380291776,-568.3507608285513
mz_hydro_mappo,MZ Hydro,MAPPO,2026,150,288000,-566.6063179394514,-568.3095808543943
mz_hydro_mappo,MZ Hydro,MAPPO,2026,151,289920,-565.6785392664951,-568.0867777043604
mz_hydro_mappo,MZ Hydro,MAPPO,2026,152,291840,-560.6708793995713,-567.8444197218942
mz_hydro_mappo,MZ Hydro,MAPPO,2026,153,293760,-566.0980585578163,-567.2650284965952
mz_hydro_mappo,MZ Hydro,MAPPO,2026,154,295680,-563.7239642153363,-567.1599220099779
mz_hydro_mappo,MZ Hydro,MAPPO,2026,155,297600,-560.9027827142891,-567.0210780244342
mz_hydro_mappo,MZ Hydro,MAPPO,2026,156,299520,-560.6291825734097,-566.8076810909348
mz_hydro_mappo,MZ Hydro,MAPPO,2026,157,301440,-560.4333896144617,-566.7430770960125
mz_hydro_mappo,MZ Hydro,MAPPO,2026,158,303360,-563.033595794448,-566.6875974363131
mz_hydro_mappo,MZ Hydro,MAPPO,2026,159,305280,-566.2215266005505,-566.2732693746327
mz_hydro_mappo,MZ Hydro,MAPPO,2026,160,307200,-568.9590442730041,-566.2844701619364
mz_hydro_mappo,MZ Hydro,MAPPO,2026,161,309120,-564.6365571110305,-566.1747013509176
mz_hydro_mappo,MZ Hydro,MAPPO,2026,162,311040,-572.9149426302965,-566.2675741110899
mz_hydro_mappo,MZ Hydro,MAPPO,2026,163,312960,-560.9289112624128,-565.9768637352275
mz_hydro_mappo,MZ Hydro,MAPPO,2026,164,314880,-556.4403558873482,-565.5719349103852
mz_hydro_mappo,MZ Hydro,MAPPO,2026,165,316800,-566.0802082426617,-565.3740118847476
mz_hydro_mappo,MZ Hydro,MAPPO,2026,166,318720,-562.6648702938605,-565.3384825169475
mz_hydro_mappo,MZ Hydro,MAPPO,2026,167,320640,-571.1814291766877,-565.424227678892
mz_hydro_mappo,MZ Hydro,MAPPO,2026,168,322560,-557.9709309461687,-564.9443158453818
mz_hydro_mappo,MZ Hydro,MAPPO,2026,169,324480,-562.239618875085,-564.6803414861631
mz_hydro_mappo,MZ Hydro,MAPPO,2026,170,326400,-564.3272624204294,-564.5881328054552
mz_hydro_mappo,MZ Hydro,MAPPO,2026,171,328320,-562.2472264068106,-564.3865435429385
mz_hydro_mappo,MZ Hydro,MAPPO,2026,172,330240,-565.6459030285132,-564.2688648559321
mz_hydro_mappo,MZ Hydro,MAPPO,2026,173,332160,-555.6696886111413,-564.0205020271536
mz_hydro_mappo,MZ Hydro,MAPPO,2026,174,334080,-560.4944635878546,-563.683919917429
mz_hydro_mappo,MZ Hydro,MAPPO,2026,175,336000,-562.902415574159,-563.5643780534027
mz_air_mappo,MZ Air,MAPPO,42,1,2688,-1047.2072698399425,-1047.2072698399425
mz_air_mappo,MZ Air,MAPPO,42,2,5376,-1055.9000619826838,-1051.5536659113131
mz_air_mappo,MZ Air,MAPPO,42,3,8064,-1093.0763173238374,-1065.394549715488
mz_air_mappo,MZ Air,MAPPO,42,4,10752,-1049.3831355455332,-1061.3916961729992
mz_air_mappo,MZ Air,MAPPO,42,5,13440,-980.4091930566356,-1045.1951955497266
mz_air_mappo,MZ Air,MAPPO,42,6,16128,-959.4294556546956,-1030.9009055672213
mz_air_mappo,MZ Air,MAPPO,42,7,18816,-947.9513886198401,-1019.0509745747383
mz_air_mappo,MZ Air,MAPPO,42,8,21504,-861.6864710999653,-999.3804116403917
mz_air_mappo,MZ Air,MAPPO,42,9,24192,-866.3742784867063,-984.6019524010933
mz_air_mappo,MZ Air,MAPPO,42,10,26880,-825.485134200193,-968.6902705810032
mz_air_mappo,MZ Air,MAPPO,42,11,29568,-817.850149651058,-954.9775323146446
mz_air_mappo,MZ Air,MAPPO,42,12,32256,-796.4942674506456,-941.7705935759781
mz_air_mappo,MZ Air,MAPPO,42,13,34944,-802.1610029488802,-931.0313942969705
mz_air_mappo,MZ Air,MAPPO,42,14,37632,-784.7339802347124,-920.5815790068092
mz_air_mappo,MZ Air,MAPPO,42,15,40320,-781.0227175988257,-911.2776549129436
mz_air_mappo,MZ Air,MAPPO,42,16,43008,-795.1452608569525,-904.0193802844442
mz_air_mappo,MZ Air,MAPPO,42,17,45696,-792.0671628927812,-897.4339557319935
mz_air_mappo,MZ Air,MAPPO,42,18,48384,-776.0038789417595,-890.6878403547582
mz_air_mappo,MZ Air,MAPPO,42,19,51072,-762.068705055397,-883.9184121811077
mz_air_mappo,MZ Air,MAPPO,42,20,53760,-759.239271024242,-877.6844551232643
mz_air_mappo,MZ Air,MAPPO,42,21,56448,-759.5151693094522,-872.0573462749876
mz_air_mappo,MZ Air,MAPPO,42,22,59136,-756.7459910698235,-866.8159210383892
mz_air_mappo,MZ Air,MAPPO,42,23,61824,-743.4253903431818,-861.4511153559889
mz_air_mappo,MZ Air,MAPPO,42,24,64512,-739.7355006989092,-856.3796314119439
mz_air_mappo,MZ Air,MAPPO,42,25,67200,-726.1222347412258,-851.1693355451151
mz_air_mappo,MZ Air,MAPPO,42,26,69888,-745.648518721573,-847.1108425903635
mz_air_mappo,MZ Air,MAPPO,42,27,72576,-731.810959033668,-842.8404765327082
mz_air_mappo,MZ Air,MAPPO,42,28,75264,-718.9286308465526,-838.4150534724884
mz_air_mappo,MZ Air,MAPPO,42,29,77952,-710.0555521845818,-833.9888637729053
mz_air_mappo,MZ Air,MAPPO,42,30,80640,-722.8369008107111,-830.2837983408322
mz_air_mappo,MZ Air,MAPPO,42,31,83328,-714.8165939231403,-819.2041091436055
mz_air_mappo,MZ Air,MAPPO,42,32,86016,-703.3085268530995,-807.4510579726193
mz_air_mappo,MZ Air,MAPPO,42,33,88704,-694.9298565639183,-794.179509280622
mz_air_mappo,MZ Air,MAPPO,42,34,91392,-690.3042268445715,-782.2102123239233
mz_air_mappo,MZ Air,MAPPO,42,35,94080,-690.1352452235296,-772.5344140628198
mz_air_mappo,MZ Air,MAPPO,42,36,96768,-690.0132979704067,-763.5538754733435
mz_air_mappo,MZ Air,MAPPO,42,37,99456,-689.6056151585653,-754.9423496913009
mz_air_mappo,MZ Air,MAPPO,42,38,102144,-680.7213318869472,-748.9101783842003
mz_air_mappo,MZ Air,MAPPO,42,39,104832,-690.7903949795291,-743.0573822672944
mz_air_mappo,MZ Air,MAPPO,42,40,107520,-672.0955884477589,-737.94439740888
mz_air_mappo,MZ Air,MAPPO,42,41,110208,-667.6819844804704,-732.9387919031938
mz_air_mappo,MZ Air,MAPPO,42,42,112896,-670.4461860349402,-728.7371891893368
mz_air_mappo,MZ Air,MAPPO,42,43,115584,-665.6561615527608,-724.1870278094663
mz_air_mappo,MZ Air,MAPPO,42,44,118272,-665.2146601337008,-720.2030504727659
mz_air_mappo,MZ Air,MAPPO,42,45,120960,-672.742100244388,-716.5936965609512
mz_air_mappo,MZ Air,MAPPO,42,46,123648,-669.2616928173229,-712.397577626297
mz_air_mappo,MZ Air,MAPPO,42,47,126336,-678.386576179415,-708.6082247358514
mz_air_mappo,MZ Air,MAPPO,42,48,129024,-685.0570160192437,-705.5766626384342
mz_air_mappo,MZ Air,MAPPO,42,49,131712,-680.9410460852087,-702.8724073394279
mz_air_mappo,MZ Air,MAPPO,42,50,134400,-673.2616363214329,-700.0064861826676
mz_air_mappo,MZ Air,MAPPO,42,51,137088,-656.5030478332192,-696.5727488001265
mz_air_mappo,MZ Air,MAPPO,42,52,139776,-669.6598900957033,-693.6698787676559
mz_air_mappo,MZ Air,MAPPO,42,53,142464,-659.2674481947906,-690.8646140293762
mz_air_mappo,MZ Air,MAPPO,42,54,145152,-664.0224442528561,-688.3408454811744
mz_air_mappo,MZ Air,MAPPO,42,55,147840,-659.7200751388445,-686.127440161095
mz_air_mappo,MZ Air,MAPPO,42,56,150528,-661.4422250553034,-683.3205637055527
mz_air_mappo,MZ Air,MAPPO,42,57,153216,-673.4393625077792,-681.3748438213564
mz_air_mappo,MZ Air,MAPPO,42,58,155904,-668.1880640764721,-679.6834915956871
mz_air_mappo,MZ Air,MAPPO,42,59,158592,-664.1461293138564,-678.1531774999962
mz_air_mappo,MZ Air,MAPPO,42,60,161280,-664.7596277319826,-676.2172683973719
mz_air_mappo,MZ Air,MAPPO,42,61,163968,-663.4113782574423,-674.5037612085154
mz_air_mappo,MZ Air,MAPPO,42,62,166656,-661.6197368744761,-673.1141348758945
mz_air_mappo,MZ Air,MAPPO,42,63,169344,-659.7909562676214,-671.9428381993513
mz_air_mappo,MZ Air,MAPPO,42,64,172032,-659.0899794711731,-670.9023632869047
mz_air_mappo,MZ Air,MAPPO,42,65,174720,-659.6114169200882,-669.8849023434566
mz_air_mappo,MZ Air,MAPPO,42,66,177408,-665.0300552593544,-669.0521275864215
mz_air_mappo,MZ Air,MAPPO,42,67,180096,-679.8609634167515,-668.7273058616944
mz_air_mappo,MZ Air,MAPPO,42,68,182784,-668.3233506744727,-668.3140398212786
mz_air_mappo,MZ Air,MAPPO,42,69,185472,-682.877216281835,-668.0502671980222
mz_air_mappo,MZ Air,MAPPO,42,70,188160,-668.4703635806218,-667.9294263691176
mz_air_mappo,MZ Air,MAPPO,42,71,190848,-666.0713190909009,-667.8757375227985
mz_air_mappo,MZ Air,MAPPO,42,72,193536,-658.483711113222,-667.4769883587413
mz_air_mappo,MZ Air,MAPPO,42,73,196224,-661.6717134052888,-667.3441734204922
mz_air_mappo,MZ Air,MAPPO,42,74,198912,-661.4139930144884,-667.2174845165185
mz_air_mappo,MZ Air,MAPPO,42,75,201600,-661.206582415849,-666.8329672555672
mz_air_mappo,MZ Air,MAPPO,42,76,204288,-665.2031861785799,-666.6976837009424
mz_air_mappo,MZ Air,MAPPO,42,77,206976,-678.3061497965828,-666.6950028215147
mz_air_mappo,MZ Air,MAPPO,42,78,209664,-670.7533525619656,-666.2182140396054
mz_air_mappo,MZ Air,MAPPO,42,79,212352,-687.7933329101652,-666.4466236004373
mz_air_mappo,MZ Air,MAPPO,42,80,215040,-687.6734561016783,-666.9270175931122
mz_air_mappo,MZ Air,MAPPO,42,81,217728,-661.4215767346323,-667.0909685564926
mz_air_mappo,MZ Air,MAPPO,42,82,220416,-656.818215300329,-666.6629127299801
mz_air_mappo,MZ Air,MAPPO,42,83,223104,-657.1467570750974,-666.5922230259904
mz_air_mappo,MZ Air,MAPPO,42,84,225792,-657.6250924016349,-666.378977964283
mz_air_mappo,MZ Air,MAPPO,42,85,228480,-668.3938582194969,-666.6681040669714
mz_air_mappo,MZ Air,MAPPO,42,86,231168,-661.015387855703,-666.6538761603181
mz_air_mappo,MZ Air,MAPPO,42,87,233856,-658.6698842025362,-666.1615602168099
mz_air_mappo,MZ Air,MAPPO,42,88,236544,-665.3407212989405,-666.0666487908923
mz_air_mappo,MZ Air,MAPPO,42,89,239232,-676.060868287459,-666.463806756679
mz_air_mappo,MZ Air,MAPPO,42,90,241920,-672.2261764872819,-666.712691715189
mz_air_mappo,MZ Air,MAPPO,42,91,244608,-657.2091790093109,-666.5059517402512
mz_air_mappo,MZ Air,MAPPO,42,92,247296,-652.3290447457694,-666.1962620026277
mz_air_mappo,MZ Air,MAPPO,42,93,249984,-651.6126157357357,-665.9236506515648
mz_air_mappo,MZ Air,MAPPO,42,94,252672,-649.4334941147827,-665.6017678063519
mz_air_mappo,MZ Air,MAPPO,42,95,255360,-650.5064643546939,-665.2982693875053
mz_air_mappo,MZ Air,MAPPO,42,96,258048,-645.3938990058377,-664.6437308457214
mz_air_mappo,MZ Air,MAPPO,42,97,260736,-654.3387106722221,-663.7929890875705
mz_air_mappo,MZ Air,MAPPO,42,98,263424,-663.4158939667977,-663.6294071973147
mz_air_mappo,MZ Air,MAPPO,42,99,266112,-691.5596498684026,-663.9188216502002
mz_air_mappo,MZ Air,MAPPO,42,100,268800,-711.9860482907388,-665.3693444738708
mz_air_mappo,MZ Air,MAPPO,42,101,271488,-681.8676349504385,-665.8958883358554
mz_air_mappo,MZ Air,MAPPO,42,102,274176,-681.2561490258668,-666.6549695996102
mz_air_mappo,MZ Air,MAPPO,42,103,276864,-738.4868921583984,-669.2154755580472
mz_air_mappo,MZ Air,MAPPO,42,104,279552,-729.6732992036268,-671.4907857643518
mz_air_mappo,MZ Air,MAPPO,42,105,282240,-711.5859482642263,-673.1700979592977
mz_air_mappo,MZ Air,MAPPO,42,106,284928,-697.9587641442195,-674.2619505581523
mz_air_mappo,MZ Air,MAPPO,42,107,287616,-749.055916829966,-676.6202761259318
mz_air_mappo,MZ Air,MAPPO,42,108,290304,-738.8899747054093,-678.8914968640466
mz_air_mappo,MZ Air,MAPPO,42,109,292992,-758.0227185119875,-681.2324763841074
mz_air_mappo,MZ Air,MAPPO,42,110,295680,-746.9498167582788,-683.2083550726607
mz_air_mappo,MZ Air,MAPPO,42,111,298368,-735.7919588922523,-685.687367811248
mz_air_mappo,MZ Air,MAPPO,42,112,301056,-756.3601600693073,-689.0054326368806
mz_air_mappo,MZ Air,MAPPO,42,113,303744,-728.0544841219671,-691.369023538443
mz_air_mappo,MZ Air,MAPPO,42,114,306432,-740.0005375719629,-694.1148717107873
mz_air_mappo,MZ Air,MAPPO,42,115,309120,-738.0202504941262,-696.4357514532749
mz_air_mappo,MZ Air,MAPPO,42,116,311808,-764.7750899598468,-699.8944081900796
mz_air_mappo,MZ Air,MAPPO,42,117,314496,-726.6351907323115,-702.1599184077388
mz_air_mappo,MZ Air,MAPPO,42,118,317184,-728.2319879266433,-704.2562939619955
mz_air_mappo,MZ Air,MAPPO,42,119,319872,-711.6854180032387,-705.4437789525216
mz_air_mappo,MZ Air,MAPPO,42,120,322560,-688.9103363438044,-705.9999176144057
mz_air_mappo,MZ Air,MAPPO,42,121,325248,-683.2274151484016,-706.8671921523753
mz_air_mappo,MZ Air,MAPPO,42,122,327936,-697.9180979980156,-708.3868272607835
mz_air_mappo,MZ Air,MAPPO,42,123,330624,-681.5482229979243,-709.3846808361899
mz_air_mappo,MZ Air,MAPPO,42,124,333312,-702.746665771585,-711.1617865580832
mz_air_mappo,MZ Air,MAPPO,42,125,336000,-715.7169909272343,-713.335470777168
mz_air_mappo,MZ Air,MAPPO,42,126,338688,-724.0964036050718,-715.9588875971424
mz_air_mappo,MZ Air,MAPPO,42,127,341376,-724.113128697034,-718.2847015313029
mz_air_mappo,MZ Air,MAPPO,42,128,344064,-775.4145024926402,-722.0179884821642
mz_air_mappo,MZ Air,MAPPO,42,129,346752,-762.5473684186582,-724.3842457671727
mz_air_mappo,MZ Air,MAPPO,42,130,349440,-761.2391603968572,-726.02601617071
mz_air_mappo,MZ Air,MAPPO,42,131,352128,-726.28652896313,-727.506645971133
mz_air_mappo,MZ Air,MAPPO,42,132,354816,-725.8561642494751,-728.9933131452533
mz_air_mappo,MZ Air,MAPPO,42,133,357504,-761.2254361053929,-729.7512646101532
mz_air_mappo,MZ Air,MAPPO,42,134,360192,-719.609776483383,-729.4158138528117
mz_air_mappo,MZ Air,MAPPO,42,135,362880,-771.274885836523,-731.4054451052216
mz_air_mappo,MZ Air,MAPPO,42,136,365568,-726.6604542471468,-732.3621681086526
mz_air_mappo,MZ Air,MAPPO,42,137,368256,-694.6050648021046,-730.5471397077238
mz_air_mappo,MZ Air,MAPPO,42,138,370944,-703.5805553188547,-729.3701590615053
mz_air_mappo,MZ Air,MAPPO,42,139,373632,-700.4262427520007,-727.4502765361724
mz_air_mappo,MZ Air,MAPPO,42,140,376320,-711.238512996817,-726.2598997441237
mz_air_mappo,MZ Air,MAPPO,42,141,379008,-684.8174623984378,-724.5607498609966
mz_air_mappo,MZ Air,MAPPO,42,142,381696,-709.7257060837001,-723.0062680614762
mz_air_mappo,MZ Air,MAPPO,42,143,384384,-707.4140487827826,-722.3182535501702
mz_air_mappo,MZ Air,MAPPO,42,144,387072,-692.5741352809127,-720.7373734738018
mz_air_mappo,MZ Air,MAPPO,42,145,389760,-683.9991825707257,-718.9366712096885
mz_air_mappo,MZ Air,MAPPO,42,146,392448,-684.7841323358007,-716.2703059555536
mz_air_mappo,MZ Air,MAPPO,42,147,395136,-690.1928860093467,-715.0555624647881
mz_air_mappo,MZ Air,MAPPO,42,148,397824,-710.2053563628579,-714.4546747459952
mz_air_mappo,MZ Air,MAPPO,42,149,400512,-725.6250864031026,-714.919330359324
mz_air_mappo,MZ Air,MAPPO,42,150,403200,-730.0301484062802,-716.2899907614066
mz_air_mappo,MZ Air,MAPPO,42,151,405888,-703.8401521908818,-716.9770819961559
mz_air_mappo,MZ Air,MAPPO,42,152,408576,-696.6704161581583,-716.935492601494
mz_air_mappo,MZ Air,MAPPO,42,153,411264,-710.7884733341634,-717.9101676127019
mz_air_mappo,MZ Air,MAPPO,42,154,413952,-694.7896934170276,-717.6449352008834
mz_air_mappo,MZ Air,MAPPO,42,155,416640,-689.2768625519238,-716.763597588373
mz_air_mappo,MZ Air,MAPPO,42,156,419328,-696.1570801684866,-715.8322868071535
mz_air_mappo,MZ Air,MAPPO,42,157,422016,-722.4219452110119,-715.7759140242862
mz_air_mappo,MZ Air,MAPPO,42,158,424704,-719.4590133395977,-713.910731052518
mz_air_mappo,MZ Air,MAPPO,42,159,427392,-710.2689371184679,-712.168116675845
mz_air_mappo,MZ Air,MAPPO,42,160,430080,-727.901934339432,-711.0568758072642
mz_air_mappo,MZ Air,MAPPO,42,161,432768,-784.816332637798,-713.0078692630865
mz_air_mappo,MZ Air,MAPPO,42,162,435456,-736.7185695256339,-713.3699494389584
mz_air_mappo,MZ Air,MAPPO,42,163,438144,-777.8167131463997,-713.922992006992
mz_air_mappo,MZ Air,MAPPO,42,164,440832,-766.4267818871886,-715.4835588537856
mz_air_mappo,MZ Air,MAPPO,42,165,443520,-762.8015983935911,-715.2011159390211
mz_air_mappo,MZ Air,MAPPO,42,166,446208,-723.5842436032835,-715.0985755842256
mz_air_mappo,MZ Air,MAPPO,42,167,448896,-738.1109184517991,-716.5487707058821
mz_air_mappo,MZ Air,MAPPO,42,168,451584,-745.2112147073494,-717.9364593521653
mz_air_mappo,MZ Air,MAPPO,42,169,454272,-727.3444562236546,-718.8337331345538
mz_air_mappo,MZ Air,MAPPO,42,170,456960,-731.8561078689527,-719.5209862969583
mz_air_mappo,MZ Air,MAPPO,42,171,459648,-736.603147544316,-721.2471758018208
mz_air_mappo,MZ Air,MAPPO,42,172,462336,-758.6922237310791,-722.8793930567335
mz_air_mappo,MZ Air,MAPPO,42,173,465024,-735.7657147056889,-723.824448587497
mz_air_mappo,MZ Air,MAPPO,42,174,467712,-727.2756997754332,-724.9811674039811
mz_air_mappo,MZ Air,MAPPO,42,175,470400,-730.9791640932672,-726.5471667880659
mz_air_mappo,MZ Air,MAPPO,1337,1,2688,-1036.5901087056845,-1036.5901087056845
mz_air_mappo,MZ Air,MAPPO,1337,2,5376,-948.4144695708528,-992.5022891382687
mz_air_mappo,MZ Air,MAPPO,1337,3,8064,-975.8608257910237,-986.955134689187
mz_air_mappo,MZ Air,MAPPO,1337,4,10752,-959.9343336545862,-980.1999344305368
mz_air_mappo,MZ Air,MAPPO,1337,5,13440,-912.1375249493867,-966.5874525343067
mz_air_mappo,MZ Air,MAPPO,1337,6,16128,-940.2615963732824,-962.1998098408027
mz_air_mappo,MZ Air,MAPPO,1337,7,18816,-928.7096596304327,-957.4155026678927
mz_air_mappo,MZ Air,MAPPO,1337,8,21504,-895.2847219109535,-949.6491550732753
mz_air_mappo,MZ Air,MAPPO,1337,9,24192,-858.998439559713,-939.5768533495461
mz_air_mappo,MZ Air,MAPPO,1337,10,26880,-829.2072768844664,-928.5398957030382
mz_air_mappo,MZ Air,MAPPO,1337,11,29568,-804.720376313664,-917.2835757585497
mz_air_mappo,MZ Air,MAPPO,1337,12,32256,-794.5290207061917,-907.0540295041865
mz_air_mappo,MZ Air,MAPPO,1337,13,34944,-797.6448261383921,-898.6379369375869
mz_air_mappo,MZ Air,MAPPO,1337,14,37632,-783.3261668747291,-890.401381933097
mz_air_mappo,MZ Air,MAPPO,1337,15,40320,-801.6012802654877,-884.4813751552564
mz_air_mappo,MZ Air,MAPPO,1337,16,43008,-818.1868662796915,-880.3379683505336
mz_air_mappo,MZ Air,MAPPO,1337,17,45696,-819.5679062800482,-876.7632588169756
mz_air_mappo,MZ Air,MAPPO,1337,18,48384,-816.2502865281422,-873.4014270231515
mz_air_mappo,MZ Air,MAPPO,1337,19,51072,-784.5150621184148,-868.7231972913233
mz_air_mappo,MZ Air,MAPPO,1337,20,53760,-786.1350905662403,-864.5937919550692
mz_air_mappo,MZ Air,MAPPO,1337,21,56448,-755.3717507030815,-859.3927423716411
mz_air_mappo,MZ Air,MAPPO,1337,22,59136,-751.6675720741041,-854.4961437217531
mz_air_mappo,MZ Air,MAPPO,1337,23,61824,-739.392018801067,-849.4916165512885
mz_air_mappo,MZ Air,MAPPO,1337,24,64512,-729.8610130287707,-844.5070080711836
mz_air_mappo,MZ Air,MAPPO,1337,25,67200,-737.4710428547114,-840.2255694625247
mz_air_mappo,MZ Air,MAPPO,1337,26,69888,-727.5244992626831,-835.8909129163769
mz_air_mappo,MZ Air,MAPPO,1337,27,72576,-720.7386787049472,-831.6260153529906
mz_air_mappo,MZ Air,MAPPO,1337,28,75264,-726.6601833892055,-827.8772356399984
mz_air_mappo,MZ Air,MAPPO,1337,29,77952,-721.4448043829761,-824.2071518035493
mz_air_mappo,MZ Air,MAPPO,1337,30,80640,-724.8604253530502,-820.8955942551994
mz_air_mappo,MZ Air,MAPPO,1337,31,83328,-690.3571986891329,-809.3544972546476
mz_air_mappo,MZ Air,MAPPO,1337,32,86016,-675.5940336408094,-800.2604827236462
mz_air_mappo,MZ Air,MAPPO,1337,33,88704,-678.4597801724449,-790.3471145363602
mz_air_mappo,MZ Air,MAPPO,1337,34,91392,-675.2216846942902,-780.8566929043503
mz_air_mappo,MZ Air,MAPPO,1337,35,94080,-667.6349894739687,-772.7066083885031
mz_air_mappo,MZ Air,MAPPO,1337,36,96768,-679.6032988475636,-764.0179984709791
mz_air_mappo,MZ Air,MAPPO,1337,37,99456,-668.9658099757507,-755.3598701491563
mz_air_mappo,MZ Air,MAPPO,1337,38,102144,-668.1520301001146,-747.7887804221284
mz_air_mappo,MZ Air,MAPPO,1337,39,104832,-663.1586973681115,-741.2607890157417
mz_air_mappo,MZ Air,MAPPO,1337,40,107520,-658.4015792221762,-735.567265760332
mz_air_mappo,MZ Air,MAPPO,1337,41,110208,-661.8238926497288,-730.8040496382008
mz_air_mappo,MZ Air,MAPPO,1337,42,112896,-672.6014002957381,-726.739795624519
mz_air_mappo,MZ Air,MAPPO,1337,43,115584,-667.0175502067432,-722.3855530934641
mz_air_mappo,MZ Air,MAPPO,1337,44,118272,-666.4258811371401,-718.4888769022111
mz_air_mappo,MZ Air,MAPPO,1337,45,120960,-660.6818545577116,-713.791562711952
mz_air_mappo,MZ Air,MAPPO,1337,46,123648,-661.5653007142246,-708.5708438597698
mz_air_mappo,MZ Air,MAPPO,1337,47,126336,-673.6775787032675,-703.7078329405437
mz_air_mappo,MZ Air,MAPPO,1337,48,129024,-669.6072773244232,-698.819732633753
mz_air_mappo,MZ Air,MAPPO,1337,49,131712,-680.1791617865674,-695.3418692893581
mz_air_mappo,MZ Air,MAPPO,1337,50,134400,-668.614808938466,-691.4245265684324
mz_air_mappo,MZ Air,MAPPO,1337,51,137088,-670.2828636276536,-688.5882303325848
mz_air_mappo,MZ Air,MAPPO,1337,52,139776,-668.5484621427022,-685.8175933348714
mz_air_mappo,MZ Air,MAPPO,1337,53,142464,-655.9641073071398,-683.0366629517405
mz_air_mappo,MZ Air,MAPPO,1337,54,145152,-661.6106382980943,-680.7616504607179
mz_air_mappo,MZ Air,MAPPO,1337,55,147840,-659.2261555544101,-678.1534875507078
mz_air_mappo,MZ Air,MAPPO,1337,56,150528,-667.8533657547086,-676.1644497671087
mz_air_mappo,MZ Air,MAPPO,1337,57,153216,-659.0615044273436,-674.1085439578552
mz_air_mappo,MZ Air,MAPPO,1337,58,155904,-666.7959065064788,-672.1130680617644
mz_air_mappo,MZ Air,MAPPO,1337,59,158592,-687.7679837984033,-670.990507375612
mz_air_mappo,MZ Air,MAPPO,1337,60,161280,-688.9040868035518,-669.7919627572953
mz_air_mappo,MZ Air,MAPPO,1337,61,163968,-672.140793075785,-669.1847492368504
mz_air_mappo,MZ Air,MAPPO,1337,62,166656,-688.1460403776728,-669.6031494614125
mz_air_mappo,MZ Air,MAPPO,1337,63,169344,-691.2074798641261,-670.0280727844686
mz_air_mappo,MZ Air,MAPPO,1337,64,172032,-699.7297415477224,-670.8450080129163
mz_air_mappo,MZ Air,MAPPO,1337,65,174720,-701.7462996523827,-671.9820516855301
mz_air_mappo,MZ Air,MAPPO,1337,66,177408,-681.9062624778599,-672.0588171398733
mz_air_mappo,MZ Air,MAPPO,1337,67,180096,-695.0150571437553,-672.9271253788067
mz_air_mappo,MZ Air,MAPPO,1337,68,182784,-685.3908044379205,-673.501751190067
mz_air_mappo,MZ Air,MAPPO,1337,69,185472,-674.9852529857308,-673.8959697106543
mz_air_mappo,MZ Air,MAPPO,1337,70,188160,-666.0070740422234,-674.1494862046559
mz_air_mappo,MZ Air,MAPPO,1337,71,190848,-658.2004415811971,-674.0287045023714
mz_air_mappo,MZ Air,MAPPO,1337,72,193536,-655.4326119590551,-673.4564115578154
mz_air_mappo,MZ Air,MAPPO,1337,73,196224,-655.1750654517673,-673.0616620659828
mz_air_mappo,MZ Air,MAPPO,1337,74,198912,-674.921913949307,-673.3448631597217
mz_air_mappo,MZ Air,MAPPO,1337,75,201600,-652.8341343342327,-673.0832724856058
mz_air_mappo,MZ Air,MAPPO,1337,76,204288,-655.2680059596896,-672.8733626604546
mz_air_mappo,MZ Air,MAPPO,1337,77,206976,-657.0112530970946,-672.3178184735822
mz_air_mappo,MZ Air,MAPPO,1337,78,209664,-649.4970712070353,-671.6474782696693
mz_air_mappo,MZ Air,MAPPO,1337,79,212352,-648.3855962161906,-670.5876927506566
mz_air_mappo,MZ Air,MAPPO,1337,80,215040,-652.9886341430247,-670.0668202574753
mz_air_mappo,MZ Air,MAPPO,1337,81,217728,-653.4473502226174,-669.5056364773075
mz_air_mappo,MZ Air,MAPPO,1337,82,220416,-652.9071432808414,-668.9842591819121
mz_air_mappo,MZ Air,MAPPO,1337,83,223104,-646.9389867722057,-668.6834218307475
mz_air_mappo,MZ Air,MAPPO,1337,84,225792,-644.1820104173385,-668.1024675680558
mz_air_mappo,MZ Air,MAPPO,1337,85,228480,-653.7666028621607,-667.920482478314
mz_air_mappo,MZ Air,MAPPO,1337,86,231168,-658.9332558177412,-667.6231454804151
mz_air_mappo,MZ Air,MAPPO,1337,87,233856,-645.8053712407127,-667.1812743741941
mz_air_mappo,MZ Air,MAPPO,1337,88,236544,-662.7220688965172,-667.0454797871954
mz_air_mappo,MZ Air,MAPPO,1337,89,239232,-674.6956708049402,-666.6097360207466
mz_air_mappo,MZ Air,MAPPO,1337,90,241920,-653.4451853544451,-665.4277726391098
mz_air_mappo,MZ Air,MAPPO,1337,91,244608,-671.1175726996735,-665.3936652932393
mz_air_mappo,MZ Air,MAPPO,1337,92,247296,-653.6324571464211,-664.2432125188643
mz_air_mappo,MZ Air,MAPPO,1337,93,249984,-655.5347968232818,-663.0541230841695
mz_air_mappo,MZ Air,MAPPO,1337,94,252672,-661.3902001506649,-661.7761383709343
mz_air_mappo,MZ Air,MAPPO,1337,95,255360,-652.723296161741,-660.1420382545796
mz_air_mappo,MZ Air,MAPPO,1337,96,258048,-661.1155081437901,-659.4490131101105
mz_air_mappo,MZ Air,MAPPO,1337,97,260736,-673.6404116852209,-658.7365249281594
mz_air_mappo,MZ Air,MAPPO,1337,98,263424,-681.0791064091027,-658.5928016605321
mz_air_mappo,MZ Air,MAPPO,1337,99,266112,-681.3180994470604,-658.8038965425765
mz_air_mappo,MZ Air,MAPPO,1337,100,268800,-689.9941257047467,-659.6034649313273
mz_air_mappo,MZ Air,MAPPO,1337,101,271488,-684.3503080108203,-660.475127145648
mz_air_mappo,MZ Air,MAPPO,1337,102,274176,-688.8569894912653,-661.5892730633883
mz_air_mappo,MZ Air,MAPPO,1337,103,276864,-729.8449083254673,-664.078267825845
mz_air_mappo,MZ Air,MAPPO,1337,104,279552,-738.1071771755815,-666.1844432667208
mz_air_mappo,MZ Air,MAPPO,1337,105,282240,-695.5575186540373,-667.608556077381
mz_air_mappo,MZ Air,MAPPO,1337,106,284928,-763.9100093059242,-671.2299561889221
mz_air_mappo,MZ Air,MAPPO,1337,107,287616,-727.2053869839292,-673.5697606518166
mz_air_mappo,MZ Air,MAPPO,1337,108,290304,-722.3526286175475,-675.998279232167
mz_air_mappo,MZ Air,MAPPO,1337,109,292992,-672.8517015944235,-676.8138160781081
mz_air_mappo,MZ Air,MAPPO,1337,110,295680,-712.9522358574905,-678.8126028019236
mz_air_mappo,MZ Air,MAPPO,1337,111,298368,-667.9677204224281,-679.2966151419173
mz_air_mappo,MZ Air,MAPPO,1337,112,301056,-685.4554499373771,-680.3815586971352
mz_air_mappo,MZ Air,MAPPO,1337,113,303744,-672.8009505169466,-681.2436241552932
mz_air_mappo,MZ Air,MAPPO,1337,114,306432,-688.4405377944931,-682.7189084011984
mz_air_mappo,MZ Air,MAPPO,1337,115,309120,-673.533388751559,-683.3778012641783
mz_air_mappo,MZ Air,MAPPO,1337,116,311808,-661.8890040663537,-683.4763262057987
mz_air_mappo,MZ Air,MAPPO,1337,117,314496,-710.3188024882693,-685.6267739140507
mz_air_mappo,MZ Air,MAPPO,1337,118,317184,-722.7292416136479,-687.6270130046216
mz_air_mappo,MZ Air,MAPPO,1337,119,319872,-724.9502039286308,-689.3021641087447
mz_air_mappo,MZ Air,MAPPO,1337,120,322560,-707.5589719496202,-691.1059569952505
mz_air_mappo,MZ Air,MAPPO,1337,121,325248,-711.2286053844728,-692.4429914180771
mz_air_mappo,MZ Air,MAPPO,1337,122,327936,-721.1772796902806,-694.6944855028725
mz_air_mappo,MZ Air,MAPPO,1337,123,330624,-663.0856987219304,-694.9461822328274
mz_air_mappo,MZ Air,MAPPO,1337,124,333312,-662.8982635005377,-694.9964510111565
mz_air_mappo,MZ Air,MAPPO,1337,125,336000,-657.3059006643016,-695.1492044945752
mz_air_mappo,MZ Air,MAPPO,1337,126,338688,-669.7215796706732,-695.4360735454713
mz_air_mappo,MZ Air,MAPPO,1337,127,341376,-662.6289522943553,-695.0690248991091
mz_air_mappo,MZ Air,MAPPO,1337,128,344064,-675.6614973144606,-694.8884379292878
mz_air_mappo,MZ Air,MAPPO,1337,129,346752,-656.2748477561399,-694.0536628729237
mz_air_mappo,MZ Air,MAPPO,1337,130,349440,-668.4659178245347,-693.3360559435833
mz_air_mappo,MZ Air,MAPPO,1337,131,352128,-665.1792684225366,-692.6970212906405
mz_air_mappo,MZ Air,MAPPO,1337,132,354816,-670.4068720755167,-692.0820173767822
mz_air_mappo,MZ Air,MAPPO,1337,133,357504,-670.207102751825,-690.0940905243275
mz_air_mappo,MZ Air,MAPPO,1337,134,360192,-655.2435572362738,-687.3319698596839
mz_air_mappo,MZ Air,MAPPO,1337,135,362880,-657.1669114773395,-686.0522829537939
mz_air_mappo,MZ Air,MAPPO,1337,136,365568,-673.4388527022675,-683.0365777336721
mz_air_mappo,MZ Air,MAPPO,1337,137,368256,-710.1024173607584,-682.4664787462331
mz_air_mappo,MZ Air,MAPPO,1337,138,370944,-681.3828516097274,-681.1008195126391
mz_air_mappo,MZ Air,MAPPO,1337,139,373632,-685.5700424353126,-681.5247642073354
mz_air_mappo,MZ Air,MAPPO,1337,140,376320,-663.8680495969311,-679.8886246653167
mz_air_mappo,MZ Air,MAPPO,1337,141,379008,-663.680813214276,-679.7457277583783
mz_air_mappo,MZ Air,MAPPO,1337,142,381696,-708.9769994840026,-680.5297794099325
mz_air_mappo,MZ Air,MAPPO,1337,143,384384,-709.7806760470849,-681.7624369276037
mz_air_mappo,MZ Air,MAPPO,1337,144,387072,-705.0914543080144,-682.3174674780545
mz_air_mappo,MZ Air,MAPPO,1337,145,389760,-710.2462386244442,-683.541229140484
mz_air_mappo,MZ Air,MAPPO,1337,146,392448,-695.7958754221909,-684.6714581856785
mz_air_mappo,MZ Air,MAPPO,1337,147,395136,-712.4043390030856,-684.7409760695058
mz_air_mappo,MZ Air,MAPPO,1337,148,397824,-695.0480248050299,-683.8182688425518
mz_air_mappo,MZ Air,MAPPO,1337,149,400512,-715.0292469975539,-683.4875702781826
mz_air_mappo,MZ Air,MAPPO,1337,150,403200,-734.0719537983969,-684.3713363398085
mz_air_mappo,MZ Air,MAPPO,1337,151,405888,-701.7687204391696,-684.0560068416318
mz_air_mappo,MZ Air,MAPPO,1337,152,408576,-734.5793959283037,-684.5027440495658
mz_air_mappo,MZ Air,MAPPO,1337,153,411264,-702.042091798503,-685.8012904854515
mz_air_mappo,MZ Air,MAPPO,1337,154,413952,-705.8740804521367,-687.2338177171715
mz_air_mappo,MZ Air,MAPPO,1337,155,416640,-739.5970783147495,-689.9768569721865
mz_air_mappo,MZ Air,MAPPO,1337,156,419328,-685.5669407283422,-690.5050356741087
mz_air_mappo,MZ Air,MAPPO,1337,157,422016,-684.6637219064287,-691.2395279945111
mz_air_mappo,MZ Air,MAPPO,1337,158,424704,-692.5727873058058,-691.8032376608894
mz_air_mappo,MZ Air,MAPPO,1337,159,427392,-691.0825888586696,-692.9634956976404
mz_air_mappo,MZ Air,MAPPO,1337,160,430080,-682.5910384613089,-693.4343330521995
mz_air_mappo,MZ Air,MAPPO,1337,161,432768,-676.1997415955411,-693.8016821579663
mz_air_mappo,MZ Air,MAPPO,1337,162,435456,-688.7670565115404,-694.4136883058338
mz_air_mappo,MZ Air,MAPPO,1337,163,438144,-663.5205142467748,-694.1908020223322
mz_air_mappo,MZ Air,MAPPO,1337,164,440832,-676.5835164432647,-694.9021339958985
mz_air_mappo,MZ Air,MAPPO,1337,165,443520,-678.6555890978198,-695.6184232499145
mz_air_mappo,MZ Air,MAPPO,1337,166,446208,-672.6853953707032,-695.593308005529
mz_air_mappo,MZ Air,MAPPO,1337,167,448896,-684.8201429737965,-694.7505655259636
mz_air_mappo,MZ Air,MAPPO,1337,168,451584,-683.1496134932095,-694.8094575887463
mz_air_mappo,MZ Air,MAPPO,1337,169,454272,-680.1863574563904,-694.6300014227822
mz_air_mappo,MZ Air,MAPPO,1337,170,456960,-682.5131807550788,-695.2515057947205
mz_air_mappo,MZ Air,MAPPO,1337,171,459648,-685.6023771379841,-695.9822245921774
mz_air_mappo,MZ Air,MAPPO,1337,172,462336,-667.9521919958643,-694.6147310092396
mz_air_mappo,MZ Air,MAPPO,1337,173,465024,-692.2115901776124,-694.0290948135904
mz_air_mappo,MZ Air,MAPPO,1337,174,467712,-703.4127156344475,-693.9731368578049
mz_air_mappo,MZ Air,MAPPO,1337,175,470400,-713.2022542651976,-694.0716707124967
mz_air_mappo,MZ Air,MAPPO,2026,1,2688,-1016.5868834136054,-1016.5868834136054
mz_air_mappo,MZ Air,MAPPO,2026,2,5376,-1052.680388881825,-1034.6336361477152
mz_air_mappo,MZ Air,MAPPO,2026,3,8064,-1048.742779838387,-1039.3366840446058
mz_air_mappo,MZ Air,MAPPO,2026,4,10752,-958.0644589075819,-1019.0186277603498
mz_air_mappo,MZ Air,MAPPO,2026,5,13440,-970.9853565441445,-1009.4119735171087
mz_air_mappo,MZ Air,MAPPO,2026,6,16128,-951.7812692085281,-999.8068561323453
mz_air_mappo,MZ Air,MAPPO,2026,7,18816,-955.2762018181384,-993.4453340874586
mz_air_mappo,MZ Air,MAPPO,2026,8,21504,-902.7788004325703,-982.1120173805975
mz_air_mappo,MZ Air,MAPPO,2026,9,24192,-922.4076853450388,-975.4782027099799
mz_air_mappo,MZ Air,MAPPO,2026,10,26880,-888.753508345224,-966.8057332735043
mz_air_mappo,MZ Air,MAPPO,2026,11,29568,-861.794853518717,-957.2592896594327
mz_air_mappo,MZ Air,MAPPO,2026,12,32256,-855.3399252016097,-948.7660092879474
mz_air_mappo,MZ Air,MAPPO,2026,13,34944,-874.0267486572266,-943.0168353932767
mz_air_mappo,MZ Air,MAPPO,2026,14,37632,-822.8506986908615,-934.4335399145327
mz_air_mappo,MZ Air,MAPPO,2026,15,40320,-806.3201276604086,-925.8926457642577
mz_air_mappo,MZ Air,MAPPO,2026,16,43008,-800.3352429931983,-918.0453080910665
mz_air_mappo,MZ Air,MAPPO,2026,17,45696,-823.0973397968337,-912.4601334855234
mz_air_mappo,MZ Air,MAPPO,2026,18,48384,-794.6566559225321,-905.915495843135
mz_air_mappo,MZ Air,MAPPO,2026,19,51072,-780.4577266722918,-899.312455360459
mz_air_mappo,MZ Air,MAPPO,2026,20,53760,-778.1287154266611,-893.2532683637692
mz_air_mappo,MZ Air,MAPPO,2026,21,56448,-780.8665770934895,-887.9015211604225
mz_air_mappo,MZ Air,MAPPO,2026,22,59136,-781.8159720115364,-883.079450744564
mz_air_mappo,MZ Air,MAPPO,2026,23,61824,-777.5892387349159,-878.4929197876228
mz_air_mappo,MZ Air,MAPPO,2026,24,64512,-784.2629615995102,-874.5666715297848
mz_air_mappo,MZ Air,MAPPO,2026,25,67200,-776.6258449433371,-870.6490384663269
mz_air_mappo,MZ Air,MAPPO,2026,26,69888,-792.7810440273024,-867.6541156032874
mz_air_mappo,MZ Air,MAPPO,2026,27,72576,-782.2714105155319,-864.4917931926299
mz_air_mappo,MZ Air,MAPPO,2026,28,75264,-787.5706733074039,-861.7446103395861
mz_air_mappo,MZ Air,MAPPO,2026,29,77952,-775.928647194989,-858.7854391966689
mz_air_mappo,MZ Air,MAPPO,2026,30,80640,-750.5730435084552,-855.1783593403951
mz_air_mappo,MZ Air,MAPPO,2026,31,83328,-750.4840291813016,-846.3082641993184
mz_air_mappo,MZ Air,MAPPO,2026,32,86016,-741.0724727008492,-835.9213336599526
mz_air_mappo,MZ Air,MAPPO,2026,33,88704,-744.9617231497541,-825.7952984369981
mz_air_mappo,MZ Air,MAPPO,2026,34,91392,-729.0844903206453,-818.1626328174335
mz_air_mappo,MZ Air,MAPPO,2026,35,94080,-730.5519676879048,-810.1481865222255
mz_air_mappo,MZ Air,MAPPO,2026,36,96768,-724.5828655716032,-802.5749064009947
mz_air_mappo,MZ Air,MAPPO,2026,37,99456,-719.2642133561894,-794.7078401189298
mz_air_mappo,MZ Air,MAPPO,2026,38,102144,-716.0849033193663,-788.4847102151563
mz_air_mappo,MZ Air,MAPPO,2026,39,104832,-702.4883332969621,-781.1540651468871
mz_air_mappo,MZ Air,MAPPO,2026,40,107520,-692.4641589755192,-774.6110868345636
mz_air_mappo,MZ Air,MAPPO,2026,41,110208,-692.9935111282393,-768.9843754215476
mz_air_mappo,MZ Air,MAPPO,2026,42,112896,-692.1999376381282,-763.5463758360983
mz_air_mappo,MZ Air,MAPPO,2026,43,115584,-679.7646934357472,-757.0709739953822
mz_air_mappo,MZ Air,MAPPO,2026,44,118272,-685.7630906179547,-752.5013870596188
mz_air_mappo,MZ Air,MAPPO,2026,45,120960,-681.5084509756416,-748.3409978367931
mz_air_mappo,MZ Air,MAPPO,2026,46,123648,-687.164088148158,-744.5686260086252
mz_air_mappo,MZ Air,MAPPO,2026,47,126336,-680.0149565031752,-739.7992132321699
mz_air_mappo,MZ Air,MAPPO,2026,48,129024,-684.2967766192742,-736.120550588728
mz_air_mappo,MZ Air,MAPPO,2026,49,131712,-678.3262608647346,-732.7161683951427
mz_air_mappo,MZ Air,MAPPO,2026,50,134400,-674.1325612040237,-729.2496299210547
mz_air_mappo,MZ Air,MAPPO,2026,51,137088,-671.2123167421669,-725.594487909344
mz_air_mappo,MZ Air,MAPPO,2026,52,139776,-681.3710663532838,-722.2463243874023
mz_air_mappo,MZ Air,MAPPO,2026,53,142464,-684.5244601545855,-719.1441651013913
mz_air_mappo,MZ Air,MAPPO,2026,54,145152,-679.4566638981923,-715.6506218446807
mz_air_mappo,MZ Air,MAPPO,2026,55,147840,-679.2369315649848,-712.404324732069
mz_air_mappo,MZ Air,MAPPO,2026,56,150528,-674.2519004046917,-708.4533532779819
mz_air_mappo,MZ Air,MAPPO,2026,57,153216,-669.5834565246478,-704.6970881449524
mz_air_mappo,MZ Air,MAPPO,2026,58,155904,-662.7050690557808,-700.534901336565
mz_air_mappo,MZ Air,MAPPO,2026,59,158592,-661.4363060323521,-696.718489964477
mz_air_mappo,MZ Air,MAPPO,2026,60,161280,-666.2062586047687,-693.9062638010208
mz_air_mappo,MZ Air,MAPPO,2026,61,163968,-662.5159090352245,-690.9739931294849
mz_air_mappo,MZ Air,MAPPO,2026,62,166656,-659.8791218730621,-688.2675481018921
mz_air_mappo,MZ Air,MAPPO,2026,63,169344,-654.3379368465394,-685.2467552251182
mz_air_mappo,MZ Air,MAPPO,2026,64,172032,-664.4746805476025,-683.0930948993501
mz_air_mappo,MZ Air,MAPPO,2026,65,174720,-661.4926520157605,-680.7911177102786
mz_air_mappo,MZ Air,MAPPO,2026,66,177408,-661.7440589107573,-678.6964908215838
mz_air_mappo,MZ Air,MAPPO,2026,67,180096,-669.2825734745711,-677.0304361588632
mz_air_mappo,MZ Air,MAPPO,2026,68,182784,-664.7572326371446,-675.3195138027892
mz_air_mappo,MZ Air,MAPPO,2026,69,185472,-672.7116804197431,-674.3269587068819
mz_air_mappo,MZ Air,MAPPO,2026,70,188160,-674.1731929462403,-673.7172598392392
mz_air_mappo,MZ Air,MAPPO,2026,71,190848,-689.2928051361814,-673.5939029728373
mz_air_mappo,MZ Air,MAPPO,2026,72,193536,-682.5097673460841,-673.2708972964358
mz_air_mappo,MZ Air,MAPPO,2026,73,196224,-682.6560668882448,-673.3672764115191
mz_air_mappo,MZ Air,MAPPO,2026,74,198912,-677.9663868546486,-673.1073862860756
mz_air_mappo,MZ Air,MAPPO,2026,75,201600,-678.9181443904527,-673.021042733236
mz_air_mappo,MZ Air,MAPPO,2026,76,204288,-678.840256457217,-672.7435816768713
mz_air_mappo,MZ Air,MAPPO,2026,77,206976,-669.5424561589025,-672.3944983320621
mz_air_mappo,MZ Air,MAPPO,2026,78,209664,-674.6801602737978,-672.0739444538796
mz_air_mappo,MZ Air,MAPPO,2026,79,212352,-678.6720733297989,-672.0854715360484
mz_air_mappo,MZ Air,MAPPO,2026,80,215040,-683.3548980643973,-672.3928827647275
mz_air_mappo,MZ Air,MAPPO,2026,81,217728,-675.4398702029139,-672.5338012134191
mz_air_mappo,MZ Air,MAPPO,2026,82,220416,-682.0165552087128,-672.5553175086001
mz_air_mappo,MZ Air,MAPPO,2026,83,223104,-678.9941584472544,-672.3709741183557
mz_air_mappo,MZ Air,MAPPO,2026,84,225792,-673.3427599072456,-672.1671773186574
mz_air_mappo,MZ Air,MAPPO,2026,85,228480,-657.8067538999021,-671.4528380631547
mz_air_mappo,MZ Air,MAPPO,2026,86,231168,-669.7897106260061,-671.3040984038652
mz_air_mappo,MZ Air,MAPPO,2026,87,233856,-669.220436135307,-671.2919977242204
mz_air_mappo,MZ Air,MAPPO,2026,88,236544,-679.6087444871664,-671.8554535719334
mz_air_mappo,MZ Air,MAPPO,2026,89,239232,-667.79573872732,-672.0674346617656
mz_air_mappo,MZ Air,MAPPO,2026,90,241920,-667.9220140334219,-672.1246265093873
mz_air_mappo,MZ Air,MAPPO,2026,91,244608,-674.1909401589073,-672.5137942135101
mz_air_mappo,MZ Air,MAPPO,2026,92,247296,-664.9354081824422,-672.6823370904895
mz_air_mappo,MZ Air,MAPPO,2026,93,249984,-662.9598972282838,-672.9697357698809
mz_air_mappo,MZ Air,MAPPO,2026,94,252672,-665.3572062253952,-672.999153292474
mz_air_mappo,MZ Air,MAPPO,2026,95,255360,-663.870351722464,-673.0784099493642
mz_air_mappo,MZ Air,MAPPO,2026,96,258048,-656.0076706716791,-672.8871970080615
mz_air_mappo,MZ Air,MAPPO,2026,97,260736,-651.5243321266025,-672.2952556297959
mz_air_mappo,MZ Air,MAPPO,2026,98,263424,-653.4673503665254,-671.9189262207752
mz_air_mappo,MZ Air,MAPPO,2026,99,266112,-657.6709373975173,-671.4175681200344
mz_air_mappo,MZ Air,MAPPO,2026,100,268800,-666.0089413700625,-671.1454264008285
mz_air_mappo,MZ Air,MAPPO,2026,101,271488,-662.6834757905453,-670.258448755974
mz_air_mappo,MZ Air,MAPPO,2026,102,274176,-665.7806977545843,-669.7008131029239
mz_air_mappo,MZ Air,MAPPO,2026,103,276864,-669.0640753600746,-669.2477467186516
mz_air_mappo,MZ Air,MAPPO,2026,104,279552,-663.3024941273034,-668.7589502944068
mz_air_mappo,MZ Air,MAPPO,2026,105,282240,-661.0815863283351,-668.1643983590028
mz_air_mappo,MZ Air,MAPPO,2026,106,284928,-658.2818047041073,-667.4791166338993
mz_air_mappo,MZ Air,MAPPO,2026,107,287616,-652.9773405767046,-666.9269461144926
mz_air_mappo,MZ Air,MAPPO,2026,108,290304,-661.1307107713073,-666.4752977977429
mz_air_mappo,MZ Air,MAPPO,2026,109,292992,-663.5852902950719,-665.9724050299187
mz_air_mappo,MZ Air,MAPPO,2026,110,295680,-653.892661791062,-664.9903304874741
mz_air_mappo,MZ Air,MAPPO,2026,111,298368,-658.122554117348,-664.4130866179553
mz_air_mappo,MZ Air,MAPPO,2026,112,301056,-654.8929780963808,-663.5089673808776
mz_air_mappo,MZ Air,MAPPO,2026,113,303744,-668.378210564144,-663.1551024514406
mz_air_mappo,MZ Air,MAPPO,2026,114,306432,-649.1961016599089,-662.350213843196
mz_air_mappo,MZ Air,MAPPO,2026,115,309120,-647.7245909054764,-662.0141417433819
mz_air_mappo,MZ Air,MAPPO,2026,116,311808,-643.1064440533519,-661.1246995242933
mz_air_mappo,MZ Air,MAPPO,2026,117,314496,-639.4853468877263,-660.1335298827073
mz_air_mappo,MZ Air,MAPPO,2026,118,317184,-639.3530609435402,-658.7916737645864
mz_air_mappo,MZ Air,MAPPO,2026,119,319872,-641.8637864585035,-657.9272753556259
mz_air_mappo,MZ Air,MAPPO,2026,120,322560,-643.6269677677192,-657.1174404801025
mz_air_mappo,MZ Air,MAPPO,2026,121,325248,-638.483168842271,-655.9271814362146
mz_air_mappo,MZ Air,MAPPO,2026,122,327936,-645.2110039470717,-655.2697012950356
mz_air_mappo,MZ Air,MAPPO,2026,123,330624,-651.6051797764376,-654.8912107133074
mz_air_mappo,MZ Air,MAPPO,2026,124,333312,-646.6761897429824,-654.2685101638937
mz_air_mappo,MZ Air,MAPPO,2026,125,336000,-652.8947483752854,-653.9026567189877
mz_air_mappo,MZ Air,MAPPO,2026,126,338688,-647.9796483875252,-653.6350559761826
mz_air_mappo,MZ Air,MAPPO,2026,127,341376,-650.7939977506176,-653.6107114969831
mz_air_mappo,MZ Air,MAPPO,2026,128,344064,-648.3865592004731,-653.4413517914479
mz_air_mappo,MZ Air,MAPPO,2026,129,346752,-652.0297985528596,-653.2533138299593
mz_air_mappo,MZ Air,MAPPO,2026,130,349440,-657.2168458830565,-652.9602439803925
mz_air_mappo,MZ Air,MAPPO,2026,131,352128,-654.7184845842421,-652.6947442735158
mz_air_mappo,MZ Air,MAPPO,2026,132,354816,-670.9261482739821,-652.866259290829
mz_air_mappo,MZ Air,MAPPO,2026,133,357504,-655.6760303601623,-652.4199911241652
mz_air_mappo,MZ Air,MAPPO,2026,134,360192,-667.8014769540168,-652.569957218389
mz_air_mappo,MZ Air,MAPPO,2026,135,362880,-652.4015444922261,-652.2806224905187
mz_air_mappo,MZ Air,MAPPO,2026,136,365568,-674.4448746247217,-652.8193914878725
mz_air_mappo,MZ Air,MAPPO,2026,137,368256,-675.3540199301206,-653.5652807996531
mz_air_mappo,MZ Air,MAPPO,2026,138,370944,-670.6162872556597,-653.8814666824649
mz_air_mappo,MZ Air,MAPPO,2026,139,373632,-679.0887557747774,-654.3982488651217
mz_air_mappo,MZ Air,MAPPO,2026,140,376320,-674.5779936895706,-655.0877599284053
mz_air_mappo,MZ Air,MAPPO,2026,141,379008,-683.5708618159406,-655.9360368516917
mz_air_mappo,MZ Air,MAPPO,2026,142,381696,-685.9858168228529,-656.9724648092408
mz_air_mappo,MZ Air,MAPPO,2026,143,384384,-691.7230744259432,-657.7506269379675
mz_air_mappo,MZ Air,MAPPO,2026,144,387072,-714.350049553439,-659.922425201085
mz_air_mappo,MZ Air,MAPPO,2026,145,389760,-728.7681937636808,-662.623878629692
mz_air_mappo,MZ Air,MAPPO,2026,146,392448,-708.2871958962642,-664.7965703577889
mz_air_mappo,MZ Air,MAPPO,2026,147,395136,-705.9448617119342,-667.0118875185959
mz_air_mappo,MZ Air,MAPPO,2026,148,397824,-699.379866101779,-669.0127810238705
mz_air_mappo,MZ Air,MAPPO,2026,149,400512,-711.111336490605,-671.3210326916072
mz_air_mappo,MZ Air,MAPPO,2026,150,403200,-719.6753059024923,-673.8559772960997
mz_air_mappo,MZ Air,MAPPO,2026,151,405888,-707.5054561169818,-676.1567202052568
mz_air_mappo,MZ Air,MAPPO,2026,152,408576,-710.4150214171968,-678.3301874542609
mz_air_mappo,MZ Air,MAPPO,2026,153,411264,-714.40411783522,-680.4234853895537
mz_air_mappo,MZ Air,MAPPO,2026,154,413952,-711.4518332695588,-682.5826735071062
mz_air_mappo,MZ Air,MAPPO,2026,155,416640,-703.8802503291517,-684.2821902389018
mz_air_mappo,MZ Air,MAPPO,2026,156,419328,-699.2002977384254,-685.9895452172651
mz_air_mappo,MZ Air,MAPPO,2026,157,422016,-718.3463457198814,-688.2412901495738
mz_air_mappo,MZ Air,MAPPO,2026,158,424704,-698.7394908554852,-689.9197212047409
mz_air_mappo,MZ Air,MAPPO,2026,159,427392,-711.2434950470924,-691.8935110878821
mz_air_mappo,MZ Air,MAPPO,2026,160,430080,-716.4348764405586,-693.8674454397988
mz_air_mappo,MZ Air,MAPPO,2026,161,432768,-722.9981310367584,-696.1434336548826
mz_air_mappo,MZ Air,MAPPO,2026,162,435456,-715.8521751416847,-697.6409678838061
mz_air_mappo,MZ Air,MAPPO,2026,163,438144,-704.9715578495525,-699.2841521334524
mz_air_mappo,MZ Air,MAPPO,2026,164,440832,-693.9012083937414,-700.1541431814433
mz_air_mappo,MZ Air,MAPPO,2026,165,443520,-699.2970603872091,-701.7173270446093
mz_air_mappo,MZ Air,MAPPO,2026,166,446208,-664.0386208239943,-701.3704519179184
mz_air_mappo,MZ Air,MAPPO,2026,167,448896,-669.4814712940715,-701.1747002967168
mz_air_mappo,MZ Air,MAPPO,2026,168,451584,-670.9092512549832,-701.1844657633609
mz_air_mappo,MZ Air,MAPPO,2026,169,454272,-683.2274335287511,-701.3224216884934
mz_air_mappo,MZ Air,MAPPO,2026,170,456960,-688.7105947323143,-701.7935083899181
mz_air_mappo,MZ Air,MAPPO,2026,171,459648,-680.2939023026265,-701.684276406141
mz_air_mappo,MZ Air,MAPPO,2026,172,462336,-686.0167526893783,-701.6853076016919
mz_air_mappo,MZ Air,MAPPO,2026,173,465024,-666.0857502231374,-700.830730128265
mz_air_mappo,MZ Air,MAPPO,2026,174,467712,-683.5841550799087,-699.8052003124807
mz_air_mappo,MZ Air,MAPPO,2026,175,470400,-668.5519340676256,-697.7979916559455
